exercicio,periodo,uf,cod_conta,conta,valor,populacao,uf_nome
2015,1,PE,ReceitasExcetoIntraOrcamentarias,RECEITAS (EXCETO INTRA-ORÇAMENTÁRIAS) (I),4386420693.82,9277727,Pernambuco
2015,1,PE,ReceitasCorrentes,RECEITAS CORRENTES,4295460513.94,9277727,Pernambuco
2015,1,PE,ReceitaTributaria,RECEITA TRIBUTÁRIA,2356130239.58,9277727,Pernambuco
2015,1,PE,TransferenciasCorrentes,TRANSFERÊNCIAS CORRENTES,1633166194.34,9277727,Pernambuco
2015,1,PE,ReceitasDeCapital,RECEITAS DE CAPITAL,90960179.88,9277727,Pernambuco
2015,2,PE,ReceitasExcetoIntraOrcamentarias,RECEITAS (EXCETO INTRA-ORÇAMENTÁRIAS) (I),8608731686.2,9277727,Pernambuco
2015,2,PE,ReceitasCorrentes,RECEITAS CORRENTES,8478428399.62,9277727,Pernambuco
2015,2,PE,ReceitaTributaria,RECEITA TRIBUTÁRIA,4755940420.4,9277727,Pernambuco
2015,2,PE,TransferenciasCorrentes,TRANSFERÊNCIAS CORRENTES,3050682961.77,9277727,Pernambuco
2015,2,PE,ReceitasDeCapital,RECEITAS DE CAPITAL,130303286.58,9277727,Pernambuco
2015,3,PE,ReceitasExcetoIntraOrcamentarias,RECEITAS (EXCETO INTRA-ORÇAMENTÁRIAS) (I),12513799337.36,9277727,Pernambuco
2015,3,PE,ReceitasCorrentes,RECEITAS CORRENTES,12314700014.76,9277727,Pernambuco
2015,3,PE,ReceitaTributaria,RECEITA TRIBUTÁRIA,6809683451.45,9277727,Pernambuco
2015,3,PE,TransferenciasCorrentes,TRANSFERÊNCIAS CORRENTES,4503052542.03,9277727,Pernambuco
2015,3,PE,ReceitasDeCapital,RECEITAS DE CAPITAL,199099322.6,9277727,Pernambuco
2015,4,PE,ReceitasExcetoIntraOrcamentarias,RECEITAS (EXCETO INTRA-ORÇAMENTÁRIAS) (I),16247754081.28,9277727,Pernambuco
2015,4,PE,ReceitasCorrentes,RECEITAS CORRENTES,15915940686.43,9277727,Pernambuco
2015,4,PE,ReceitaTributaria,RECEITA TRIBUTÁRIA,8863925086.94,9277727,Pernambuco
2015,4,PE,TransferenciasCorrentes,TRANSFERÊNCIAS CORRENTES,5720879126.34,9277727,Pernambuco
2015,4,PE,ReceitasDeCapital,RECEITAS DE CAPITAL,331813394.85,9277727,Pernambuco
2015,5,PE,ReceitasExcetoIntraOrcamentarias,RECEITAS (EXCETO INTRA-ORÇAMENTÁRIAS) (I),19910735039.88,9277727,Pernambuco
2015,5,PE,ReceitasCorrentes,RECEITAS CORRENTES,19514856584.48,9277727,Pernambuco
2015,5,PE,ReceitaTributaria,RECEITA TRIBUTÁRIA,10929790499.91,9277727,Pernambuco
2015,5,PE,TransferenciasCorrentes,TRANSFERÊNCIAS CORRENTES,6902891329.3,9277727,Pernambuco
2015,5,PE,ReceitasDeCapital,RECEITAS DE CAPITAL,395878455.4,9277727,Pernambuco
2015,6,PE,ReceitasExcetoIntraOrcamentarias,RECEITAS (EXCETO INTRA-ORÇAMENTÁRIAS) (I),24871841249.21,9277727,Pernambuco
2015,6,PE,ReceitasCorrentes,RECEITAS CORRENTES,24209676377.38,9277727,Pernambuco
2015,6,PE,ReceitaTributaria,RECEITA TRIBUTÁRIA,13022800979.35,9277727,Pernambuco
2015,6,PE,TransferenciasCorrentes,TRANSFERÊNCIAS CORRENTES,8329281163.23,9277727,Pernambuco
2015,6,PE,ReceitasDeCapital,RECEITAS DE CAPITAL,662164871.83,9277727,Pernambuco
2016,1,PE,ReceitasExcetoIntraOrcamentarias,RECEITAS (EXCETO INTRA-ORÇAMENTÁRIAS) (I),4265540109.43,9345173,Pernambuco
2016,1,PE,ReceitasCorrentes,RECEITAS CORRENTES,4230252919.62,9345173,Pernambuco
2016,1,PE,ReceitaTributaria,RECEITA TRIBUTÁRIA,2316180972.04,9345173,Pernambuco
2016,1,PE,TransferenciasCorrentes,TRANSFERÊNCIAS CORRENTES,1550758436.88,9345173,Pernambuco
2016,1,PE,ReceitasDeCapital,RECEITAS DE CAPITAL,35287189.81,9345173,Pernambuco
2016,2,PE,ReceitasExcetoIntraOrcamentarias,RECEITAS (EXCETO INTRA-ORÇAMENTÁRIAS) (I),8691807878.44,9345173,Pernambuco
2016,2,PE,ReceitasCorrentes,RECEITAS CORRENTES,8572156359.2,9345173,Pernambuco
2016,2,PE,ReceitaTributaria,RECEITA TRIBUTÁRIA,4966813322.96,9345173,Pernambuco
2016,2,PE,TransferenciasCorrentes,TRANSFERÊNCIAS CORRENTES,2868725825.51,9345173,Pernambuco
2016,2,PE,ReceitasDeCapital,RECEITAS DE CAPITAL,119651519.24,9345173,Pernambuco
2016,3,PE,ReceitasExcetoIntraOrcamentarias,RECEITAS (EXCETO INTRA-ORÇAMENTÁRIAS) (I),12936872104.4,9345173,Pernambuco
2016,3,PE,ReceitasCorrentes,RECEITAS CORRENTES,12779402636.3,9345173,Pernambuco
2016,3,PE,ReceitaTributaria,RECEITA TRIBUTÁRIA,7228001792.91,9345173,Pernambuco
2016,3,PE,TransferenciasCorrentes,TRANSFERÊNCIAS CORRENTES,4425936052.2,9345173,Pernambuco
2016,3,PE,ReceitasDeCapital,RECEITAS DE CAPITAL,157469468.1,9345173,Pernambuco
2016,4,PE,ReceitasExcetoIntraOrcamentarias,RECEITAS (EXCETO INTRA-ORÇAMENTÁRIAS) (I),16916005304.37,9345173,Pernambuco
2016,4,PE,ReceitasCorrentes,RECEITAS CORRENTES,16642046111.26,9345173,Pernambuco
2016,4,PE,ReceitaTributaria,RECEITA TRIBUTÁRIA,9435383802.2,9345173,Pernambuco
2016,4,PE,TransferenciasCorrentes,TRANSFERÊNCIAS CORRENTES,5672709058.9,9345173,Pernambuco
2016,4,PE,ReceitasDeCapital,RECEITAS DE CAPITAL,273959193.11,9345173,Pernambuco
2016,5,PE,ReceitasExcetoIntraOrcamentarias,RECEITAS (EXCETO INTRA-ORÇAMENTÁRIAS) (I),20813280693.5,9345173,Pernambuco
2016,5,PE,ReceitasCorrentes,RECEITAS CORRENTES,20484937423.66,9345173,Pernambuco
2016,5,PE,ReceitaTributaria,RECEITA TRIBUTÁRIA,11705444873.04,9345173,Pernambuco
2016,5,PE,TransferenciasCorrentes,TRANSFERÊNCIAS CORRENTES,6876429107.4,9345173,Pernambuco
2016,5,PE,ReceitasDeCapital,RECEITAS DE CAPITAL,328343269.84,9345173,Pernambuco
2016,6,PE,ReceitasExcetoIntraOrcamentarias,RECEITAS (EXCETO INTRA-ORÇAMENTÁRIAS) (I),26256391137.61,9345173,Pernambuco
2016,6,PE,ReceitasCorrentes,RECEITAS CORRENTES,25664432682.54,9345173,Pernambuco
2016,6,PE,ReceitaTributaria,RECEITA TRIBUTÁRIA,14108303913.97,9345173,Pernambuco
2016,6,PE,TransferenciasCorrentes,TRANSFERÊNCIAS CORRENTES,8980112401.39,9345173,Pernambuco
2016,6,PE,ReceitasDeCapital,RECEITAS DE CAPITAL,591958455.07,9345173,Pernambuco
2017,1,PE,ReceitasExcetoIntraOrcamentarias,RECEITAS (EXCETO INTRA-ORÇAMENTÁRIAS) (I),5122754317.7,9410336,Pernambuco
2017,1,PE,ReceitasCorrentes,RECEITAS CORRENTES,4988303578.8,9410336,Pernambuco
2017,1,PE,ReceitaTributaria,RECEITA TRIBUTÁRIA,2912407512.14,9410336,Pernambuco
2017,1,PE,TransferenciasCorrentes,TRANSFERÊNCIAS CORRENTES,1648435598.78,9410336,Pernambuco
2017,1,PE,ReceitasDeCapital,RECEITAS DE CAPITAL,134450738.9,9410336,Pernambuco
2017,2,PE,ReceitasExcetoIntraOrcamentarias,RECEITAS (EXCETO INTRA-ORÇAMENTÁRIAS) (I),9432229079.36,9410336,Pernambuco
2017,2,PE,ReceitasCorrentes,RECEITAS CORRENTES,9222746772.73,9410336,Pernambuco
2017,2,PE,ReceitaTributaria,RECEITA TRIBUTÁRIA,5383691986.18,9410336,Pernambuco
2017,2,PE,TransferenciasCorrentes,TRANSFERÊNCIAS CORRENTES,3021106733.51,9410336,Pernambuco
2017,2,PE,ReceitasDeCapital,RECEITAS DE CAPITAL,209482306.63,9410336,Pernambuco
2017,3,PE,ReceitasExcetoIntraOrcamentarias,RECEITAS (EXCETO INTRA-ORÇAMENTÁRIAS) (I),13834464689.82,9410336,Pernambuco
2017,3,PE,ReceitasCorrentes,RECEITAS CORRENTES,13536226601.88,9410336,Pernambuco
2017,3,PE,ReceitaTributaria,RECEITA TRIBUTÁRIA,7751117545.2,9410336,Pernambuco
2017,3,PE,TransferenciasCorrentes,TRANSFERÊNCIAS CORRENTES,4575304459.33,9410336,Pernambuco
2017,3,PE,ReceitasDeCapital,RECEITAS DE CAPITAL,298238087.94,9410336,Pernambuco
2017,4,PE,ReceitasExcetoIntraOrcamentarias,RECEITAS (EXCETO INTRA-ORÇAMENTÁRIAS) (I),18096312289.33,9410336,Pernambuco
2017,4,PE,ReceitasCorrentes,RECEITAS CORRENTES,17688136291.48,9410336,Pernambuco
2017,4,PE,ReceitaTributaria,RECEITA TRIBUTÁRIA,10086377389.31,9410336,Pernambuco
2017,4,PE,TransferenciasCorrentes,TRANSFERÊNCIAS CORRENTES,5915768399.2,9410336,Pernambuco
2017,4,PE,ReceitasDeCapital,RECEITAS DE CAPITAL,408175997.85,9410336,Pernambuco
2017,5,PE,ReceitasExcetoIntraOrcamentarias,RECEITAS (EXCETO INTRA-ORÇAMENTÁRIAS) (I),22507333968.64,9410336,Pernambuco
2017,5,PE,ReceitasCorrentes,RECEITAS CORRENTES,21881499462.13,9410336,Pernambuco
2017,5,PE,ReceitaTributaria,RECEITA TRIBUTÁRIA,12471283376.26,9410336,Pernambuco
2017,5,PE,TransferenciasCorrentes,TRANSFERÊNCIAS CORRENTES,7226943022.83,9410336,Pernambuco
2017,5,PE,ReceitasDeCapital,RECEITAS DE CAPITAL,625834506.51,9410336,Pernambuco
2017,6,PE,ReceitasExcetoIntraOrcamentarias,RECEITAS (EXCETO INTRA-ORÇAMENTÁRIAS) (I),27611935285.76,9410336,Pernambuco
2017,6,PE,ReceitasCorrentes,RECEITAS CORRENTES,26716576161.3,9410336,Pernambuco
2017,6,PE,ReceitaTributaria,RECEITA TRIBUTÁRIA,15179122109.23,9410336,Pernambuco
2017,6,PE,TransferenciasCorrentes,TRANSFERÊNCIAS CORRENTES,8730602794.64,9410336,Pernambuco
2017,6,PE,ReceitasDeCapital,RECEITAS DE CAPITAL,895359124.46,9410336,Pernambuco
2018,1,PE,ReceitasExcetoIntraOrcamentarias,RECEITAS (EXCETO INTRA-ORÇAMENTÁRIAS) (I),5222405630.09,9410336,Pernambuco
2018,1,PE,ReceitasCorrentes,RECEITAS CORRENTES,5186890571.54,9410336,Pernambuco
2018,1,PE,ReceitaTributaria,"IMPOSTOS, TAXAS E CONTRIBUIÇÕES DE MELHORIA",3057931530.1,9410336,Pernambuco
2018,1,PE,TransferenciasCorrentes,TRANSFERÊNCIAS CORRENTES,1696594078.31,9410336,Pernambuco
2018,1,PE,ReceitasDeCapital,RECEITAS DE CAPITAL,35515058.55,9410336,Pernambuco
2018,2,PE,ReceitasExcetoIntraOrcamentarias,RECEITAS (EXCETO INTRA-ORÇAMENTÁRIAS) (I),10254740724.54,9410336,Pernambuco
2018,2,PE,ReceitasCorrentes,RECEITAS CORRENTES,10155307011.88,9410336,Pernambuco
2018,2,PE,ReceitaTributaria,"IMPOSTOS, TAXAS E CONTRIBUIÇÕES DE MELHORIA",6076522469.52,9410336,Pernambuco
2018,2,PE,TransferenciasCorrentes,TRANSFERÊNCIAS CORRENTES,3132741923.12,9410336,Pernambuco
2018,2,PE,ReceitasDeCapital,RECEITAS DE CAPITAL,99433712.66,9410336,Pernambuco
2018,3,PE,ReceitasExcetoIntraOrcamentarias,RECEITAS (EXCETO INTRA-ORÇAMENTÁRIAS) (I),15106266905.12,9410336,Pernambuco
2018,3,PE,ReceitasCorrentes,RECEITAS CORRENTES,14686840164.0,9410336,Pernambuco
2018,3,PE,ReceitaTributaria,"IMPOSTOS, TAXAS E CONTRIBUIÇÕES DE MELHORIA",8581518699.54,9410336,Pernambuco
2018,3,PE,TransferenciasCorrentes,TRANSFERÊNCIAS CORRENTES,4799747787.08,9410336,Pernambuco
2018,3,PE,ReceitasDeCapital,RECEITAS DE CAPITAL,419426741.12,9410336,Pernambuco
2018,4,PE,ReceitasExcetoIntraOrcamentarias,RECEITAS (EXCETO INTRA-ORÇAMENTÁRIAS) (I),19533238315.75,9410336,Pernambuco
2018,4,PE,ReceitasCorrentes,RECEITAS CORRENTES,19088072468.94,9410336,Pernambuco
2018,4,PE,ReceitaTributaria,"IMPOSTOS, TAXAS E CONTRIBUIÇÕES DE MELHORIA",11229677495.21,9410336,Pernambuco
2018,4,PE,TransferenciasCorrentes,TRANSFERÊNCIAS CORRENTES,6156983143.68,9410336,Pernambuco
2018,4,PE,ReceitasDeCapital,RECEITAS DE CAPITAL,445165846.81,9410336,Pernambuco
2018,5,PE,ReceitasExcetoIntraOrcamentarias,RECEITAS (EXCETO INTRA-ORÇAMENTÁRIAS) (I),24107885491.34,9410336,Pernambuco
2018,5,PE,ReceitasCorrentes,RECEITAS CORRENTES,23538044541.0,9410336,Pernambuco
2018,5,PE,ReceitaTributaria,"IMPOSTOS, TAXAS E CONTRIBUIÇÕES DE MELHORIA",14044384275.38,9410336,Pernambuco
2018,5,PE,TransferenciasCorrentes,TRANSFERÊNCIAS CORRENTES,7408296541.13,9410336,Pernambuco
2018,5,PE,ReceitasDeCapital,RECEITAS DE CAPITAL,569840950.34,9410336,Pernambuco
2018,6,PE,ReceitasExcetoIntraOrcamentarias,RECEITAS (EXCETO INTRA-ORÇAMENTÁRIAS) (I),29806433515.44,9410336,Pernambuco
2018,6,PE,ReceitasCorrentes,RECEITAS CORRENTES,28768325286.08,9410336,Pernambuco
2018,6,PE,ReceitaTributaria,"IMPOSTOS, TAXAS E CONTRIBUIÇÕES DE MELHORIA",16852884780.64,9410336,Pernambuco
2018,6,PE,TransferenciasCorrentes,TRANSFERÊNCIAS CORRENTES,9175679328.11,9410336,Pernambuco
2018,6,PE,ReceitasDeCapital,RECEITAS DE CAPITAL,1038108229.36,9410336,Pernambuco
2019,1,PE,ReceitasExcetoIntraOrcamentarias,RECEITAS (EXCETO INTRA-ORÇAMENTÁRIAS) (I),5768730186.69,9496294,Pernambuco
2019,1,PE,ReceitasCorrentes,RECEITAS CORRENTES,5672184132.33,9496294,Pernambuco
2019,1,PE,ReceitaTributaria,"IMPOSTOS, TAXAS E CONTRIBUIÇÕES DE MELHORIA",3442194291.92,9496294,Pernambuco
2019,1,PE,TransferenciasCorrentes,TRANSFERÊNCIAS CORRENTES,1828711135.52,9496294,Pernambuco
2019,1,PE,ReceitasDeCapital,RECEITAS DE CAPITAL,96546054.36,9496294,Pernambuco
2019,2,PE,ReceitasExcetoIntraOrcamentarias,RECEITAS (EXCETO INTRA-ORÇAMENTÁRIAS) (I),10871083013.09,9496294,Pernambuco
2019,2,PE,ReceitasCorrentes,RECEITAS CORRENTES,10701427475.7,9496294,Pernambuco
2019,2,PE,ReceitaTributaria,"IMPOSTOS, TAXAS E CONTRIBUIÇÕES DE MELHORIA",6503713931.76,9496294,Pernambuco
2019,2,PE,TransferenciasCorrentes,TRANSFERÊNCIAS CORRENTES,3402355265.36,9496294,Pernambuco
2019,2,PE,ReceitasDeCapital,RECEITAS DE CAPITAL,169655537.39,9496294,Pernambuco
2019,3,PE,ReceitasExcetoIntraOrcamentarias,RECEITAS (EXCETO INTRA-ORÇAMENTÁRIAS) (I),15840911479.25,9496294,Pernambuco
2019,3,PE,ReceitasCorrentes,RECEITAS CORRENTES,15567342571.09,9496294,Pernambuco
2019,3,PE,ReceitaTributaria,"IMPOSTOS, TAXAS E CONTRIBUIÇÕES DE MELHORIA",9306160837.43,9496294,Pernambuco
2019,3,PE,TransferenciasCorrentes,TRANSFERÊNCIAS CORRENTES,5025599907.93,9496294,Pernambuco
2019,3,PE,ReceitasDeCapital,RECEITAS DE CAPITAL,273568908.16,9496294,Pernambuco
2019,4,PE,ReceitasExcetoIntraOrcamentarias,RECEITAS (EXCETO INTRA-ORÇAMENTÁRIAS) (I),20696359260.17,9496294,Pernambuco
2019,4,PE,ReceitasCorrentes,RECEITAS CORRENTES,20368521276.69,9496294,Pernambuco
2019,4,PE,ReceitaTributaria,"IMPOSTOS, TAXAS E CONTRIBUIÇÕES DE MELHORIA",12250581633.09,9496294,Pernambuco
2019,4,PE,TransferenciasCorrentes,TRANSFERÊNCIAS CORRENTES,6447507940.83,9496294,Pernambuco
2019,4,PE,ReceitasDeCapital,RECEITAS DE CAPITAL,327837983.48,9496294,Pernambuco
2019,5,PE,ReceitasExcetoIntraOrcamentarias,RECEITAS (EXCETO INTRA-ORÇAMENTÁRIAS) (I),25468064304.44,9496294,Pernambuco
2019,5,PE,ReceitasCorrentes,RECEITAS CORRENTES,25153093631.83,9496294,Pernambuco
2019,5,PE,ReceitaTributaria,"IMPOSTOS, TAXAS E CONTRIBUIÇÕES DE MELHORIA",15142475114.08,9496294,Pernambuco
2019,5,PE,TransferenciasCorrentes,TRANSFERÊNCIAS CORRENTES,7832633642.3,9496294,Pernambuco
2019,5,PE,ReceitasDeCapital,RECEITAS DE CAPITAL,314970672.61,9496294,Pernambuco
2019,6,PE,ReceitasExcetoIntraOrcamentarias,RECEITAS (EXCETO INTRA-ORÇAMENTÁRIAS) (I),32216978565.16,9496294,Pernambuco
2019,6,PE,ReceitasCorrentes,RECEITAS CORRENTES,31507832610.99,9496294,Pernambuco
2019,6,PE,ReceitaTributaria,"IMPOSTOS, TAXAS E CONTRIBUIÇÕES DE MELHORIA",18531771580.63,9496294,Pernambuco
2019,6,PE,TransferenciasCorrentes,TRANSFERÊNCIAS CORRENTES,9882792420.87,9496294,Pernambuco
2019,6,PE,ReceitasDeCapital,RECEITAS DE CAPITAL,709145954.17,9496294,Pernambuco
2020,1,PE,ReceitasExcetoIntraOrcamentarias,RECEITAS (EXCETO INTRA-ORÇAMENTÁRIAS) (I),6113263712.15,9557071,Pernambuco
2020,1,PE,ReceitasCorrentes,RECEITAS CORRENTES,6096072689.47,9557071,Pernambuco
2020,1,PE,ReceitaTributaria,"IMPOSTOS, TAXAS E CONTRIBUIÇÕES DE MELHORIA",3740285779.22,9557071,Pernambuco
2020,1,PE,TransferenciasCorrentes,TRANSFERÊNCIAS CORRENTES,1941489696.34,9557071,Pernambuco
2020,1,PE,ReceitasDeCapital,RECEITAS DE CAPITAL,17191022.68,9557071,Pernambuco
2020,2,PE,ReceitasExcetoIntraOrcamentarias,RECEITAS (EXCETO INTRA-ORÇAMENTÁRIAS) (I),11119259838.19,9557071,Pernambuco
2020,2,PE,ReceitasCorrentes,RECEITAS CORRENTES,11058051084.73,9557071,Pernambuco
2020,2,PE,ReceitaTributaria,"IMPOSTOS, TAXAS E CONTRIBUIÇÕES DE MELHORIA",6652178420.3,9557071,Pernambuco
2020,2,PE,TransferenciasCorrentes,TRANSFERÊNCIAS CORRENTES,3598018801.36,9557071,Pernambuco
2020,2,PE,ReceitasDeCapital,RECEITAS DE CAPITAL,61208753.46,9557071,Pernambuco
2020,3,PE,ReceitasExcetoIntraOrcamentarias,RECEITAS (EXCETO INTRA-ORÇAMENTÁRIAS) (I),15877632043.96,9557071,Pernambuco
2020,3,PE,ReceitasCorrentes,RECEITAS CORRENTES,15679581838.16,9557071,Pernambuco
2020,3,PE,ReceitaTributaria,"IMPOSTOS, TAXAS E CONTRIBUIÇÕES DE MELHORIA",8823488067.47,9557071,Pernambuco
2020,3,PE,TransferenciasCorrentes,TRANSFERÊNCIAS CORRENTES,5655546567.3,9557071,Pernambuco
2020,3,PE,ReceitasDeCapital,RECEITAS DE CAPITAL,198050205.8,9557071,Pernambuco
2020,4,PE,ReceitasExcetoIntraOrcamentarias,RECEITAS (EXCETO INTRA-ORÇAMENTÁRIAS) (I),21635722879.48,9557071,Pernambuco
2020,4,PE,ReceitasCorrentes,RECEITAS CORRENTES,21379646287.98,9557071,Pernambuco
2020,4,PE,ReceitaTributaria,"IMPOSTOS, TAXAS E CONTRIBUIÇÕES DE MELHORIA",12033439331.93,9557071,Pernambuco
2020,4,PE,TransferenciasCorrentes,TRANSFERÊNCIAS CORRENTES,7723048418.5,9557071,Pernambuco
2020,4,PE,ReceitasDeCapital,RECEITAS DE CAPITAL,256076591.5,9557071,Pernambuco
2020,5,PE,ReceitasExcetoIntraOrcamentarias,RECEITAS (EXCETO INTRA-ORÇAMENTÁRIAS) (I),27585887026.52,9557071,Pernambuco
2020,5,PE,ReceitasCorrentes,RECEITAS CORRENTES,27287172897.18,9557071,Pernambuco
2020,5,PE,ReceitaTributaria,"IMPOSTOS, TAXAS E CONTRIBUIÇÕES DE MELHORIA",15262673150.16,9557071,Pernambuco
2020,5,PE,TransferenciasCorrentes,TRANSFERÊNCIAS CORRENTES,9893525175.27,9557071,Pernambuco
2020,5,PE,ReceitasDeCapital,RECEITAS DE CAPITAL,298714129.34,9557071,Pernambuco
2020,6,PE,ReceitasExcetoIntraOrcamentarias,RECEITAS (EXCETO INTRA-ORÇAMENTÁRIAS) (I),33921199258.58,9557071,Pernambuco
2020,6,PE,ReceitasCorrentes,RECEITAS CORRENTES,33352652441.39,9557071,Pernambuco
2020,6,PE,ReceitaTributaria,"IMPOSTOS, TAXAS E CONTRIBUIÇÕES DE MELHORIA",18729552644.66,9557071,Pernambuco
2020,6,PE,TransferenciasCorrentes,TRANSFERÊNCIAS CORRENTES,11863813199.79,9557071,Pernambuco
2020,6,PE,ReceitasDeCapital,RECEITAS DE CAPITAL,568546817.19,9557071,Pernambuco
2021,1,PE,ReceitasExcetoIntraOrcamentarias,RECEITAS (EXCETO INTRA-ORÇAMENTÁRIAS) (I),6819427375.86,9616621,Pernambuco
2021,1,PE,ReceitasCorrentes,RECEITAS CORRENTES,6778105589.53,9616621,Pernambuco
2021,1,PE,ReceitaTributaria,"IMPOSTOS, TAXAS E CONTRIBUIÇÕES DE MELHORIA",4174263541.48,9616621,Pernambuco
2021,1,PE,TransferenciasCorrentes,TRANSFERÊNCIAS CORRENTES,2127962594.52,9616621,Pernambuco
2021,1,PE,ReceitasDeCapital,RECEITAS DE CAPITAL,41321786.33,9616621,Pernambuco
2021,2,PE,ReceitasExcetoIntraOrcamentarias,RECEITAS (EXCETO INTRA-ORÇAMENTÁRIAS) (I),12706162078.35,9616621,Pernambuco
2021,2,PE,ReceitasCorrentes,RECEITAS CORRENTES,12611401449.27,9616621,Pernambuco
2021,2,PE,ReceitaTributaria,"IMPOSTOS, TAXAS E CONTRIBUIÇÕES DE MELHORIA",7560048720.69,9616621,Pernambuco
2021,2,PE,TransferenciasCorrentes,TRANSFERÊNCIAS CORRENTES,4081445553.41,9616621,Pernambuco
2021,2,PE,ReceitasDeCapital,RECEITAS DE CAPITAL,94760629.08,9616621,Pernambuco
2021,3,PE,ReceitasExcetoIntraOrcamentarias,RECEITAS (EXCETO INTRA-ORÇAMENTÁRIAS) (I),18714483081.24,9616621,Pernambuco
2021,3,PE,ReceitasCorrentes,RECEITAS CORRENTES,18535949358.42,9616621,Pernambuco
2021,3,PE,ReceitaTributaria,"IMPOSTOS, TAXAS E CONTRIBUIÇÕES DE MELHORIA",10885892160.2,9616621,Pernambuco
2021,3,PE,TransferenciasCorrentes,TRANSFERÊNCIAS CORRENTES,6127841291.17,9616621,Pernambuco
2021,3,PE,ReceitasDeCapital,RECEITAS DE CAPITAL,178533722.82,9616621,Pernambuco
2021,4,PE,ReceitasExcetoIntraOrcamentarias,RECEITAS (EXCETO INTRA-ORÇAMENTÁRIAS) (I),25402467030.54,9616621,Pernambuco
2021,4,PE,ReceitasCorrentes,RECEITAS CORRENTES,25092849931.0,9616621,Pernambuco
2021,4,PE,ReceitaTributaria,"IMPOSTOS, TAXAS E CONTRIBUIÇÕES DE MELHORIA",14835841148.31,9616621,Pernambuco
2021,4,PE,TransferenciasCorrentes,TRANSFERÊNCIAS CORRENTES,8160142408.54,9616621,Pernambuco
2021,4,PE,ReceitasDeCapital,RECEITAS DE CAPITAL,309617099.54,9616621,Pernambuco
2021,5,PE,ReceitasExcetoIntraOrcamentarias,RECEITAS (EXCETO INTRA-ORÇAMENTÁRIAS) (I),32536429067.01,9616621,Pernambuco
2021,5,PE,ReceitasCorrentes,RECEITAS CORRENTES,32001681459.24,9616621,Pernambuco
2021,5,PE,ReceitaTributaria,"IMPOSTOS, TAXAS E CONTRIBUIÇÕES DE MELHORIA",18438180424.37,9616621,Pernambuco
2021,5,PE,TransferenciasCorrentes,TRANSFERÊNCIAS CORRENTES,10134868083.88,9616621,Pernambuco
2021,5,PE,ReceitasDeCapital,RECEITAS DE CAPITAL,534747607.77,9616621,Pernambuco
2021,6,PE,ReceitasExcetoIntraOrcamentarias,RECEITAS (EXCETO INTRA-ORÇAMENTÁRIAS) (I),39369791471.07,9616621,Pernambuco
2021,6,PE,ReceitasCorrentes,RECEITAS CORRENTES,38643460033.44,9616621,Pernambuco
2021,6,PE,ReceitaTributaria,"IMPOSTOS, TAXAS E CONTRIBUIÇÕES DE MELHORIA",22093682279.14,9616621,Pernambuco
2021,6,PE,TransferenciasCorrentes,TRANSFERÊNCIAS CORRENTES,12496357624.47,9616621,Pernambuco
2021,6,PE,ReceitasDeCapital,RECEITAS DE CAPITAL,726331437.63,9616621,Pernambuco
2022,1,PE,ReceitasExcetoIntraOrcamentarias,RECEITAS (EXCETO INTRA-ORÇAMENTÁRIAS) (I),7766172341.34,9674793,Pernambuco
2022,1,PE,ReceitasCorrentes,RECEITAS CORRENTES,7633022611.27,9674793,Pernambuco
2022,1,PE,ReceitaTributaria,"IMPOSTOS, TAXAS E CONTRIBUIÇÕES DE MELHORIA",4453310621.81,9674793,Pernambuco
2022,1,PE,TransferenciasCorrentes,TRANSFERÊNCIAS CORRENTES,2639035860.57,9674793,Pernambuco
2022,1,PE,ReceitasDeCapital,RECEITAS DE CAPITAL,133149730.07,9674793,Pernambuco
2022,2,PE,ReceitasExcetoIntraOrcamentarias,RECEITAS (EXCETO INTRA-ORÇAMENTÁRIAS) (I),14820401078.58,9674793,Pernambuco
2022,2,PE,ReceitasCorrentes,RECEITAS CORRENTES,14555794888.98,9674793,Pernambuco
2022,2,PE,ReceitaTributaria,"IMPOSTOS, TAXAS E CONTRIBUIÇÕES DE MELHORIA",8421313644.45,9674793,Pernambuco
2022,2,PE,TransferenciasCorrentes,TRANSFERÊNCIAS CORRENTES,4944706128.64,9674793,Pernambuco
2022,2,PE,ReceitasDeCapital,RECEITAS DE CAPITAL,264606189.6,9674793,Pernambuco
2022,3,PE,ReceitasExcetoIntraOrcamentarias,RECEITAS (EXCETO INTRA-ORÇAMENTÁRIAS) (I),22116350474.51,9674793,Pernambuco
2022,3,PE,ReceitasCorrentes,RECEITAS CORRENTES,21697249193.41,9674793,Pernambuco
2022,3,PE,ReceitaTributaria,"IMPOSTOS, TAXAS E CONTRIBUIÇÕES DE MELHORIA",12274287605.34,9674793,Pernambuco
2022,3,PE,TransferenciasCorrentes,TRANSFERÊNCIAS CORRENTES,7519182923.84,9674793,Pernambuco
2022,3,PE,ReceitasDeCapital,RECEITAS DE CAPITAL,419101281.1,9674793,Pernambuco
2022,4,PE,ReceitasExcetoIntraOrcamentarias,RECEITAS (EXCETO INTRA-ORÇAMENTÁRIAS) (I),31846797606.25,9674793,Pernambuco
2022,4,PE,ReceitasCorrentes,RECEITAS CORRENTES,30248239259.87,9674793,Pernambuco
2022,4,PE,ReceitaTributaria,"IMPOSTOS, TAXAS E CONTRIBUIÇÕES DE MELHORIA",16070076686.8,9674793,Pernambuco
2022,4,PE,TransferenciasCorrentes,TRANSFERÊNCIAS CORRENTES,11555219888.21,9674793,Pernambuco
2022,4,PE,ReceitasDeCapital,RECEITAS DE CAPITAL,1598558346.38,9674793,Pernambuco
2022,5,PE,ReceitasExcetoIntraOrcamentarias,RECEITAS (EXCETO INTRA-ORÇAMENTÁRIAS) (I),38589529343.79,9674793,Pernambuco
2022,5,PE,ReceitasCorrentes,RECEITAS CORRENTES,36939924816.01,9674793,Pernambuco
2022,5,PE,ReceitaTributaria,"IMPOSTOS, TAXAS E CONTRIBUIÇÕES DE MELHORIA",19826134204.59,9674793,Pernambuco
2022,5,PE,TransferenciasCorrentes,TRANSFERÊNCIAS CORRENTES,13746711521.32,9674793,Pernambuco
2022,5,PE,ReceitasDeCapital,RECEITAS DE CAPITAL,1649604527.78,9674793,Pernambuco
2022,6,PE,ReceitasExcetoIntraOrcamentarias,RECEITAS (EXCETO INTRA-ORÇAMENTÁRIAS) (I),46353829610.15,9674793,Pernambuco
2022,6,PE,ReceitasCorrentes,RECEITAS CORRENTES,44606994554.84,9674793,Pernambuco
2022,6,PE,ReceitaTributaria,"IMPOSTOS, TAXAS E CONTRIBUIÇÕES DE MELHORIA",23568155547.3,9674793,Pernambuco
2022,6,PE,TransferenciasCorrentes,TRANSFERÊNCIAS CORRENTES,16803669772.08,9674793,Pernambuco
2022,6,PE,ReceitasDeCapital,RECEITAS DE CAPITAL,1746835055.31,9674793,Pernambuco
2023,1,PE,ReceitasExcetoIntraOrcamentarias,RECEITAS (EXCETO INTRA-ORÇAMENTÁRIAS) (I),8444286981.23,9674793,Pernambuco
2023,1,PE,ReceitasCorrentes,RECEITAS CORRENTES,8309005109.24,9674793,Pernambuco
2023,1,PE,ReceitaTributaria,"IMPOSTOS, TAXAS E CONTRIBUIÇÕES DE MELHORIA",4641658927.84,9674793,Pernambuco
2023,1,PE,TransferenciasCorrentes,TRANSFERÊNCIAS CORRENTES,3071413135.91,9674793,Pernambuco
2023,1,PE,ReceitasDeCapital,RECEITAS DE CAPITAL,135281871.99,9674793,Pernambuco
2023,2,PE,ReceitasExcetoIntraOrcamentarias,RECEITAS (EXCETO INTRA-ORÇAMENTÁRIAS) (I),15699741476.99,9674793,Pernambuco
2023,2,PE,ReceitasCorrentes,RECEITAS CORRENTES,15456081900.54,9674793,Pernambuco
2023,2,PE,ReceitaTributaria,"IMPOSTOS, TAXAS E CONTRIBUIÇÕES DE MELHORIA",8710677169.76,9674793,Pernambuco
2023,2,PE,TransferenciasCorrentes,TRANSFERÊNCIAS CORRENTES,5425522877.06,9674793,Pernambuco
2023,2,PE,ReceitasDeCapital,RECEITAS DE CAPITAL,243659576.45,9674793,Pernambuco
2023,3,PE,ReceitasExcetoIntraOrcamentarias,RECEITAS (EXCETO INTRA-ORÇAMENTÁRIAS) (I),24211057339.26,9674793,Pernambuco
2023,3,PE,ReceitasCorrentes,RECEITAS CORRENTES,23936319757.66,9674793,Pernambuco
2023,3,PE,ReceitaTributaria,"IMPOSTOS, TAXAS E CONTRIBUIÇÕES DE MELHORIA",12183264037.52,9674793,Pernambuco
2023,3,PE,TransferenciasCorrentes,TRANSFERÊNCIAS CORRENTES,9720048802.99,9674793,Pernambuco
2023,3,PE,ReceitasDeCapital,RECEITAS DE CAPITAL,274737581.6,9674793,Pernambuco
2023,4,PE,ReceitasExcetoIntraOrcamentarias,RECEITAS (EXCETO INTRA-ORÇAMENTÁRIAS) (I),31960554595.06,9674793,Pernambuco
2023,4,PE,ReceitasCorrentes,RECEITAS CORRENTES,30863202869.43,9674793,Pernambuco
2023,4,PE,ReceitaTributaria,"IMPOSTOS, TAXAS E CONTRIBUIÇÕES DE MELHORIA",16018329985.97,9674793,Pernambuco
2023,4,PE,TransferenciasCorrentes,TRANSFERÊNCIAS CORRENTES,12049186063.65,9674793,Pernambuco
2023,4,PE,ReceitasDeCapital,RECEITAS DE CAPITAL,1097351725.63,9674793,Pernambuco
2023,5,PE,ReceitasExcetoIntraOrcamentarias,RECEITAS (EXCETO INTRA-ORÇAMENTÁRIAS) (I),38830286638.38,9674793,Pernambuco
2023,5,PE,ReceitasCorrentes,RECEITAS CORRENTES,37649717572.01,9674793,Pernambuco
2023,5,PE,ReceitaTributaria,"IMPOSTOS, TAXAS E CONTRIBUIÇÕES DE MELHORIA",19853088312.2,9674793,Pernambuco
2023,5,PE,TransferenciasCorrentes,TRANSFERÊNCIAS CORRENTES,14293808218.43,9674793,Pernambuco
2023,5,PE,ReceitasDeCapital,RECEITAS DE CAPITAL,1180569066.37,9674793,Pernambuco
2023,6,PE,ReceitasExcetoIntraOrcamentarias,RECEITAS (EXCETO INTRA-ORÇAMENTÁRIAS) (I),47303187650.59,9674793,Pernambuco
2023,6,PE,ReceitasCorrentes,RECEITAS CORRENTES,46026391929.82,9674793,Pernambuco
2023,6,PE,ReceitaTributaria,"IMPOSTOS, TAXAS E CONTRIBUIÇÕES DE MELHORIA",24221514202.45,9674793,Pernambuco
2023,6,PE,TransferenciasCorrentes,TRANSFERÊNCIAS CORRENTES,17332202755.3,9674793,Pernambuco
2023,6,PE,ReceitasDeCapital,RECEITAS DE CAPITAL,1276795720.77,9674793,Pernambuco
2024,1,PE,ReceitasExcetoIntraOrcamentarias,RECEITAS (EXCETO INTRA-ORÇAMENTÁRIAS) (I),8498746847.1,9051113,Pernambuco
2024,1,PE,ReceitasCorrentes,RECEITAS CORRENTES,8114955861.1,9051113,Pernambuco
2024,1,PE,ReceitaTributaria,"IMPOSTOS, TAXAS E CONTRIBUIÇÕES DE MELHORIA",3916801172.36,9051113,Pernambuco
2024,1,PE,TransferenciasCorrentes,TRANSFERÊNCIAS CORRENTES,3455830366.84,9051113,Pernambuco
2024,1,PE,ReceitasDeCapital,RECEITAS DE CAPITAL,383790986.0,9051113,Pernambuco
2024,2,PE,ReceitasExcetoIntraOrcamentarias,RECEITAS (EXCETO INTRA-ORÇAMENTÁRIAS) (I),17277176899.94,9051113,Pernambuco
2024,2,PE,ReceitasCorrentes,RECEITAS CORRENTES,16732218234.25,9051113,Pernambuco
2024,2,PE,ReceitaTributaria,"IMPOSTOS, TAXAS E CONTRIBUIÇÕES DE MELHORIA",7292716588.35,9051113,Pernambuco
2024,2,PE,TransferenciasCorrentes,TRANSFERÊNCIAS CORRENTES,7788921089.12,9051113,Pernambuco
2024,2,PE,ReceitasDeCapital,RECEITAS DE CAPITAL,544958665.69,9051113,Pernambuco
2024,3,PE,ReceitasExcetoIntraOrcamentarias,RECEITAS (EXCETO INTRA-ORÇAMENTÁRIAS) (I),24525525036.3,9051113,Pernambuco
2024,3,PE,ReceitasCorrentes,RECEITAS CORRENTES,23964541994.98,9051113,Pernambuco
2024,3,PE,ReceitaTributaria,"IMPOSTOS, TAXAS E CONTRIBUIÇÕES DE MELHORIA",10677640445.56,9051113,Pernambuco
2024,3,PE,TransferenciasCorrentes,TRANSFERÊNCIAS CORRENTES,10919736679.29,9051113,Pernambuco
2024,3,PE,ReceitasDeCapital,RECEITAS DE CAPITAL,560983041.32,9051113,Pernambuco
2024,4,PE,ReceitasExcetoIntraOrcamentarias,RECEITAS (EXCETO INTRA-ORÇAMENTÁRIAS) (I),31887972894.43,9051113,Pernambuco
2024,4,PE,ReceitasCorrentes,RECEITAS CORRENTES,31123145122.91,9051113,Pernambuco
2024,4,PE,ReceitaTributaria,"IMPOSTOS, TAXAS E CONTRIBUIÇÕES DE MELHORIA",14138931637.1,9051113,Pernambuco
2024,4,PE,TransferenciasCorrentes,TRANSFERÊNCIAS CORRENTES,13585311684.4,9051113,Pernambuco
2024,4,PE,ReceitasDeCapital,RECEITAS DE CAPITAL,764827771.52,9051113,Pernambuco
2024,5,PE,ReceitasExcetoIntraOrcamentarias,RECEITAS (EXCETO INTRA-ORÇAMENTÁRIAS) (I),39017128140.74,9051113,Pernambuco
2024,5,PE,ReceitasCorrentes,RECEITAS CORRENTES,38013756006.46,9051113,Pernambuco
2024,5,PE,ReceitaTributaria,"IMPOSTOS, TAXAS E CONTRIBUIÇÕES DE MELHORIA",17717278787.21,9051113,Pernambuco
2024,5,PE,TransferenciasCorrentes,TRANSFERÊNCIAS CORRENTES,16144543854.55,9051113,Pernambuco
2024,5,PE,ReceitasDeCapital,RECEITAS DE CAPITAL,1003372134.28,9051113,Pernambuco
2024,6,PE,ReceitasExcetoIntraOrcamentarias,RECEITAS (EXCETO INTRA-ORÇAMENTÁRIAS) (I),46828306844.31,9051113,Pernambuco
2024,6,PE,ReceitasCorrentes,RECEITAS CORRENTES,45579225312.7,9051113,Pernambuco
2024,6,PE,ReceitaTributaria,"IMPOSTOS, TAXAS E CONTRIBUIÇÕES DE MELHORIA",21016632199.77,9051113,Pernambuco
2024,6,PE,TransferenciasCorrentes,TRANSFERÊNCIAS CORRENTES,19498395468.62,9051113,Pernambuco
2024,6,PE,ReceitasDeCapital,RECEITAS DE CAPITAL,1249081531.61,9051113,Pernambuco
2025,1,PE,ReceitasExcetoIntraOrcamentarias,RECEITAS (EXCETO INTRA-ORÇAMENTÁRIAS) (I),8991210803.21,9051113,Pernambuco
2025,1,PE,ReceitasCorrentes,RECEITAS CORRENTES,8845681267.71,9051113,Pernambuco
2025,1,PE,ReceitaTributaria,"IMPOSTOS, TAXAS E CONTRIBUIÇÕES DE MELHORIA",4450170874.68,9051113,Pernambuco
2025,1,PE,TransferenciasCorrentes,TRANSFERÊNCIAS CORRENTES,3569186080.39,9051113,Pernambuco
2025,1,PE,ReceitasDeCapital,RECEITAS DE CAPITAL,145529535.5,9051113,Pernambuco
2025,2,PE,ReceitasExcetoIntraOrcamentarias,RECEITAS (EXCETO INTRA-ORÇAMENTÁRIAS) (I),16734474492.35,9051113,Pernambuco
2025,2,PE,ReceitasCorrentes,RECEITAS CORRENTES,16076197872.25,9051113,Pernambuco
2025,2,PE,ReceitaTributaria,"IMPOSTOS, TAXAS E CONTRIBUIÇÕES DE MELHORIA",7963614886.64,9051113,Pernambuco
2025,2,PE,TransferenciasCorrentes,TRANSFERÊNCIAS CORRENTES,6527584600.21,9051113,Pernambuco
2025,2,PE,ReceitasDeCapital,RECEITAS DE CAPITAL,658276620.1,9051113,Pernambuco
2025,3,PE,ReceitasExcetoIntraOrcamentarias,RECEITAS (EXCETO INTRA-ORÇAMENTÁRIAS) (I),25126695508.99,9051113,Pernambuco
2025,3,PE,ReceitasCorrentes,RECEITAS CORRENTES,23893690364.64,9051113,Pernambuco
2025,3,PE,ReceitaTributaria,"IMPOSTOS, TAXAS E CONTRIBUIÇÕES DE MELHORIA",11523469275.94,9051113,Pernambuco
2025,3,PE,TransferenciasCorrentes,TRANSFERÊNCIAS CORRENTES,9971872055.8,9051113,Pernambuco
2025,3,PE,ReceitasDeCapital,RECEITAS DE CAPITAL,1233005144.35,9051113,Pernambuco
2025,4,PE,ReceitasExcetoIntraOrcamentarias,RECEITAS (EXCETO INTRA-ORÇAMENTÁRIAS) (I),33797170511.88,9051113,Pernambuco
2025,4,PE,ReceitasCorrentes,RECEITAS CORRENTES,31537428187.21,9051113,Pernambuco
2025,4,PE,ReceitaTributaria,"IMPOSTOS, TAXAS E CONTRIBUIÇÕES DE MELHORIA",14824892871.86,9051113,Pernambuco
2025,4,PE,TransferenciasCorrentes,TRANSFERÊNCIAS CORRENTES,13435149672.3,9051113,Pernambuco
2025,4,PE,ReceitasDeCapital,RECEITAS DE CAPITAL,2259742324.67,9051113,Pernambuco
2025,5,PE,ReceitasExcetoIntraOrcamentarias,RECEITAS (EXCETO INTRA-ORÇAMENTÁRIAS) (I),41443796548.26,9051113,Pernambuco
2025,5,PE,ReceitasCorrentes,RECEITAS CORRENTES,39066582966.22,9051113,Pernambuco
2025,5,PE,ReceitaTributaria,"IMPOSTOS, TAXAS E CONTRIBUIÇÕES DE MELHORIA",18442893097.84,9051113,Pernambuco
2025,5,PE,TransferenciasCorrentes,TRANSFERÊNCIAS CORRENTES,16243501283.2,9051113,Pernambuco
2025,5,PE,ReceitasDeCapital,RECEITAS DE CAPITAL,2377213582.04,9051113,Pernambuco
2025,6,PE,ReceitasExcetoIntraOrcamentarias,RECEITAS (EXCETO INTRA-ORÇAMENTÁRIAS) (I),52540641986.05,9051113,Pernambuco
2025,6,PE,ReceitasCorrentes,RECEITAS CORRENTES,49224648640.69,9051113,Pernambuco
2025,6,PE,ReceitaTributaria,"IMPOSTOS, TAXAS E CONTRIBUIÇÕES DE MELHORIA",22733945541.14,9051113,Pernambuco
2025,6,PE,TransferenciasCorrentes,TRANSFERÊNCIAS CORRENTES,20187959957.49,9051113,Pernambuco
2025,6,PE,ReceitasDeCapital,RECEITAS DE CAPITAL,3315993345.36,9051113,Pernambuco
