exercicio,periodo,uf,cod_conta,conta,coluna,valor,populacao,uf_nome
2023,1,PE,ResultadoPrimarioComRPPSAcimaDaLinha,RESULTADO PRIMÁRIO (COM RPPS) - Acima da Linha (XXXIV) = (XVIa - (XXXIIa +XXXIIb + XXXIIc)),VALOR,2502621448.99,9674793,Pernambuco
2023,1,PE,ResultadoPrimarioSemRPPSAcimaDaLinha,RESULTADO PRIMÁRIO (SEM RPPS) - Acima da Linha (XXXV) = (XVIIa - (XXXIIIa +XXXIIIb + XXXIIIc)),VALOR,2971654886.83,9674793,Pernambuco
2023,2,PE,ResultadoPrimarioComRPPSAcimaDaLinha,RESULTADO PRIMÁRIO (COM RPPS) - Acima da Linha (XXXIV) = (XVIa - (XXXIIa +XXXIIb + XXXIIc)),VALOR,2850365616.47,9674793,Pernambuco
2023,2,PE,ResultadoPrimarioSemRPPSAcimaDaLinha,RESULTADO PRIMÁRIO (SEM RPPS) - Acima da Linha (XXXV) = (XVIIa - (XXXIIIa +XXXIIIb + XXXIIIc)),VALOR,3451514667.02,9674793,Pernambuco
2023,3,PE,ResultadoPrimarioComRPPSAcimaDaLinha,RESULTADO PRIMÁRIO (COM RPPS) - Acima da Linha (XXXIV) = (XVIa - (XXXIIa +XXXIIb + XXXIIc)),VALOR,4329544633.73,9674793,Pernambuco
2023,3,PE,ResultadoPrimarioSemRPPSAcimaDaLinha,RESULTADO PRIMÁRIO (SEM RPPS) - Acima da Linha (XXXV) = (XVIIa - (XXXIIIa +XXXIIIb + XXXIIIc)),VALOR,4751320902.11,9674793,Pernambuco
2023,4,PE,ResultadoPrimarioComRPPSAcimaDaLinha,RESULTADO PRIMÁRIO (COM RPPS) - Acima da Linha (XXXIV) = (XVIa - (XXXIIa +XXXIIb + XXXIIc)),VALOR,4189619326.94,9674793,Pernambuco
2023,4,PE,ResultadoPrimarioSemRPPSAcimaDaLinha,RESULTADO PRIMÁRIO (SEM RPPS) - Acima da Linha (XXXV) = (XVIIa - (XXXIIIa +XXXIIIb + XXXIIIc)),VALOR,4420495378.67,9674793,Pernambuco
2023,5,PE,ResultadoPrimarioComRPPSAcimaDaLinha,RESULTADO PRIMÁRIO (COM RPPS) - Acima da Linha (XXXIV) = (XVIa - (XXXIIa +XXXIIb + XXXIIc)),VALOR,2946979585.56,9674793,Pernambuco
2023,5,PE,ResultadoPrimarioSemRPPSAcimaDaLinha,RESULTADO PRIMÁRIO (SEM RPPS) - Acima da Linha (XXXV) = (XVIIa - (XXXIIIa +XXXIIIb + XXXIIIc)),VALOR,2974553056.94,9674793,Pernambuco
2023,6,PE,ResultadoPrimarioComRPPSAcimaDaLinha,RESULTADO PRIMÁRIO (COM RPPS) - Acima da Linha (XXXIV) = (XVIa - (XXXIIa +XXXIIb + XXXIIc)),VALOR,1470780318.25,9674793,Pernambuco
2023,6,PE,ResultadoPrimarioSemRPPSAcimaDaLinha,RESULTADO PRIMÁRIO (SEM RPPS) - Acima da Linha (XXXV) = (XVIIa - (XXXIIIa +XXXIIIb + XXXIIIc)),VALOR,1221132774.32,9674793,Pernambuco
2024,1,PE,ResultadoPrimarioComRPPSAcimaDaLinha,RESULTADO PRIMÁRIO (COM RPPS) - Acima da Linha (XXXIV) = (XVIa - (XXXIIa +XXXIIb + XXXIIc)),VALOR,2436036577.93,9051113,Pernambuco
2024,1,PE,ResultadoPrimarioSemRPPSAcimaDaLinha,RESULTADO PRIMÁRIO (SEM RPPS) - Acima da Linha (XXXV) = (XVIIa - (XXXIIIa +XXXIIIb + XXXIIIc)),VALOR,2289765423.04,9051113,Pernambuco
2024,2,PE,ResultadoPrimarioComRPPSAcimaDaLinha,RESULTADO PRIMÁRIO (COM RPPS) - Acima da Linha (XXXIV) = (XVIa - (XXXIIa +XXXIIb + XXXIIc)),VALOR,4613938379.47,9051113,Pernambuco
2024,2,PE,ResultadoPrimarioSemRPPSAcimaDaLinha,RESULTADO PRIMÁRIO (SEM RPPS) - Acima da Linha (XXXV) = (XVIIa - (XXXIIIa +XXXIIIb + XXXIIIc)),VALOR,4613195640.62,9051113,Pernambuco
2024,3,PE,ResultadoPrimarioComRPPSAcimaDaLinha,RESULTADO PRIMÁRIO (COM RPPS) - Acima da Linha (XXXIV) = (XVIa - (XXXIIa +XXXIIb + XXXIIc)),VALOR,3994810811.94,9051113,Pernambuco
2024,3,PE,ResultadoPrimarioSemRPPSAcimaDaLinha,RESULTADO PRIMÁRIO (SEM RPPS) - Acima da Linha (XXXV) = (XVIIa - (XXXIIIa +XXXIIIb + XXXIIIc)),VALOR,3854511263.61,9051113,Pernambuco
2024,4,PE,ResultadoPrimarioComRPPSAcimaDaLinha,RESULTADO PRIMÁRIO (COM RPPS) - Acima da Linha (XXXIV) = (XVIa - (XXXIIa +XXXIIb + XXXIIc)),VALOR,3878355649.7,9051113,Pernambuco
2024,4,PE,ResultadoPrimarioSemRPPSAcimaDaLinha,RESULTADO PRIMÁRIO (SEM RPPS) - Acima da Linha (XXXV) = (XVIIa - (XXXIIIa +XXXIIIb + XXXIIIc)),VALOR,3869531338.86,9051113,Pernambuco
2024,5,PE,ResultadoPrimarioComRPPSAcimaDaLinha,RESULTADO PRIMÁRIO (COM RPPS) - Acima da Linha (XXXIV) = (XVIa - (XXXIIa +XXXIIb + XXXIIc)),VALOR,3583357438.62,9051113,Pernambuco
2024,5,PE,ResultadoPrimarioSemRPPSAcimaDaLinha,RESULTADO PRIMÁRIO (SEM RPPS) - Acima da Linha (XXXV) = (XVIIa - (XXXIIIa +XXXIIIb + XXXIIIc)),VALOR,3540031851.19,9051113,Pernambuco
2024,6,PE,ResultadoPrimarioComRPPSAcimaDaLinha,RESULTADO PRIMÁRIO (COM RPPS) - Acima da Linha (XXXIV) = (XVIa - (XXXIIa +XXXIIb + XXXIIc)),VALOR,1305075783.32,9051113,Pernambuco
2024,6,PE,ResultadoPrimarioSemRPPSAcimaDaLinha,RESULTADO PRIMÁRIO (SEM RPPS) - Acima da Linha (XXXV) = (XVIIa - (XXXIIIa +XXXIIIb + XXXIIIc)),VALOR,1211966930.35,9051113,Pernambuco
2025,1,PE,ResultadoPrimarioComRPPSAcimaDaLinha,RESULTADO PRIMÁRIO (COM RPPS) - Acima da Linha (XXXIV) = (XVIa - (XXXIIa +XXXIIb + XXXIIc)),VALOR,2339585604.83,9051113,Pernambuco
2025,1,PE,ResultadoPrimarioSemRPPSAcimaDaLinha,RESULTADO PRIMÁRIO (SEM RPPS) - Acima da Linha (XXXV) = (XVIIa - (XXXIIIa +XXXIIIb + XXXIIIc)),VALOR,2289080941.88,9051113,Pernambuco
2025,2,PE,ResultadoPrimarioComRPPSAcimaDaLinha,RESULTADO PRIMÁRIO (COM RPPS) - Acima da Linha (XXXIV) = (XVIa - (XXXIIa +XXXIIb + XXXIIc)),VALOR,2620539475.22,9051113,Pernambuco
2025,2,PE,ResultadoPrimarioSemRPPSAcimaDaLinha,RESULTADO PRIMÁRIO (SEM RPPS) - Acima da Linha (XXXV) = (XVIIa - (XXXIIIa +XXXIIIb + XXXIIIc)),VALOR,2507481558.25,9051113,Pernambuco
2025,3,PE,ResultadoPrimarioComRPPSAcimaDaLinha,RESULTADO PRIMÁRIO (COM RPPS) - Acima da Linha (XXXIV) = (XVIa - (XXXIIa +XXXIIb + XXXIIc)),VALOR,2643462714.2,9051113,Pernambuco
2025,3,PE,ResultadoPrimarioSemRPPSAcimaDaLinha,RESULTADO PRIMÁRIO (SEM RPPS) - Acima da Linha (XXXV) = (XVIIa - (XXXIIIa +XXXIIIb + XXXIIIc)),VALOR,2443223445.29,9051113,Pernambuco
2025,4,PE,ResultadoPrimarioComRPPSAcimaDaLinha,RESULTADO PRIMÁRIO (COM RPPS) - Acima da Linha (XXXIV) = (XVIa - (XXXIIa +XXXIIb + XXXIIc)),VALOR,2175524499.76,9051113,Pernambuco
2025,4,PE,ResultadoPrimarioSemRPPSAcimaDaLinha,RESULTADO PRIMÁRIO (SEM RPPS) - Acima da Linha (XXXV) = (XVIIa - (XXXIIIa +XXXIIIb + XXXIIIc)),VALOR,1983661502.99,9051113,Pernambuco
2025,5,PE,ResultadoPrimarioComRPPSAcimaDaLinha,RESULTADO PRIMÁRIO (COM RPPS) - Acima da Linha (XXXIV) = (XVIa - (XXXIIa +XXXIIb + XXXIIc)),VALOR,738246717.17,9051113,Pernambuco
2025,5,PE,ResultadoPrimarioSemRPPSAcimaDaLinha,RESULTADO PRIMÁRIO (SEM RPPS) - Acima da Linha (XXXV) = (XVIIa - (XXXIIIa +XXXIIIb + XXXIIIc)),VALOR,495996635.21,9051113,Pernambuco
2025,6,PE,ResultadoPrimarioComRPPSAcimaDaLinha,RESULTADO PRIMÁRIO (COM RPPS) - Acima da Linha (XXXIV) = (XVIa - (XXXIIa +XXXIIb + XXXIIc)),VALOR,-902592467.76,9051113,Pernambuco
2025,6,PE,ResultadoPrimarioSemRPPSAcimaDaLinha,RESULTADO PRIMÁRIO (SEM RPPS) - Acima da Linha (XXXV) = (XVIIa - (XXXIIIa +XXXIIIb + XXXIIIc)),VALOR,-1225451324.94,9051113,Pernambuco
