ano_bim,bimestre,sigla_uf,admissoes,desligamentos,saldo,total_movimentacoes,salario_medio
2015,1,AL,8848,9355,-507,18203,1045.2383123660934
2015,1,BA,56123,62923,-6800,119046,1176.0704769584866
2015,1,CE,40053,42080,-2027,82133,1056.1840064285975
2015,1,MA,13938,16198,-2260,30136,1148.3723453676666
2015,1,PB,13347,14557,-1210,27904,994.5967603211008
2015,1,PE,37382,48042,-10660,85424,1151.4411406630454
2015,1,PI,9786,9680,106,19466,989.671118873934
2015,1,RN,13635,17648,-4013,31283,983.9970271393408
2015,1,SE,8909,9066,-157,17975,994.3340751043116
2015,2,AL,8504,21773,-13269,30277,1055.627175743964
2015,2,BA,60933,61826,-893,122759,1198.6213149341393
2015,2,CE,39391,42938,-3547,82329,1096.6002502155984
2015,2,MA,14745,15480,-735,30225,1173.8238213399504
2015,2,PB,11805,14912,-3107,26717,1008.2792978253548
2015,2,PE,39198,59352,-20154,98550,1134.5171588026385
2015,2,PI,10183,9571,612,19754,1025.9907360534576
2015,2,RN,13597,14942,-1345,28539,1030.281614632608
2015,2,SE,8965,11004,-2039,19969,1050.9577344884572
2015,3,AL,16600,27873,-11273,44473,1021.9351250321713
2015,3,BA,107662,124205,-16543,231867,1154.513983622539
2015,3,CE,83594,84051,-457,167645,1110.0302141143434
2015,3,MA,34712,33973,739,68685,1189.6823396939517
2015,3,PB,21535,25147,-3612,46682,1033.1163456276104
2015,3,PE,73111,86753,-13642,159864,1163.0125930868785
2015,3,PI,19357,20173,-816,39530,1042.931189341139
2015,3,RN,27613,31206,-3593,58819,1046.2151928836772
2015,3,SE,16843,21038,-4195,37881,1042.5952933475085
2015,4,AL,11215,8710,2505,19925,1012.2481806775407
2015,4,BA,51731,58584,-6853,110315,1191.1165661968
2015,4,CE,42611,41740,871,84351,1104.1210655475336
2015,4,MA,16683,15736,947,32419,1195.590271137296
2015,4,PB,16324,12031,4293,28355,1005.9670252160112
2015,4,PE,38999,40919,-1920,79918,1151.4781651192473
2015,4,PI,10979,10366,613,21345,1011.875521199344
2015,4,RN,14483,14768,-285,29251,1000.6721821476189
2015,4,SE,9309,8587,722,17896,1023.2468149307108
2015,5,AL,34940,17277,17663,52217,966.7853831982601
2015,5,BA,98718,113487,-14769,212205,1202.9590176702259
2015,5,CE,73790,80085,-6295,153875,1095.6335420555806
2015,5,MA,27308,29398,-2090,56706,1185.2797235779367
2015,5,PB,22975,22536,439,45511,1030.1416714675008
2015,5,PE,87876,78449,9427,166325,1113.072747390307
2015,5,PI,18233,18560,-327,36793,1009.1085409455861
2015,5,RN,26666,24964,1702,51630,1008.4147859460668
2015,5,SE,19968,17230,2738,37198,1028.2153486130367
2015,6,AL,7679,8895,-1216,16574,1063.4260287196814
2015,6,BA,39424,58392,-18968,97816,1236.63310705815
2015,6,CE,24823,34943,-10120,59766,1114.4459224308134
2015,6,MA,8778,16102,-7324,24880,1245.9108520900322
2015,6,PB,7180,11667,-4487,18847,996.4838966413752
2015,6,PE,24046,40077,-16031,64123,1222.107480935078
2015,6,PI,6294,9546,-3252,15840,1034.26452020202
2015,6,RN,9017,13376,-4359,22393,1027.1372750413077
2015,6,SE,6223,8473,-2250,14696,1072.5930185084376
2016,1,AL,14672,26699,-12027,41371,1084.398031322039
2016,1,BA,89636,96635,-6999,186271,1240.1710024127055
2016,1,CE,64901,77218,-12317,142119,1147.5594422138142
2016,1,MA,20461,29535,-9074,49996,1266.4107785342067
2016,1,PB,20252,26735,-6483,46987,1048.7222649925684
2016,1,PE,55232,84516,-29284,139748,1240.4630031831484
2016,1,PI,14535,20319,-5784,34854,1077.89907990039
2016,1,RN,21387,28769,-7382,50156,1064.1703768417617
2016,1,SE,13226,15636,-2410,28862,1111.6437500387028
2016,2,AL,7220,14322,-7102,21542,1204.6664190882927
2016,2,BA,48136,51158,-3022,99294,1243.5816867081596
2016,2,CE,33873,36139,-2266,70012,1184.5354082157344
2016,2,MA,9835,12866,-3031,22701,1292.9971807409363
2016,2,PB,9260,10314,-1054,19574,1100.0505772964136
2016,2,PE,31775,37030,-5255,68805,1235.1088002325412
2016,2,PI,7802,8150,-348,15952,1107.751003009027
2016,2,RN,10770,13422,-2652,24192,1070.3754546957673
2016,2,SE,6624,7886,-1262,14510,1152.5899379738112
2016,3,AL,6672,7576,-904,14248,1174.7949887703537
2016,3,BA,43332,51308,-7976,94640,1251.1139898562976
2016,3,CE,33915,35841,-1926,69756,1233.2368828487872
2016,3,MA,12556,12539,17,25095,1309.4053397091054
2016,3,PB,9124,9971,-847,19095,1107.935428122545
2016,3,PE,28933,31810,-2877,60743,1254.5331478524274
2016,3,PI,9024,8923,101,17947,1143.2851172897977
2016,3,RN,11297,12460,-1163,23757,1106.7646167445384
2016,3,SE,7000,7647,-647,14647,1181.9040759199836
2016,4,AL,18156,15605,2551,33761,1157.9154409656317
2016,4,BA,95712,106513,-10801,202225,1291.6399937749875
2016,4,CE,66973,71244,-4271,138217,1199.7280387832266
2016,4,MA,27694,25234,2460,52928,1277.4093770336149
2016,4,PB,25819,20011,5808,45830,1106.9024263042465
2016,4,PE,72157,67165,4992,139322,1233.3967972018136
2016,4,PI,15584,16221,-637,31805,1144.545877978386
2016,4,RN,26081,23842,2239,49923,1096.4579144980444
2016,4,SE,13677,16173,-2496,29850,1136.531069602658
2016,5,AL,32457,13230,19227,45687,1042.9695815077944
2016,5,BA,87090,93022,-5932,180112,1304.6353640703655
2016,5,CE,61598,62741,-1143,124339,1182.7950637581448
2016,5,MA,21572,23580,-2008,45152,1244.5776657825022
2016,5,PB,17837,18121,-284,35958,1126.8864302650222
2016,5,PE,73525,61353,12172,134878,1204.102976302366
2016,5,PI,13766,16425,-2659,30191,1111.7669361097078
2016,5,RN,23111,21815,1296,44926,1109.7828945635827
2016,5,SE,15349,13813,1536,29162,1139.7547840161603
2016,6,AL,14001,15710,-1709,29711,1149.4209864691243
2016,6,BA,79537,103356,-23819,182893,1362.4063075520892
2016,6,CE,54345,61716,-7371,116061,1191.9948247556922
2016,6,MA,19938,26433,-6495,46371,1317.50310364098
2016,6,PB,15844,20049,-4205,35893,1135.484968557068
2016,6,PE,53972,71843,-17871,125815,1274.2119352179243
2016,6,PI,12748,14757,-2009,27505,1178.6430227142032
2016,6,RN,19609,23750,-4141,43359,1150.0638045183923
2016,6,SE,11958,14739,-2781,26697,1192.3427461847295
2017,1,AL,12725,30834,-18109,43559,1129.0616963380314
2017,1,BA,92010,93859,-1849,185869,1343.155885982212
2017,1,CE,63613,70985,-7372,134598,1260.4644823053413
2017,1,MA,21481,25593,-4112,47074,1347.2231487671925
2017,1,PB,19999,27581,-7582,47580,1128.6104455001896
2017,1,PE,57270,87522,-30252,144792,1272.1419107504003
2017,1,PI,15803,16076,-273,31879,1152.6904383543942
2017,1,RN,22609,26846,-4237,49455,1159.3232840178757
2017,1,SE,13679,17704,-4025,31383,1170.048555249985
2017,2,AL,5955,15290,-9335,21245,1181.7759472817131
2017,2,BA,45596,48516,-2920,94112,1340.193503485209
2017,2,CE,30701,35376,-4675,66077,1256.4815291251116
2017,2,MA,10365,13166,-2801,23531,1371.5919000467468
2017,2,PB,8615,10554,-1939,19169,1187.61662058532
2017,2,PE,29119,32951,-3832,62070,1306.022200741099
2017,2,PI,7262,8209,-947,15471,1211.4511020619225
2017,2,RN,11662,12231,-569,23893,1165.2939773155315
2017,2,SE,6087,8564,-2477,14651,1224.1114599686027
2017,3,AL,7056,7207,-151,14263,1197.609479071724
2017,3,BA,49319,46353,2966,95672,1314.866314073083
2017,3,CE,29761,32701,-2940,62462,1226.4967340142807
2017,3,MA,12589,11807,782,24396,1313.584194130185
2017,3,PB,8808,9399,-591,18207,1208.3130114791015
2017,3,PE,29991,30186,-195,60177,1296.1108064542932
2017,3,PI,7517,6681,836,14198,1151.8692069305537
2017,3,RN,11730,11932,-202,23662,1186.5831290677036
2017,3,SE,6695,6828,-133,13523,1199.155290985728
2017,4,AL,13053,13618,-565,26671,1243.5593577087143
2017,4,BA,93370,90033,3337,183403,1373.6858776180734
2017,4,CE,67750,60904,6846,128654,1256.8561728294258
2017,4,MA,25396,22095,3301,47491,1331.3918519981648
2017,4,PB,23578,19258,4320,42836,1191.0157897329045
2017,4,PE,64483,59483,5000,123966,1344.0185607267604
2017,4,PI,14841,14526,315,29367,1241.6681287144297
2017,4,RN,25897,21693,4204,47590,1188.253117278822
2017,4,SE,12937,13090,-153,26027,1220.7717169198545
2017,5,AL,35635,11831,23804,47466,1124.3617425396785
2017,5,BA,85938,83677,2261,169615,1380.8140259502197
2017,5,CE,62387,57308,5079,119695,1236.2826363140036
2017,5,MA,23065,22142,923,45207,1320.4794568299344
2017,5,PB,19479,16590,2889,36069,1174.9932374921177
2017,5,PE,78122,55412,22710,133534,1284.4431981655248
2017,5,PI,15261,12888,2373,28149,1199.7225672934292
2017,5,RN,23123,20624,2499,43747,1137.274689900262
2017,5,SE,16804,11897,4907,28701,1186.5806300308536
2017,6,AL,8154,6686,1468,14840,1175.7926549865228
2017,6,BA,43439,44585,-1146,88024,1346.6156843588112
2017,6,CE,30435,27574,2861,58009,1251.3025392611491
2017,6,MA,11707,12010,-303,23717,1265.955601467302
2017,6,PB,9296,8040,1256,17336,1169.6214236271344
2017,6,PE,30329,30070,259,60399,1364.081176840676
2017,6,PI,7523,8067,-544,15590,1165.8854393842207
2017,6,RN,10380,10517,-137,20897,1176.8789778437097
2017,6,SE,6700,6656,44,13356,1153.697289607667
2018,1,AL,14739,27626,-12887,42365,1183.2769563369368
2018,1,BA,91369,85858,5511,177227,1382.2027698205738
2018,1,CE,63472,62194,1278,125666,1242.166655981352
2018,1,MA,21969,22927,-958,44896,1319.4239049552077
2018,1,PB,20858,26871,-6013,47729,1130.7776894945414
2018,1,PE,56393,68611,-12218,125004,1326.0227020763787
2018,1,PI,13981,14754,-773,28735,1149.8210338551344
2018,1,RN,21162,25371,-4209,46533,1179.879571464719
2018,1,SE,13269,14988,-1719,28257,1176.5025708457833
2018,2,AL,14586,24150,-9564,38736,1221.600630968554
2018,2,BA,99108,92981,6127,192089,1373.1779138277589
2018,2,CE,62404,59068,3336,121472,1249.570038811486
2018,2,MA,23635,21286,2349,44921,1324.6256269977569
2018,2,PB,19142,19355,-213,38497,1191.896692688132
2018,2,PE,60070,70029,-9959,130099,1330.1630220257082
2018,2,PI,14818,13284,1534,28102,1179.896182767311
2018,2,RN,22510,23070,-560,45580,1184.1177355717869
2018,2,SE,13578,15789,-2211,29367,1206.5273477222609
2018,3,AL,15157,14876,281,30033,1232.0347717339541
2018,3,BA,96844,92672,4172,189516,1344.2263929884316
2018,3,CE,63309,60545,2764,123854,1264.3334898026983
2018,3,MA,27713,22831,4882,50544,1310.2039049245172
2018,3,PB,18215,18517,-302,36732,1204.2618064002527
2018,3,PE,58813,58071,742,116884,1342.4644052405947
2018,3,PI,14884,13616,1268,28500,1179.5815594059404
2018,3,RN,22755,22249,506,45004,1182.3496106514372
2018,3,SE,12653,12675,-22,25328,1230.0872617677308
2018,4,AL,19362,14338,5024,33700,1193.649510187152
2018,4,BA,97354,90818,6536,188172,1371.5839669264178
2018,4,CE,65657,60202,5455,125859,1244.425488109022
2018,4,MA,24528,22741,1787,47269,1350.7237960888478
2018,4,PB,27568,18971,8597,46539,1178.2179545453346
2018,4,PE,69896,58444,11452,128340,1316.6145306100511
2018,4,PI,14783,14172,611,28955,1187.9524611538195
2018,4,RN,27734,22678,5056,50412,1196.349568940168
2018,4,SE,13586,14481,-895,28067,1227.3210860344957
2018,5,AL,31708,13151,18557,44859,1220.0333268944623
2018,5,BA,97109,87975,9134,185084,1369.0450961358902
2018,5,CE,67372,57348,10024,124720,1231.1521050712774
2018,5,MA,24389,21996,2393,46385,1364.1798310733525
2018,5,PB,20348,17026,3322,37374,1181.984266547909
2018,5,PE,77150,57066,20084,134216,1289.4801637925045
2018,5,PI,14945,13476,1469,28421,1188.5916135435218
2018,5,RN,24442,20225,4217,44667,1191.2561644882958
2018,5,SE,18280,11877,6403,30157,1179.060995275786
2018,6,AL,14527,15856,-1329,30383,1193.080450243228
2018,6,BA,85852,96593,-10741,182445,1369.023375139443
2018,6,CE,54508,57740,-3232,112248,1260.9515222422665
2018,6,MA,19009,22207,-3198,41216,1364.5353928092318
2018,6,PB,16851,18453,-1602,35304,1192.792788798498
2018,6,PE,55156,68297,-13141,123453,1364.0904183423243
2018,6,PI,12668,13777,-1109,26445,1194.5925701951846
2018,6,RN,21817,22399,-582,44216,1173.1455421750095
2018,6,SE,11467,13216,-1749,24683,1215.743512291443
2019,1,AL,8189,10444,-2255,18633,1269.3728331454945
2019,1,BA,49056,43350,5706,92406,1392.5220548449236
2019,1,CE,34029,32164,1865,66193,1305.5922529572613
2019,1,MA,11099,12081,-982,23180,1365.1840811044003
2019,1,PB,10607,10175,432,20782,1194.3561736117797
2019,1,PE,30408,42804,-12396,73212,1312.6021553843632
2019,1,PI,8056,8456,-400,16512,1297.9322311046512
2019,1,RN,11845,14094,-2249,25939,1185.3990130691236
2019,1,SE,7267,9429,-2162,16696,1180.6850143747006
2019,2,AL,6964,11656,-4692,18620,1379.9228786251342
2019,2,BA,55305,45212,10093,100517,1378.6296845309748
2019,2,CE,30735,28582,2153,59317,1325.86631151272
2019,2,MA,18321,11640,6681,29961,1388.8839825105972
2019,2,PB,10025,9247,778,19272,1208.5308738065587
2019,2,PE,31001,30576,425,61577,1360.448966334833
2019,2,PI,6828,6821,7,13649,1237.786431240384
2019,2,RN,11328,11829,-501,23157,1189.989592779721
2019,2,SE,6461,5812,649,12273,1290.14568565143
2019,3,AL,14977,16584,-1607,31561,1267.9413514964667
2019,3,BA,98531,93629,4902,192160,1402.328476183156
2019,3,CE,59981,61531,-1550,121512,1334.797240601029
2019,3,MA,25356,23461,1895,48817,1369.0340781694263
2019,3,PB,19518,19630,-112,39148,1253.1670186296433
2019,3,PE,60464,59016,1448,119480,1403.8162145675924
2019,3,PI,17668,15320,2348,32988,1202.1668094877632
2019,3,RN,22686,21945,741,44631,1222.019032537173
2019,3,SE,13296,12900,396,26196,1223.3758409838747
2019,4,AL,9503,8033,1470,17536,1299.355269160584
2019,4,BA,50878,53153,-2275,104031,1431.029962222799
2019,4,CE,32979,32089,890,65068,1326.996634290281
2019,4,MA,12199,12174,25,24373,1400.0826734501293
2019,4,PB,12015,10145,1870,22160,1273.418817689531
2019,4,PE,30016,30112,-96,60128,1412.3359998669505
2019,4,PI,7972,7619,353,15591,1242.914245397986
2019,4,RN,13174,12386,788,25560,1261.1762910798122
2019,4,SE,6187,6630,-443,12817,1270.9954747600843
2019,5,AL,9884,7594,2290,17478,1259.1230117862456
2019,5,BA,52668,53257,-589,105925,1447.4998725513335
2019,5,CE,34147,30651,3496,64798,1327.8047470600943
2019,5,MA,14353,11133,3220,25486,1386.440398650239
2019,5,PB,11695,9831,1864,21526,1231.0479884790486
2019,5,PE,36089,30982,5107,67071,1359.222435926108
2019,5,PI,8118,7394,724,15512,1238.6694816915935
2019,5,RN,13352,10372,2980,23724,1207.434581015006
2019,5,SE,9096,6412,2684,15508,1240.0620324993552
2019,6,AL,14613,14445,168,29058,1243.6631806595335
2019,6,BA,96541,103957,-7416,200498,1481.0454044604567
2019,6,CE,54980,53516,1464,108496,1337.6529822741297
2019,6,MA,21843,24101,-2258,45944,1368.8240098373617
2019,6,PB,19052,20101,-1049,39153,1267.0190081363708
2019,6,PE,57539,59703,-2164,117242,1366.7508671351643
2019,6,PI,12711,15468,-2757,28179,1260.4977621501928
2019,6,RN,21605,23048,-1443,44653,1240.4264300669988
2019,6,SE,13337,12861,476,26198,1252.4977266656413
2020,1,AL,16404,29025,-12621,45429,1045.5476882035189
2020,1,BA,97450,88602,8848,186052,1362.958188390316
2020,1,CE,66054,57929,8125,123983,1297.368017992359
2020,1,MA,23782,21985,1797,45767,1321.135162377709
2020,1,PB,20791,24805,-4014,45596,1120.6886590259455
2020,1,PE,61500,65916,-4416,127416,1273.3735697046995
2020,1,PI,13785,13432,353,27217,1242.8502600265706
2020,1,RN,21989,25781,-3792,47770,1145.0972689099267
2020,1,SE,13945,15817,-1872,29762,1157.1121933094364
2020,2,AL,10172,23484,-13312,33656,1051.8689685134182
2020,2,BA,69964,118815,-48851,188779,1354.1383211278978
2020,2,CE,43025,76794,-33769,119819,1237.4454599813146
2020,2,MA,18427,25523,-7096,43950,1344.3651673491393
2020,2,PB,14094,23455,-9361,37549,1195.2806810339841
2020,2,PE,40855,91861,-51006,132716,1431.9119829657204
2020,2,PI,9571,15097,-5526,24668,1269.9905917621109
2020,2,RN,15331,26162,-10831,41493,1203.078847044872
2020,2,SE,7732,15471,-7739,23203,1244.2215045539751
2020,3,AL,10730,12396,-1666,23126,1249.4864167236803
2020,3,BA,55070,76356,-21286,131426,1448.7935685292643
2020,3,CE,33083,44602,-11519,77685,1367.5560212985245
2020,3,MA,21391,18932,2459,40323,1466.052272409495
2020,3,PB,10309,13801,-3492,24110,1231.1629776879602
2020,3,PE,34868,45974,-11106,80842,17577.52349567211
2020,3,PI,7968,11068,-3100,19036,1444.121033523928
2020,3,RN,15843,17489,-1646,33332,1225.313964884987
2020,3,SE,6596,11023,-4427,17619,1336.737958259442
2020,4,AL,17064,11596,5468,28660,1196.7858230377087
2020,4,BA,81904,68751,13153,150655,1435.7643135373098
2020,4,CE,60990,41864,19126,102854,1392.930688040302
2020,4,MA,30055,18791,11264,48846,1704.8538946315375
2020,4,PB,25480,13684,11796,39164,1145.570756022875
2020,4,PE,66090,47827,18263,113917,1395.8804451372398
2020,4,PI,12666,9032,3634,21698,1385.736481679993
2020,4,RN,24733,17444,7289,42177,1215.9392860219095
2020,4,SE,9656,10117,-461,19773,1240.5507181902847
2020,5,AL,33673,12369,21304,46042,1062.1446586249435
2020,5,BA,106854,73992,32862,180846,1400.0727166131005
2020,5,CE,79880,50509,29371,130389,1322.2098527675562
2020,5,MA,32228,21203,11025,53431,1387.6353143435558
2020,5,PB,26290,22935,3355,49225,1171.6791092087722
2020,5,PE,86914,51575,35339,138489,1269.5620117698677
2020,5,PI,16610,10663,5947,27273,1302.3448026979322
2020,5,RN,27875,18763,9112,46638,1200.7612844281207
2020,5,SE,17754,10517,7237,28271,1239.3694664592963
2020,6,AL,17839,12613,5226,30452,1178.0748542758213
2020,6,BA,104050,90281,13769,194331,1369.9340510011725
2020,6,CE,69913,49727,20186,119640,1324.2900737565258
2020,6,MA,26457,25083,1374,51540,1316.2899368021908
2020,6,PB,28377,17042,11335,45419,1147.1121270058725
2020,6,PE,71204,59913,11291,131117,1322.2258780970724
2020,6,PI,14655,12708,1947,27363,1262.074769141433
2020,6,RN,25172,21360,3812,46532,1228.8427681032676
2020,6,SE,13865,10539,3326,24404,1212.670651424091
2021,1,AL,18421,19165,-744,37586,1201.674468072687
2021,1,BA,119303,85577,33726,204880,1410.0798923880302
2021,1,CE,82663,62242,20421,144905,1400.9013219563653
2021,1,MA,31083,27746,3337,58829,1374.904682768359
2021,1,PB,25258,25519,-261,50777,1182.0002926383036
2021,1,PE,75483,72243,3240,147726,1267.868595460616
2021,1,PI,18979,14480,4499,33459,1310.5167806144552
2021,1,RN,28999,24945,4054,53944,1245.1925217793291
2021,1,SE,14867,14206,661,29073,1230.1954906932997
2021,2,AL,18539,30218,-11679,48757,1121.7085937865913
2021,2,BA,113679,94306,19373,207985,1464.8828074495675
2021,2,CE,65423,63309,2114,128732,1462.119897126023
2021,2,MA,31218,24456,6762,55674,1420.9544981731538
2021,2,PB,23842,21247,2595,45089,1206.9257127713486
2021,2,PE,70080,67602,2478,137682,1397.2567984173706
2021,2,PI,16711,13341,3370,30052,1295.3951740523116
2021,2,RN,27888,25904,1984,53792,1272.5411953770345
2021,2,SE,13854,15698,-1844,29552,1303.8192249453728
2021,3,AL,22135,13915,8220,36050,1280.4375748725997
2021,3,BA,115863,96215,19648,212078,1518.1232925282027
2021,3,CE,70187,55683,14504,125870,1420.6222808897915
2021,3,MA,34789,24045,10744,58834,1407.0914406985469
2021,3,PB,24406,18034,6372,42440,1241.2674986067263
2021,3,PE,72034,56857,15177,128891,15259.05779250646
2021,3,PI,21162,12636,8526,33798,1289.7338544331628
2021,3,RN,28029,20976,7053,49005,1263.052693648027
2021,3,SE,13662,12025,1637,25687,1356.7507110905485
2021,4,AL,26423,16842,9581,43265,1247.4788074026737
2021,4,BA,124578,95318,29260,219896,1457.654666558114
2021,4,CE,91912,61461,30451,153373,1368.8406986425612
2021,4,MA,36519,26723,9796,63242,1376.8535935445097
2021,4,PB,35326,21324,14002,56650,1185.5026978778992
2021,4,PE,87076,60508,26568,147584,1373.9265749486244
2021,4,PI,20346,14525,5821,34871,1346.0203199346688
2021,4,RN,35194,23017,12177,58211,1234.981933691221
2021,4,SE,15679,12415,3264,28094,1294.093563057585
2021,5,AL,38148,17614,20534,55762,1138.842733744219
2021,5,BA,130756,106686,24070,237442,1476.7985263346507
2021,5,CE,91392,69326,22066,160718,1360.20509300553
2021,5,MA,36289,27835,8454,64124,1439.6532045850618
2021,5,PB,30513,21098,9415,51611,1250.582735053858
2021,5,PE,106120,67407,38713,173527,1332.0431899295486
2021,5,PI,20824,15909,4915,36733,958570.8343430435
2021,5,RN,33616,23345,10271,56961,1257.850366037566
2021,5,SE,23020,14310,8710,37330,1281.925870159822
2021,6,AL,22431,18082,4349,40513,28857.95098882124
2021,6,BA,125058,114703,10355,239761,1424.8173734129084
2021,6,CE,76732,65626,11106,142358,1402.209922496827
2021,6,MA,32484,30725,1759,63209,1407.3900379349827
2021,6,PB,27212,23036,4176,50248,1260.2686515848823
2021,6,PE,80805,75931,4874,156736,1426.261593058927
2021,6,PI,17310,17590,-280,34900,1341.5166974009903
2021,6,RN,27818,25631,2187,53449,1295.5631248482923
2021,6,SE,16085,14845,1240,30930,1255.4648660714656
2022,1,AL,23898,24755,-857,48653,1351.672422627349
2022,1,BA,139858,115966,23892,255824,1477.9430404266504
2022,1,CE,86734,80189,6545,166923,1465.3542807186366
2022,1,MA,37784,33669,4115,71453,1472.584986476619
2022,1,PB,29288,31809,-2521,61097,1266.6388794276334
2022,1,PE,85108,84037,1071,169145,1509.1266969043809
2022,1,PI,20100,18826,1274,38926,1379.4132492162312
2022,1,RN,29573,30414,-841,59987,1336.4229443952802
2022,1,SE,18224,17757,467,35981,1307.0904180362381
2022,2,AL,24872,35185,-10313,60057,1285.0203296115692
2022,2,BA,149102,125243,23859,274345,1496.24438659019
2022,2,CE,85471,76772,8699,162243,1476.628748480185
2022,2,MA,39220,34197,5023,73417,1495.0423313615215
2022,2,PB,30755,27471,3284,58226,1294.5575865367323
2022,2,PE,83184,90314,-7130,173498,1506.3760747415236
2022,2,PI,20951,19089,1862,40040,1389.8526644411027
2022,2,RN,30314,29753,561,60067,1363.8131695538618
2022,2,SE,18187,19029,-842,37216,1323.9586666868288
2022,3,AL,28406,21467,6939,49873,1369.4570677899944
2022,3,BA,146595,116894,29701,263489,1596.1421761581123
2022,3,CE,91623,74554,17069,166177,1511.4213112055781
2022,3,MA,45142,33499,11643,78641,1554.099402265674
2022,3,PB,31536,24775,6761,56311,1315.8225815628116
2022,3,PE,87782,74140,13642,161922,1510.5011401371366
2022,3,PI,24651,17779,6872,42430,1379.0736950117607
2022,3,RN,34147,26899,7248,61046,1385.8040353870008
2022,3,SE,17559,15868,1691,33427,1411.9343032452084
2022,4,AL,28659,22406,6253,51065,1363.5209052396985
2022,4,BA,155165,124638,30527,279803,1545.674157118603
2022,4,CE,99076,80266,18810,179342,1491.0756103190065
2022,4,MA,47407,36627,10780,84034,1583.5301310382238
2022,4,PB,37373,27316,10057,64689,1335.0609072736747
2022,4,PE,106468,82265,24203,188733,1531.4201835033098
2022,4,PI,23098,20237,2861,43335,1392.4385391348835
2022,4,RN,38491,29637,8854,68128,1376.4702674871828
2022,4,SE,19315,16623,2692,35938,1365.032661805977
2022,5,AL,42103,22100,20003,64203,1291.583478383497
2022,5,BA,145177,122846,22331,268023,1565.621252889491
2022,5,CE,94681,77580,17101,172261,1504.1915690596463
2022,5,MA,43480,33271,10209,76751,1547.2479572992106
2022,5,PB,31059,25995,5064,57054,1406.7101385653514
2022,5,PE,105378,76339,29039,181717,1482.610878258475
2022,5,PI,22219,18519,3700,40738,1429.12679834554
2022,5,RN,33507,27322,6185,60829,1401.671880591252
2022,5,SE,22151,15890,6261,38041,1379.9735156176214
2022,6,AL,23358,24604,-1246,47962,1446.7346943100674
2022,6,BA,120188,132204,-12016,252392,1565.0554277998913
2022,6,CE,74112,74524,-412,148636,1547.1156692046288
2022,6,MA,34694,37870,-3176,72564,1519.6680167184004
2022,6,PB,26817,26653,164,53470,1371.0142242717234
2022,6,PE,80653,81795,-1142,162448,11114.966148784122
2022,6,PI,17856,21935,-4079,39791,1439.5938386106936
2022,6,RN,28277,29490,-1213,57767,1412.949965517362
2022,6,SE,15733,15780,-47,31513,1438.9068869588582
2023,1,AL,24938,24902,36,49840,1485.481131177627
2023,1,BA,139050,127305,11745,266355,1600.2456651127416
2023,1,CE,87826,86459,1367,174285,1565.8427215472088
2023,1,MA,37728,35840,1888,73568,1615.440626777628
2023,1,PB,29528,30737,-1209,60265,1394.5597607775153
2023,1,PE,93108,86020,7088,179128,9848.090120007635
2023,1,PI,20353,19155,1198,39508,1516.4923919608586
2023,1,RN,30730,30340,390,61070,1437.5271858369297
2023,1,SE,18933,18052,881,36985,1417.4961587204837
2023,2,AL,27099,31035,-3936,58134,1420.320546801411
2023,2,BA,156421,135841,20580,292262,1611.5184082988171
2023,2,CE,90436,81203,9233,171639,1613.6729688244777
2023,2,MA,40085,35126,4959,75211,1673.6417811754043
2023,2,PB,31186,35182,-3996,66368,1334.5841901271478
2023,2,PE,88866,96556,-7690,185422,1562.1423395187162
2023,2,PI,23874,20061,3813,43935,1485.8213660435404
2023,2,RN,33913,32414,1499,66327,1537.7657088881847
2023,2,SE,20187,19367,820,39554,1462.8858718745846
2023,3,AL,26795,33518,-6723,60313,1438.6597725094114
2023,3,BA,147388,129641,17747,277029,1650.5702151673177
2023,3,CE,94275,84269,10006,178544,1639.2384284180912
2023,3,MA,43877,36566,7311,80443,1648.8264018822756
2023,3,PB,31843,29198,2645,61041,1426.0122935447312
2023,3,PE,93308,87517,5791,180825,1607.3824697650841
2023,3,PI,26799,19961,6838,46760,1536.5263960279979
2023,3,RN,35622,31390,4232,67012,1598.2053626848506
2023,3,SE,18546,18086,460,36632,1492.6738258376813
2023,4,AL,30366,24814,5552,55180,1521.4845404952193
2023,4,BA,154807,138109,16698,292916,1675.3015317087825
2023,4,CE,101873,84451,17422,186324,1601.0337645488871
2023,4,MA,43848,38853,4995,82701,1646.5214077722285
2023,4,PB,40731,28472,12259,69203,1425.4141240352085
2023,4,PE,105741,85774,19967,191515,1571.8256846788868
2023,4,PI,27242,20749,6493,47991,1526.5001452412166
2023,4,RN,40986,31480,9506,72466,1593.413925413788
2023,4,SE,20556,17619,2937,38175,1472.1330567200962
2023,5,AL,43026,22703,20323,65729,1401.0935577614373
2023,5,BA,144354,128595,15759,272949,1699.4680151975979
2023,5,CE,98012,81399,16613,179411,1615.1469544098597
2023,5,MA,42389,37182,5207,79571,1662.8877943126608
2023,5,PB,34567,26601,7966,61168,1475.465720779648
2023,5,PE,107422,80286,27136,187708,1606.90054001643
2023,5,PI,25027,20346,4681,45373,1567.4587265187429
2023,5,RN,36156,29645,6511,65801,1713.7514744276605
2023,5,SE,23938,16379,7559,40317,1462.654717440701
2023,6,AL,25597,22662,2935,48259,1508.685949821678
2023,6,BA,129409,139334,-9925,268743,1646.9674160101617
2023,6,CE,80301,79352,949,159653,1631.8783247860601
2023,6,MA,34644,36901,-2257,71545,1652.170680493647
2023,6,PB,28431,26278,2153,54709,1482.4895162070611
2023,6,PE,89835,90806,-971,180641,1627.2382194184383
2023,6,PI,19688,23291,-3603,42979,1512.280267375329
2023,6,RN,31819,31044,775,62863,1630.2789210184883
2023,6,SE,17238,16243,995,33481,1463.3910612362336
2024,1,AL,27232,29345,-2113,56577,1548.5605424661887
2024,1,BA,152588,141518,11070,294106,1727.711353095095
2024,1,CE,96308,91147,5161,187455,1676.1857847058154
2024,1,MA,39338,41389,-2051,80727,1722.428435992691
2024,1,PB,35106,34783,323,69889,1487.2490911551804
2024,1,PE,99399,94962,4437,194361,1677.4137255412368
2024,1,PI,23875,22621,1254,46496,1677.1265745619153
2024,1,RN,35363,33623,1740,68986,1707.8354939782935
2024,1,SE,21583,19227,2356,40810,1515.952679373106
2024,2,AL,30543,41739,-11196,72282,1514.470802108488
2024,2,BA,171013,147882,23131,318895,1734.7193901241885
2024,2,CE,99658,87795,11863,187453,1664.8269743845492
2024,2,MA,44328,38573,5755,82901,1721.0735615005672
2024,2,PB,37816,36814,1002,74630,1485.7554374515034
2024,2,PE,104519,104258,261,208777,2133.874138869781
2024,2,PI,27468,22381,5087,49849,1597.1542386204273
2024,2,RN,41075,36969,4106,78044,1545.4948687384422
2024,2,SE,22889,23194,-305,46083,1562.6655781251243
2024,3,AL,29971,25061,4910,55032,1623.8396222700549
2024,3,BA,160174,142490,17684,302664,1774.902928522033
2024,3,CE,105271,90695,14576,195966,1705.6721980934853
2024,3,MA,47445,39004,8441,86449,1759.4920378603938
2024,3,PB,35577,30381,5196,65958,1539.2912625844535
2024,3,PE,101937,89923,12014,191860,1693.2641336129068
2024,3,PI,25973,20925,5048,46898,1673.424044910896
2024,3,RN,39784,32515,7269,72299,1578.0431026333335
2024,3,SE,20678,18134,2544,38812,1597.088577356813
2024,4,AL,37070,28953,8117,66023,1552.5951194041972
2024,4,BA,173601,147838,25763,321439,1761.5709929971101
2024,4,CE,112294,99512,12782,211806,1729.5187054716994
2024,4,MA,46351,41262,5089,87613,1767.1786041238563
2024,4,PB,46849,33446,13403,80295,1513.1688298720117
2024,4,PE,118638,92948,25690,211586,1953.9258893961587
2024,4,PI,26368,22588,3780,48956,1648.9618303888353
2024,4,RN,47355,34342,13013,81697,1603.4573987322578
2024,4,SE,23190,19114,4076,42304,1577.7103041563967
2024,5,AL,46812,27947,18865,74759,1537.6078582761857
2024,5,BA,165576,151269,14307,316845,1782.2383608188345
2024,5,CE,108655,95946,12709,204601,1701.2484967853597
2024,5,MA,45015,40355,4660,85370,1794.771181052945
2024,5,PB,38412,33175,5237,71587,1578.6355021742204
2024,5,PE,115671,92810,22861,208481,1704.4176877816958
2024,5,PI,24203,21897,2306,46100,1661.1142547311747
2024,5,RN,42714,34886,7828,77600,1639.545912700792
2024,5,SE,26831,20084,6747,46915,1587.9250158508537
2024,6,AL,26585,28381,-1796,54966,1596.8491574132133
2024,6,BA,138442,149912,-11470,288354,5276.108861370909
2024,6,CE,85935,87714,-1779,173649,1716.0089352522016
2024,6,MA,37108,42692,-5584,79800,1812.205015077071
2024,6,PB,32838,31004,1834,63842,1572.7054758218003
2024,6,PE,90595,95524,-4929,186119,1767.1953819588994
2024,6,PI,18669,22764,-4095,41433,1629.6782378336513
2024,6,RN,33157,33413,-256,66570,1609.3854728613599
2024,6,SE,19915,20210,-295,40125,1564.3864570302578
2025,1,AL,32109,38520,-6411,70629,1629.9596380023754
2025,1,BA,186748,159684,27064,346432,1796.4001204672954
2025,1,CE,113255,107992,5263,221247,1767.991571938635
2025,1,MA,48365,45876,2489,94241,1917.7777866347055
2025,1,PB,43229,43424,-195,86653,1546.3064601051406
2025,1,PE,114670,112312,2358,226982,1783.4050403556857
2025,1,PI,26760,24732,2028,51492,1798.5545749501657
2025,1,RN,42196,40329,1867,82525,1667.311560397031
2025,1,SE,26188,26232,-44,52420,1649.531362518565
2025,2,AL,30288,38366,-8078,68654,1620.1071668901554
2025,2,BA,174143,156792,17351,330935,1821.132465720185
2025,2,CE,104110,97510,6600,201620,1823.1002429029732
2025,2,MA,44527,39839,4688,84366,2052.2137268351225
2025,2,PB,40313,39652,661,79965,1618.229668651249
2025,2,PE,108202,104179,4023,212381,1791.4810956116396
2025,2,PI,27841,22893,4948,50734,1753.1949132533528
2025,2,RN,42507,41498,1009,84005,1682.7055718227646
2025,2,SE,24782,23541,1241,48323,1700.5970278435093
2025,3,AL,30702,28133,2569,58835,1707.7203390188372
2025,3,BA,169061,148219,20842,317280,1855.5650380727393
2025,3,CE,112176,99087,13089,211263,1800.3718241397978
2025,3,MA,50489,40682,9807,91171,1908.4811865742558
2025,3,PB,44885,38465,6420,83350,1653.4814673642913
2025,3,PE,111371,96438,14933,207809,1828.9161088755627
2025,3,PI,29482,23178,6304,52660,1733.8447536758722
2025,3,RN,43941,39958,3983,83899,1684.3970379927132
2025,3,SE,26287,21941,4346,48228,1706.77836754386
2025,4,AL,35883,29968,5915,65851,1722.4455862792533
2025,4,BA,178460,158009,20451,336469,7055.1757322325
2025,4,CE,121168,106811,14357,227979,1832.0263950930243
2025,4,MA,49470,43423,6047,92893,1965.495976041449
2025,4,PB,50295,39556,10739,89851,219343.90159624888
2025,4,PE,122268,102199,20069,224467,1800.4488283718797
2025,4,PI,29174,23598,5576,52772,1785.0642712331992
2025,4,RN,48041,39264,8777,87305,1688.4752099778575
2025,4,SE,25772,23321,2451,49093,1689.8579266013285
2025,5,AL,47246,28706,18540,75952,1638.3704670125721
2025,5,BA,177202,161403,15799,338605,1914.5288848742134
2025,5,CE,121535,107595,13940,229130,1825.4474686882586
2025,5,MA,50143,43580,6563,93723,1941.660547561923
2025,5,PB,46602,37784,8818,84386,1686.8485532007658
2025,5,PE,132669,106471,26198,239140,1841.6268666193278
2025,5,PI,29373,24276,5097,53649,1799.1148472845925
2025,5,RN,42166,37981,4185,80147,2381.9371705362696
2025,5,SE,30192,23154,7038,53346,1776.3338803401632
2025,6,AL,27405,27308,97,54713,1721.0399409084168
2025,6,BA,144334,155069,-10735,299403,1923.7373998576677
2025,6,CE,87886,92812,-4926,180698,1862.7471862873945
2025,6,MA,39064,40734,-1670,79798,1929.423524316599
2025,6,PB,35161,33767,1394,68928,1705.6601528831475
2025,6,PE,94953,95419,-466,190372,2441.6593228365673
2025,6,PI,21057,24575,-3518,45632,1767.2917957010457
2025,6,RN,34412,38170,-3758,72582,1715.7954082936149
2025,6,SE,21462,21969,-507,43431,1772.0032774940619
