ano,sigla_uf,divisao_cnae,saldo,salario_medio,total_movimentacoes,uf_nome
2020,AL,A,1467,1042.3532532345569,7645,Alagoas
2020,AL,B,232,3135.233902606307,586,Alagoas
2020,AL,C,-2541,924.8567470767088,60107,Alagoas
2020,AL,D,11,1901.4805446433636,701,Alagoas
2020,AL,E,72,1736.8819487764652,2836,Alagoas
2020,AL,F,2769,1350.295351808115,25869,Alagoas
2020,AL,G,1601,1081.153315934316,45699,Alagoas
2020,AL,H,240,1402.3814491901849,6320,Alagoas
2020,AL,I,-934,1164.1516326094832,13900,Alagoas
2020,AL,J,392,1616.140450185252,2062,Alagoas
2020,AL,K,-4,2520.579146131323,748,Alagoas
2020,AL,L,218,1431.9326305428988,1032,Alagoas
2020,AL,M,504,1393.6834019614646,4208,Alagoas
2020,AL,N,-178,1124.41402134716,18448,Alagoas
2020,AL,O,-79,1102.7434226190476,117,Alagoas
2020,AL,P,-368,1249.744739050118,4752,Alagoas
2020,AL,Q,962,1410.107137207425,8122,Alagoas
2020,AL,R,-75,1978.530009240684,903,Alagoas
2020,AL,S,111,1236.5725509682363,3309,Alagoas
2020,AL,T,-1,,1,Alagoas
2020,BA,A,2277,1264.1652998571203,71697,Bahia
2020,BA,B,-393,2412.313602107112,6367,Bahia
2020,BA,C,1232,1319.9840851896,121592,Bahia
2020,BA,D,3,3167.8484078505257,993,Bahia
2020,BA,E,26,1512.72674008956,7662,Bahia
2020,BA,F,106,1618.432948529531,159852,Bahia
2020,BA,G,1666,1191.1674324167636,240134,Bahia
2020,BA,H,-390,1570.7222548839902,53242,Bahia
2020,BA,I,-12971,1201.6181657898858,65595,Bahia
2020,BA,J,2083,2118.5077340387047,13751,Bahia
2020,BA,K,-602,2445.85210270272,5192,Bahia
2020,BA,L,140,1462.1635117177782,3636,Bahia
2020,BA,M,-649,1727.3059214758784,32429,Bahia
2020,BA,N,2671,1216.0413104281608,121939,Bahia
2020,BA,O,-563,1964.340021044626,7257,Bahia
2020,BA,P,-5004,1168.42078362588,29650,Bahia
2020,BA,Q,9423,1685.4523161240224,67379,Bahia
2020,BA,R,-906,1442.3272667646972,4494,Bahia
2020,BA,S,353,1649.1001045563587,19203,Bahia
2020,BA,T,4,696.6666666666666,12,Bahia
2020,BA,U,-11,1052.8344444444444,13,Bahia
2020,CE,A,644,1109.2413517508137,14478,Ceará
2020,CE,B,236,1684.217347347185,1700,Ceará
2020,CE,C,6929,1107.1819541021905,126145,Ceará
2020,CE,D,-15,3958.5798690140896,541,Ceará
2020,CE,E,301,1380.0352004235658,3943,Ceará
2020,CE,F,7899,1614.9481751769963,81787,Ceará
2020,CE,G,3716,1171.8179818569663,153262,Ceará
2020,CE,H,-1186,1397.6910266282728,27514,Ceará
2020,CE,I,-3890,1111.2362704419636,39614,Ceará
2020,CE,J,2344,1773.741494727975,17470,Ceará
2020,CE,K,-355,2581.2989308538986,6875,Ceará
2020,CE,L,517,1300.6342476222874,4117,Ceará
2020,CE,M,1865,1623.9675664885451,15677,Ceará
2020,CE,N,8213,1304.0924208727886,105415,Ceará
2020,CE,O,-620,1094.1509689153438,2734,Ceará
2020,CE,P,-513,1200.1207326245617,19515,Ceará
2020,CE,Q,5403,1757.2843323281352,31687,Ceará
2020,CE,R,-989,1710.1594140624693,4951,Ceará
2020,CE,S,1014,1410.362899680744,16918,Ceará
2020,CE,T,7,1063.25,27,Ceará
2020,MA,A,202,1310.814465787195,16056,Maranhão
2020,MA,B,94,3029.717860793716,650,Maranhão
2020,MA,C,2257,1418.7845527887596,21155,Maranhão
2020,MA,D,66,5890.632004786599,358,Maranhão
2020,MA,E,267,1344.9564664191976,1237,Maranhão
2020,MA,F,3962,1769.7897581352763,52054,Maranhão
2020,MA,G,6499,1123.59295452817,89483,Maranhão
2020,MA,H,358,1588.0311117199744,15332,Maranhão
2020,MA,I,-727,1156.729505699005,10513,Maranhão
2020,MA,J,692,1435.6354823834436,4190,Maranhão
2020,MA,K,-186,2863.0091531280705,1216,Maranhão
2020,MA,L,64,2878.568928169794,1260,Maranhão
2020,MA,M,248,1647.1488561809183,4788,Maranhão
2020,MA,N,2094,1274.8344215713505,30770,Maranhão
2020,MA,O,-239,2294.2354853422084,759,Maranhão
2020,MA,P,-368,1358.3294490515268,8516,Maranhão
2020,MA,Q,4144,1627.1910170425256,18974,Maranhão
2020,MA,R,-24,937.999220472505,658,Maranhão
2020,MA,S,1415,1781.324962856471,5873,Maranhão
2020,MA,T,5,1046.24,15,Maranhão
2020,PB,A,2781,884.6547578370833,6955,Paraíba
2020,PB,B,-74,1529.61265444507,588,Paraíba
2020,PB,C,1935,1004.2003287693066,40547,Paraíba
2020,PB,D,11,3526.0599413381715,319,Paraíba
2020,PB,E,-351,1650.8648142709,1737,Paraíba
2020,PB,F,6719,1346.3756557562658,37523,Paraíba
2020,PB,G,1479,1148.5585164087067,60389,Paraíba
2020,PB,H,-995,1369.4871542124,6395,Paraíba
2020,PB,I,-1126,1066.7271217622144,12626,Paraíba
2020,PB,J,248,1859.4912732395849,4788,Paraíba
2020,PB,K,-157,2375.546294371088,1271,Paraíba
2020,PB,L,57,1654.0166983165493,791,Paraíba
2020,PB,M,222,1425.2269744905636,4368,Paraíba
2020,PB,N,8154,1080.7383009834173,33536,Paraíba
2020,PB,O,-5,783.75,35,Paraíba
2020,PB,P,-4799,1024.9314183864633,11453,Paraíba
2020,PB,Q,-263,1271.7300246314264,8967,Paraíba
2020,PB,R,6,1243.2259433241124,1114,Paraíba
2020,PB,S,-4224,1177.788377908951,7660,Paraíba
2020,PB,T,1,,1,Paraíba
2020,PE,A,1371,995.4901452848228,48035,Pernambuco
2020,PE,B,-5,1485.7855226340864,633,Pernambuco
2020,PE,C,837,1183.0183977757692,118763,Pernambuco
2020,PE,D,357,3163.4759026186716,1101,Pernambuco
2020,PE,E,-586,1417.1527668398776,5704,Pernambuco
2020,PE,F,-216,1470.491966752028,76226,Pernambuco
2020,PE,G,152,14658.630929575966,164492,Pernambuco
2020,PE,H,-3252,1549.8999596140554,36814,Pernambuco
2020,PE,I,-7640,1214.4560424859449,41844,Pernambuco
2020,PE,J,510,2624.2452148284597,11798,Pernambuco
2020,PE,K,-470,2831.082807177319,3352,Pernambuco
2020,PE,L,4,1573.4641972987713,2296,Pernambuco
2020,PE,M,-732,1716.069090659632,24062,Pernambuco
2020,PE,N,4974,1252.5395483210957,110624,Pernambuco
2020,PE,O,-75,1837.153227029655,263,Pernambuco
2020,PE,P,-1573,1438.731780736206,19117,Pernambuco
2020,PE,Q,5908,1602.2243373554104,42428,Pernambuco
2020,PE,R,-497,1890.1100080115775,3923,Pernambuco
2020,PE,S,-699,1378.427291505546,13013,Pernambuco
2020,PE,T,-2,1212.335,8,Pernambuco
2020,PE,U,-1,,1,Pernambuco
2020,PI,A,194,1358.5830854715816,7568,Piauí
2020,PI,B,56,1458.8646025968226,362,Piauí
2020,PI,C,-557,1109.8029155052875,15307,Piauí
2020,PI,D,-367,3697.324791598838,549,Piauí
2020,PI,E,-120,1457.7136826494925,1240,Piauí
2020,PI,F,1768,1693.3999470788822,26516,Piauí
2020,PI,G,1667,1195.5479686423678,41819,Piauí
2020,PI,H,-952,1389.6393666107845,5164,Piauí
2020,PI,I,-952,1021.7364987175356,7638,Piauí
2020,PI,J,643,1875.5985150240745,2551,Piauí
2020,PI,K,-101,2222.055641904836,903,Piauí
2020,PI,L,-23,1492.6699986623626,507,Piauí
2020,PI,M,585,1361.0499528739078,3093,Piauí
2020,PI,N,1678,1203.476737371901,20364,Piauí
2020,PI,O,-15,2467.2529999999997,21,Piauí
2020,PI,P,-541,1092.6077440957492,4345,Piauí
2020,PI,Q,222,1352.06800658628,6762,Piauí
2020,PI,R,-63,1140.6099211380626,583,Piauí
2020,PI,S,134,1224.6954456662904,1962,Piauí
2020,PI,T,-1,,1,Piauí
2020,RN,A,329,1089.7911223155086,22285,Rio Grande do Norte
2020,RN,B,-520,1973.4127351260047,3714,Rio Grande do Norte
2020,RN,C,176,1099.1469319637845,29134,Rio Grande do Norte
2020,RN,D,289,2217.9232140083427,557,Rio Grande do Norte
2020,RN,E,-74,1448.7716986397054,1180,Rio Grande do Norte
2020,RN,F,1637,1415.9615017822468,38681,Rio Grande do Norte
2020,RN,G,2803,1075.1369320448437,61925,Rio Grande do Norte
2020,RN,H,-1413,1438.554732487657,7243,Rio Grande do Norte
2020,RN,I,-2026,1112.7811647643966,17610,Rio Grande do Norte
2020,RN,J,456,1369.9267055774644,3322,Rio Grande do Norte
2020,RN,K,-67,2077.4303571795003,1475,Rio Grande do Norte
2020,RN,L,127,1274.668430003475,1197,Rio Grande do Norte
2020,RN,M,111,1446.8489682288553,8155,Rio Grande do Norte
2020,RN,N,1998,1149.9013289525053,39066,Rio Grande do Norte
2020,RN,O,-11,2019.2292451923076,111,Rio Grande do Norte
2020,RN,P,-581,1142.3334820687198,7457,Rio Grande do Norte
2020,RN,Q,743,1287.2553548162189,10327,Rio Grande do Norte
2020,RN,R,-155,1493.9445640674458,1345,Rio Grande do Norte
2020,RN,S,136,1228.5830724038374,3082,Rio Grande do Norte
2020,RN,T,-14,1148.2092525252526,76,Rio Grande do Norte
2020,SE,A,-342,1066.0740282356844,5668,Sergipe
2020,SE,B,-754,2877.801982878733,1500,Sergipe
2020,SE,C,616,1115.5049032076215,25076,Sergipe
2020,SE,D,27,3033.6270252573727,329,Sergipe
2020,SE,E,102,1325.0419661885471,964,Sergipe
2020,SE,F,-1146,1321.540763814705,21582,Sergipe
2020,SE,G,-65,1103.8577124416756,33879,Sergipe
2020,SE,H,-751,1584.6646953497736,5565,Sergipe
2020,SE,I,-1421,1086.2367728032475,6909,Sergipe
2020,SE,J,354,1530.0268482918552,2172,Sergipe
2020,SE,K,-167,1999.605955500427,1135,Sergipe
2020,SE,L,6,1437.717055939955,664,Sergipe
2020,SE,M,22,1471.4217902808678,3666,Sergipe
2020,SE,N,679,1142.7967792346797,18625,Sergipe
2020,SE,O,-143,4037.425,405,Sergipe
2020,SE,P,-779,966.4954846112348,4805,Sergipe
2020,SE,Q,134,1730.8120126024578,6920,Sergipe
2020,SE,R,-214,1365.9515412600792,828,Sergipe
2020,SE,S,-96,1272.2863446532697,2336,Sergipe
2020,SE,T,2,1422.5,4,Sergipe
2021,AL,A,1974,1073.973259525071,11812,Alagoas
2021,AL,B,64,2528.7184032735663,470,Alagoas
2021,AL,C,3127,1000.6005113484356,62803,Alagoas
2021,AL,D,103,2326.356191120934,1267,Alagoas
2021,AL,E,756,1720.2449745563697,2694,Alagoas
2021,AL,F,2970,1441.286778655117,32654,Alagoas
2021,AL,G,7196,16403.848357952815,60582,Alagoas
2021,AL,H,925,1382.9602444901436,9313,Alagoas
2021,AL,I,3773,1170.6346039357247,18845,Alagoas
2021,AL,J,716,1503.26829195321,3430,Alagoas
2021,AL,K,155,2489.1200247731945,1083,Alagoas
2021,AL,L,557,1280.0727660056316,1861,Alagoas
2021,AL,M,906,1622.8178942169232,6276,Alagoas
2021,AL,N,4402,1171.4292401321738,26604,Alagoas
2021,AL,O,4,3716.509722222222,54,Alagoas
2021,AL,P,527,1115.708605308394,6985,Alagoas
2021,AL,Q,1078,1371.5061911638743,8924,Alagoas
2021,AL,R,131,2096.2897542327705,1041,Alagoas
2021,AL,S,893,1262.659174132588,5231,Alagoas
2021,AL,T,4,1106.25,4,Alagoas
2021,BA,A,8618,1250.7078019320145,108984,Bahia
2021,BA,B,2132,2532.297975305399,8146,Bahia
2021,BA,C,17727,1412.9942339616955,147891,Bahia
2021,BA,D,741,2450.8527605011964,1583,Bahia
2021,BA,E,1855,1521.3741489878057,10697,Bahia
2021,BA,F,14968,1779.4262604205442,184674,Bahia
2021,BA,G,32853,1233.9262975087097,308025,Bahia
2021,BA,H,7642,1608.6219888213766,66900,Bahia
2021,BA,I,11832,1207.265937276153,74308,Bahia
2021,BA,J,3664,2411.353776162757,21872,Bahia
2021,BA,K,804,2572.409878639767,7146,Bahia
2021,BA,L,1148,1514.706104304829,5146,Bahia
2021,BA,M,4196,1738.1156243418209,43512,Bahia
2021,BA,N,18265,1259.0249490131346,169121,Bahia
2021,BA,O,474,2207.7245992222106,8266,Bahia
2021,BA,P,-2527,1220.094816789161,36905,Bahia
2021,BA,Q,8333,1805.9833801340071,92305,Bahia
2021,BA,R,791,1686.464272882503,5519,Bahia
2021,BA,S,2901,1501.890147939965,21007,Bahia
2021,BA,T,15,1120.8642045454546,35,Bahia
2021,CE,A,1169,1122.7570895347335,20039,Ceará
2021,CE,B,318,1612.069379412121,2056,Ceará
2021,CE,C,14491,1190.9905060577005,145283,Ceará
2021,CE,D,27,4703.751942517327,613,Ceará
2021,CE,E,1283,1299.0982558085277,7383,Ceará
2021,CE,F,9975,1502.6042502963094,108087,Ceará
2021,CE,G,23706,1237.9779057953465,189494,Ceará
2021,CE,H,3326,1433.5441370239832,32960,Ceará
2021,CE,I,7266,1141.654070721407,48326,Ceará
2021,CE,J,4594,1904.780235509594,28934,Ceará
2021,CE,K,769,2773.579005968549,8655,Ceará
2021,CE,L,572,1443.3499918115351,4796,Ceará
2021,CE,M,3922,1674.460932675431,24732,Ceará
2021,CE,N,14964,1493.4877080081403,134088,Ceará
2021,CE,O,-264,2137.7425874819623,2342,Ceará
2021,CE,P,1948,1249.7555793881777,28414,Ceará
2021,CE,Q,7759,1810.3987885168708,42373,Ceará
2021,CE,R,1043,2315.8218307185266,6307,Ceará
2021,CE,S,3791,1546.652322276899,21033,Ceará
2021,CE,T,3,1212.442727272727,41,Ceará
2021,MA,A,3765,1431.380387623798,26339,Maranhão
2021,MA,B,280,2739.590517837154,946,Maranhão
2021,MA,C,1365,1470.7024095955735,25413,Maranhão
2021,MA,D,72,6070.050770040748,634,Maranhão
2021,MA,E,382,1370.4784863725272,1796,Maranhão
2021,MA,F,6551,1550.7034660906866,65615,Maranhão
2021,MA,G,10162,1176.6086387754335,110732,Maranhão
2021,MA,H,1421,1682.335830503576,19395,Maranhão
2021,MA,I,2070,1257.6126110535513,13420,Maranhão
2021,MA,J,570,1479.770001713331,6720,Maranhão
2021,MA,K,293,2440.7928904827204,1861,Maranhão
2021,MA,L,283,1348.799175566848,1349,Maranhão
2021,MA,M,1686,1776.0177646439845,7830,Maranhão
2021,MA,N,4421,1350.549788293652,38159,Maranhão
2021,MA,O,290,2583.040323884634,906,Maranhão
2021,MA,P,772,1088.0538243610083,10512,Maranhão
2021,MA,Q,4177,1589.7892666190685,23139,Maranhão
2021,MA,R,130,1055.900961365077,1230,Maranhão
2021,MA,S,2170,1622.775086761364,7888,Maranhão
2021,MA,T,-8,1045.4566269841268,28,Maranhão
2021,PB,A,2027,962.995254476524,12077,Paraíba
2021,PB,B,119,1623.7999652988549,681,Paraíba
2021,PB,C,3087,1058.9697086648828,44917,Paraíba
2021,PB,D,67,2824.771570667071,537,Paraíba
2021,PB,E,-220,1179.4013661482563,1708,Paraíba
2021,PB,F,5809,1415.0528319197483,48017,Paraíba
2021,PB,G,9492,1197.926305803432,77418,Paraíba
2021,PB,H,62,1482.0067555060443,7182,Paraíba
2021,PB,I,1972,1100.9885152944414,16194,Paraíba
2021,PB,J,1092,2189.0706556999926,6838,Paraíba
2021,PB,K,171,2538.8980465283375,1805,Paraíba
2021,PB,L,131,1435.5577909358592,1151,Paraíba
2021,PB,M,1753,1460.1790707629534,7149,Paraíba
2021,PB,N,8135,1088.389950722101,43503,Paraíba
2021,PB,O,-30,2472.5977777777775,42,Paraíba
2021,PB,P,507,956.7146130783376,10691,Paraíba
2021,PB,Q,1205,1319.093652313248,10467,Paraíba
2021,PB,R,214,1004.3471880317652,1826,Paraíba
2021,PB,S,697,1271.1406236166886,4595,Paraíba
2021,PB,T,9,1102.85,17,Paraíba
2021,PE,A,7795,1066.1183079338691,70167,Pernambuco
2021,PE,B,175,1794.3242816020822,755,Pernambuco
2021,PE,C,12664,1190.4193373458663,135304,Pernambuco
2021,PE,D,1036,1889.6082351965877,2206,Pernambuco
2021,PE,E,1110,1434.9800499692155,7754,Pernambuco
2021,PE,F,4298,20239.683902273,90118,Pernambuco
2021,PE,G,21942,1269.1637943014691,204868,Pernambuco
2021,PE,H,1637,1742.3503218677008,40663,Pernambuco
2021,PE,I,6221,1233.094373137518,48007,Pernambuco
2021,PE,J,2543,2778.2619396109185,16643,Pernambuco
2021,PE,K,706,2921.942387555216,5408,Pernambuco
2021,PE,L,651,1585.182966494304,3441,Pernambuco
2021,PE,M,3722,1835.0956331225311,32856,Pernambuco
2021,PE,N,14452,1286.6532955431378,132622,Pernambuco
2021,PE,O,12,1831.443253949686,1382,Pernambuco
2021,PE,P,1731,1230.5027820717753,26761,Pernambuco
2021,PE,Q,6742,1595.9898673673936,49170,Pernambuco
2021,PE,R,636,2662.1851753625856,4848,Pernambuco
2021,PE,S,2976,1576.5402590711246,19152,Pernambuco
2021,PE,T,1,1551.0170833333334,15,Pernambuco
2021,PE,U,0,,6,Pernambuco
2021,PI,A,1519,1382.3399538806518,13231,Piauí
2021,PI,B,188,1624.5378329004216,680,Piauí
2021,PI,C,1886,1126.8093216748575,17986,Piauí
2021,PI,D,108,3657.6104726985545,366,Piauí
2021,PI,E,731,1411.759616702052,2001,Piauí
2021,PI,F,4055,1511.9084960611,35305,Piauí
2021,PI,G,9612,1183.8153811611903,56650,Piauí
2021,PI,H,119,1659.8313226509642,5693,Piauí
2021,PI,I,1569,1134.4769518803737,10183,Piauí
2021,PI,J,916,1337.0340463615648,3952,Piauí
2021,PI,K,136,2349.560746205281,1260,Piauí
2021,PI,L,83,1404.0765005701348,671,Piauí
2021,PI,M,-42,1546.2882150113062,7952,Piauí
2021,PI,N,3800,1266.4501677013434,29198,Piauí
2021,PI,O,20,1302048251.519762,88,Piauí
2021,PI,P,496,1446.8458148520328,6370,Piauí
2021,PI,Q,1142,1755.6862656784494,7802,Piauí
2021,PI,R,216,1067.0097127303743,1132,Piauí
2021,PI,S,297,1243.6237337077011,3293,Piauí
2021,RN,A,944,1125.0559833010936,24314,Rio Grande do Norte
2021,RN,B,1038,1821.8937330264723,4542,Rio Grande do Norte
2021,RN,C,5023,1167.6669706300256,38451,Rio Grande do Norte
2021,RN,D,14,3624.981393752835,272,Rio Grande do Norte
2021,RN,E,150,1283.786692346556,3416,Rio Grande do Norte
2021,RN,F,4086,1502.1608146805318,47004,Rio Grande do Norte
2021,RN,G,9055,1144.517024706338,78735,Rio Grande do Norte
2021,RN,H,428,1467.9653237728369,7180,Rio Grande do Norte
2021,RN,I,3877,1117.0911183890669,22129,Rio Grande do Norte
2021,RN,J,695,1604.0391931757376,4615,Rio Grande do Norte
2021,RN,K,327,2214.4808340716186,2095,Rio Grande do Norte
2021,RN,L,468,1394.6589737020602,2124,Rio Grande do Norte
2021,RN,M,1219,1656.4240634571613,9427,Rio Grande do Norte
2021,RN,N,5616,1213.3685116221873,50076,Rio Grande do Norte
2021,RN,O,-1,2722.274344155844,69,Rio Grande do Norte
2021,RN,P,1307,1035.4424726778404,10659,Rio Grande do Norte
2021,RN,Q,2459,1332.830579682076,13189,Rio Grande do Norte
2021,RN,R,247,1321.5231242564962,1951,Rio Grande do Norte
2021,RN,S,775,1255.4992073158198,5053,Rio Grande do Norte
2021,RN,T,-1,1160.4260678210678,61,Rio Grande do Norte
2021,SE,A,1735,1128.0088436309527,9969,Sergipe
2021,SE,B,169,2577.32989951269,1117,Sergipe
2021,SE,C,1144,1192.111287033298,28490,Sergipe
2021,SE,D,80,2276.2449280248534,446,Sergipe
2021,SE,E,28,1431.101405527652,850,Sergipe
2021,SE,F,2542,1407.1392684005452,23616,Sergipe
2021,SE,G,4801,1181.4232247883515,42721,Sergipe
2021,SE,H,-590,1597.0505034812247,6924,Sergipe
2021,SE,I,1013,1095.5239627103178,9247,Sergipe
2021,SE,J,703,1574.441701875784,3525,Sergipe
2021,SE,K,-134,2452.641251386559,1764,Sergipe
2021,SE,L,-186,1415.803842500531,1072,Sergipe
2021,SE,M,771,1570.6917421166106,5277,Sergipe
2021,SE,N,488,1179.3010948939896,24082,Sergipe
2021,SE,O,-2,10949.276666666668,568,Sergipe
2021,SE,P,-52,973.5062474264978,6752,Sergipe
2021,SE,Q,439,1344.524998238145,9625,Sergipe
2021,SE,R,307,3420.578656535983,1353,Sergipe
2021,SE,S,412,1339.836711172058,3262,Sergipe
2021,SE,T,0,762.5,6,Sergipe
2022,AL,A,-404,1133.0107845466766,14092,Alagoas
2022,AL,B,602,3461.512261829632,1102,Alagoas
2022,AL,C,5239,1191.7127189272949,65909,Alagoas
2022,AL,D,29,3703.050481903434,671,Alagoas
2022,AL,E,1125,1919.851067358398,3489,Alagoas
2022,AL,F,2442,1549.9486016680478,40626,Alagoas
2022,AL,G,4343,1299.2317941389438,77547,Alagoas
2022,AL,H,1468,1475.2764723249556,13276,Alagoas
2022,AL,I,2545,1369.30569796692,25129,Alagoas
2022,AL,J,174,1637.776568139131,3910,Alagoas
2022,AL,K,224,2517.3592765240805,1444,Alagoas
2022,AL,L,492,1375.9599500957684,2882,Alagoas
2022,AL,M,441,1692.158402266131,8119,Alagoas
2022,AL,N,2856,1273.855632725221,34596,Alagoas
2022,AL,O,-1328,3862.6750255880306,1678,Alagoas
2022,AL,P,602,1204.4167396372502,10096,Alagoas
2022,AL,Q,-324,1498.5031675575722,9502,Alagoas
2022,AL,R,152,2039.405422890717,1434,Alagoas
2022,AL,S,100,1388.425009901261,6300,Alagoas
2022,AL,T,1,1318.3333333333333,11,Alagoas
2022,BA,A,5343,1413.0218055842024,129307,Bahia
2022,BA,B,1557,2713.760365483836,8983,Bahia
2022,BA,C,16840,1436.012510640727,167908,Bahia
2022,BA,D,-89,3075.288001752302,1111,Bahia
2022,BA,E,1517,1672.3168073625532,12631,Bahia
2022,BA,F,19870,1781.5128157337676,243096,Bahia
2022,BA,G,17513,1406.2816049194614,367845,Bahia
2022,BA,H,6541,1757.663051714532,72189,Bahia
2022,BA,I,7168,1306.5627361628192,96204,Bahia
2022,BA,J,2903,2219.972855088588,25243,Bahia
2022,BA,K,180,2488.0498671235864,7838,Bahia
2022,BA,L,573,1591.593904883791,6177,Bahia
2022,BA,M,6573,1935.1569802411989,54509,Bahia
2022,BA,N,14021,1353.9579423378136,214677,Bahia
2022,BA,O,2364,1976.0080362532424,7126,Bahia
2022,BA,P,6881,1219.50825690814,52667,Bahia
2022,BA,Q,6933,1794.9492519095156,92201,Bahia
2022,BA,R,863,2306.5522944411905,7537,Bahia
2022,BA,S,748,1549.5847654609934,26562,Bahia
2022,BA,T,-6,1114.5380902777777,54,Bahia
2022,BA,U,1,3062.745,11,Bahia
2022,CE,A,58,1250.3161243838194,21336,Ceará
2022,CE,B,166,1703.792067705874,2366,Ceará
2022,CE,C,7300,1261.5472284088664,161516,Ceará
2022,CE,D,14,6122.126860588495,538,Ceará
2022,CE,E,275,1394.50724703508,6993,Ceará
2022,CE,F,8205,1642.962295973679,121309,Ceará
2022,CE,G,10443,1339.479401065091,222173,Ceará
2022,CE,H,1821,1562.2607759724372,37433,Ceará
2022,CE,I,5414,1264.774089264016,62828,Ceará
2022,CE,J,2880,2069.883216633252,33232,Ceará
2022,CE,K,351,2815.676684024475,10719,Ceará
2022,CE,L,371,1546.05332372393,4791,Ceará
2022,CE,M,5780,1792.3158200708017,32824,Ceará
2022,CE,N,19401,1527.1977639556378,160499,Ceará
2022,CE,O,1668,2010.0306750288755,2954,Ceará
2022,CE,P,1449,1343.5545730604483,36119,Ceará
2022,CE,Q,2255,1922.9054053923392,38001,Ceará
2022,CE,R,1107,2728.780681336119,8179,Ceará
2022,CE,S,-1147,1662.8380299704952,31733,Ceará
2022,CE,T,2,1190.7954545454545,38,Ceará
2022,CE,U,-1,1874.02,1,Ceará
2022,MA,A,2108,1564.8851181218977,37238,Maranhão
2022,MA,B,90,2840.1150987840324,1198,Maranhão
2022,MA,C,2897,1600.9117398942492,30691,Maranhão
2022,MA,D,98,5477.037227093805,552,Maranhão
2022,MA,E,321,1596.0350165366588,1755,Maranhão
2022,MA,F,1461,1655.4879123239457,72783,Maranhão
2022,MA,G,8824,1347.4718333250476,134882,Maranhão
2022,MA,H,1104,1857.2127929452483,20924,Maranhão
2022,MA,I,2810,1368.647774104994,20496,Maranhão
2022,MA,J,1252,1560.3673611595889,7982,Maranhão
2022,MA,K,44,2669.2611314774645,2392,Maranhão
2022,MA,L,137,1528.7231832448613,1801,Maranhão
2022,MA,M,1460,1673.8038241916838,13122,Maranhão
2022,MA,N,5784,1467.6357833310713,51718,Maranhão
2022,MA,O,1144,1279.6871711956812,3274,Maranhão
2022,MA,P,1596,1196.549384309687,14298,Maranhão
2022,MA,Q,4652,1712.754617321224,26086,Maranhão
2022,MA,R,233,1308.6644927562422,1711,Maranhão
2022,MA,S,2578,1782.9279655365783,13940,Maranhão
2022,MA,T,1,478.8210625,17,Maranhão
2022,PB,A,426,1309.883716428118,11284,Paraíba
2022,PB,B,45,1613.8297772283477,633,Paraíba
2022,PB,C,2801,1167.9191969762107,47993,Paraíba
2022,PB,D,81,2576.7912192869494,671,Paraíba
2022,PB,E,506,1653.1249435869734,2066,Paraíba
2022,PB,F,2643,1523.8196266786988,58813,Paraíba
2022,PB,G,4984,1307.270704487618,87722,Paraíba
2022,PB,H,264,1493.8252439925147,7826,Paraíba
2022,PB,I,1492,1205.3529891099686,22216,Paraíba
2022,PB,J,412,2012.848904176735,7292,Paraíba
2022,PB,K,-18,2317.7304550195777,1868,Paraíba
2022,PB,L,205,1576.5423802410987,1757,Paraíba
2022,PB,M,1336,1553.6112116813665,9132,Paraíba
2022,PB,N,5242,1206.1338430464264,54786,Paraíba
2022,PB,O,-810,2804.0836775030525,1302,Paraíba
2022,PB,P,1057,1008.429692982592,13639,Paraíba
2022,PB,Q,1796,1592.3038240210078,13072,Paraíba
2022,PB,R,381,1234.9715052666972,2445,Paraíba
2022,PB,S,-34,1355.0806178573978,6298,Paraíba
2022,PB,T,0,970.102,32,Paraíba
2022,PE,A,1485,1344.4878269021522,80023,Pernambuco
2022,PE,B,147,1697.2170798044592,979,Pernambuco
2022,PE,C,6920,1329.800379622673,143036,Pernambuco
2022,PE,D,-449,2754.3773617656575,1229,Pernambuco
2022,PE,E,1759,1564.5803645535325,9689,Pernambuco
2022,PE,F,8838,1664.2186833634426,104258,Pernambuco
2022,PE,G,10583,7694.221383366206,236913,Pernambuco
2022,PE,H,3012,1734.171937613107,48732,Pernambuco
2022,PE,I,4721,1326.784902118243,60297,Pernambuco
2022,PE,J,1402,2619.456891257925,17794,Pernambuco
2022,PE,K,55,2921.178323356399,5691,Pernambuco
2022,PE,L,260,1695.2232843078227,4238,Pernambuco
2022,PE,M,1645,1839.516170399219,38531,Pernambuco
2022,PE,N,14532,1393.3387749446815,163090,Pernambuco
2022,PE,O,-283,1879.6724424789263,2327,Pernambuco
2022,PE,P,3097,1233.9864928236814,34943,Pernambuco
2022,PE,Q,-295,1780.01891946068,57121,Pernambuco
2022,PE,R,780,1937.6196765246168,7066,Pernambuco
2022,PE,S,1482,1505.4033401835286,21478,Pernambuco
2022,PE,T,-5,1279.539125,19,Pernambuco
2022,PE,U,-3,3534.0272222222225,9,Pernambuco
2022,PI,A,783,1590.9333763776922,17539,Piauí
2022,PI,B,263,2013.4305012810817,1079,Piauí
2022,PI,C,259,1212.61533344768,20697,Piauí
2022,PI,D,-8,3828.4637313333646,406,Piauí
2022,PI,E,137,1505.3574758832874,2357,Piauí
2022,PI,F,-357,1577.610178217775,40953,Piauí
2022,PI,G,3636,1313.927276043641,69802,Piauí
2022,PI,H,769,1611.2213889446157,6295,Piauí
2022,PI,I,928,1239.849017104622,12716,Piauí
2022,PI,J,267,1447.3320187611578,3933,Piauí
2022,PI,K,782,1926.3640242599504,2632,Piauí
2022,PI,L,65,1483.243023292923,843,Piauí
2022,PI,M,657,1508.077233778896,7111,Piauí
2022,PI,N,3433,1410.4216427444542,33939,Piauí
2022,PI,O,25,3908.8329696969695,149,Piauí
2022,PI,P,672,1094.2255780080675,9370,Piauí
2022,PI,Q,251,1490.0331397352293,8471,Piauí
2022,PI,R,204,1177.0795975623632,1404,Piauí
2022,PI,S,-276,1307.8698927376035,5564,Piauí
2022,RN,A,-441,1237.2462311346087,21977,Rio Grande do Norte
2022,RN,B,1255,1814.524473937642,5279,Rio Grande do Norte
2022,RN,C,935,1354.272018316397,39539,Rio Grande do Norte
2022,RN,D,35,3212.591431792013,405,Rio Grande do Norte
2022,RN,E,552,1395.9021976128813,2310,Rio Grande do Norte
2022,RN,F,4469,1640.7846669419976,55381,Rio Grande do Norte
2022,RN,G,4510,1250.1610369106022,95010,Rio Grande do Norte
2022,RN,H,388,1637.930533578823,8094,Rio Grande do Norte
2022,RN,I,2140,1237.504518752812,27486,Rio Grande do Norte
2022,RN,J,-32,1599.389009755205,5258,Rio Grande do Norte
2022,RN,K,-36,2237.571694272279,1968,Rio Grande do Norte
2022,RN,L,136,1464.430739416758,2288,Rio Grande do Norte
2022,RN,M,1272,1689.5393974459091,11778,Rio Grande do Norte
2022,RN,N,4115,1321.4377223540148,52147,Rio Grande do Norte
2022,RN,O,-198,1892.6634307402755,770,Rio Grande do Norte
2022,RN,P,1096,1115.9897084802162,14416,Rio Grande do Norte
2022,RN,Q,89,1491.4386153272956,14637,Rio Grande do Norte
2022,RN,R,449,1331.1308504024678,2599,Rio Grande do Norte
2022,RN,S,69,1356.8879038789014,6441,Rio Grande do Norte
2022,RN,T,-9,1377.9988095238095,41,Rio Grande do Norte
2022,SE,A,165,1148.5473187012672,12053,Sergipe
2022,SE,B,392,2536.1585593485315,974,Sergipe
2022,SE,C,-566,1312.6454130542038,28842,Sergipe
2022,SE,D,53,2779.441204566772,443,Sergipe
2022,SE,E,51,1386.8393650391242,947,Sergipe
2022,SE,F,1796,1582.5217501192046,31444,Sergipe
2022,SE,G,2950,1260.1549608738967,51858,Sergipe
2022,SE,H,537,1578.0377170530694,8023,Sergipe
2022,SE,I,687,1199.8065345517773,11763,Sergipe
2022,SE,J,134,1574.7009676244843,3686,Sergipe
2022,SE,K,42,2566.5119116642763,2006,Sergipe
2022,SE,L,198,1452.2328494351052,1256,Sergipe
2022,SE,M,940,1557.5285246551982,7974,Sergipe
2022,SE,N,2103,1295.5652676106629,25711,Sergipe
2022,SE,O,-99,2273.7216688889525,571,Sergipe
2022,SE,P,346,1063.4477900304023,8878,Sergipe
2022,SE,Q,346,1489.645459929737,9506,Sergipe
2022,SE,R,236,1207.3165029736476,1688,Sergipe
2022,SE,S,-94,1594.960486609255,4484,Sergipe
2022,SE,T,5,1283.047619047619,9,Sergipe
2023,AL,A,297,1192.7211338735904,14659,Alagoas
2023,AL,B,95,2301.4701094822235,615,Alagoas
2023,AL,C,3974,1275.6539209123298,67102,Alagoas
2023,AL,D,179,3782.058434965751,727,Alagoas
2023,AL,E,-534,1905.784285240138,3738,Alagoas
2023,AL,F,2365,1706.2160176022946,42207,Alagoas
2023,AL,G,3432,1375.7585165274977,80104,Alagoas
2023,AL,H,213,1727.3403867653317,13577,Alagoas
2023,AL,I,1816,1441.16323807329,27300,Alagoas
2023,AL,J,-101,1835.1850209392348,4159,Alagoas
2023,AL,K,53,2826.045284245701,1665,Alagoas
2023,AL,L,319,1534.7310602045247,3461,Alagoas
2023,AL,M,834,1826.542252878406,9304,Alagoas
2023,AL,N,3217,1407.2012208832928,38339,Alagoas
2023,AL,O,1443,3138.849385541491,2617,Alagoas
2023,AL,P,704,1275.9784833400877,9852,Alagoas
2023,AL,Q,-234,1635.9535503556265,10598,Alagoas
2023,AL,R,166,2092.3368927400234,1618,Alagoas
2023,AL,S,-53,1439.6957336623884,5811,Alagoas
2023,AL,T,2,1302.0,2,Alagoas
2023,BA,A,6019,1508.3039757669223,147089,Bahia
2023,BA,B,886,2811.1086369355794,8708,Bahia
2023,BA,C,1344,1569.7958104419222,175516,Bahia
2023,BA,D,-136,4143.135205683845,1338,Bahia
2023,BA,E,630,1831.631635306387,15026,Bahia
2023,BA,F,841,1946.8272289670651,242527,Bahia
2023,BA,G,14445,1465.7277404957852,387383,Bahia
2023,BA,H,6076,1836.5617894623213,78232,Bahia
2023,BA,I,4979,1415.1458270866024,104443,Bahia
2023,BA,J,557,2352.036128486186,23735,Bahia
2023,BA,K,-1,2947.834196961692,7721,Bahia
2023,BA,L,427,1670.8297900254877,6305,Bahia
2023,BA,M,5036,2103.303981785047,65722,Bahia
2023,BA,N,16112,1476.7186761988849,221366,Bahia
2023,BA,O,1889,2186.7852727504255,7573,Bahia
2023,BA,P,2557,1271.3356509922037,52409,Bahia
2023,BA,Q,8056,1873.179047309947,89440,Bahia
2023,BA,R,1061,2205.659852937641,8259,Bahia
2023,BA,S,1826,1631.553383710436,27360,Bahia
2023,BA,T,-1,1668.305424338925,95,Bahia
2023,BA,U,2,63.23499999999999,4,Bahia
2023,BA,Z,-1,3510.9933333333333,3,Bahia
2023,CE,A,862,1344.3529295122623,19362,Ceará
2023,CE,B,50,1882.8581709654095,1898,Ceará
2023,CE,C,1244,1394.9203343049355,170944,Ceará
2023,CE,D,484,5178.126233177325,1030,Ceará
2023,CE,E,986,1811.434287388185,7000,Ceará
2023,CE,F,6890,1847.4437592893848,133992,Ceará
2023,CE,G,13214,1445.8775629832064,233228,Ceará
2023,CE,H,1601,1761.2430007087348,38461,Ceará
2023,CE,I,3527,1372.5745007938222,63767,Ceará
2023,CE,J,3162,2198.0215467390876,41418,Ceará
2023,CE,K,1237,2781.560051656074,12021,Ceará
2023,CE,L,-43,1615.786797185837,6013,Ceará
2023,CE,M,2039,1820.118094857494,37989,Ceará
2023,CE,N,12454,1564.6546969844187,167712,Ceará
2023,CE,O,1760,2250.0766937244703,2136,Ceará
2023,CE,P,2582,1483.27521071437,39674,Ceará
2023,CE,Q,1646,1990.5709789339344,41296,Ceará
2023,CE,R,1129,1899.8867101350097,8973,Ceará
2023,CE,S,770,1775.2795273823297,22930,Ceará
2023,CE,T,-4,1315.9375,12,Ceará
2023,MA,A,1869,1740.658724535742,36363,Maranhão
2023,MA,B,112,3733.779263230095,1160,Maranhão
2023,MA,C,2720,1737.4511816912757,32618,Maranhão
2023,MA,D,113,5389.971701432128,725,Maranhão
2023,MA,E,36,1539.1073361104654,2260,Maranhão
2023,MA,F,657,1828.4378264517263,71189,Maranhão
2023,MA,G,7746,1444.8602964109102,140268,Maranhão
2023,MA,H,869,2055.210320305372,21415,Maranhão
2023,MA,I,1241,1396.8293975952472,20511,Maranhão
2023,MA,J,1129,1587.5210924744536,9269,Maranhão
2023,MA,K,172,2760.7666977034382,2372,Maranhão
2023,MA,L,163,1541.4703361674367,2255,Maranhão
2023,MA,M,667,1757.9841124433033,15131,Maranhão
2023,MA,N,1601,1615.976546462082,55759,Maranhão
2023,MA,O,42,1436.3917746489344,4452,Maranhão
2023,MA,P,1297,1200.0887336984467,15401,Maranhão
2023,MA,Q,1491,2037.0876686809504,20051,Maranhão
2023,MA,R,317,2115.392700832365,2029,Maranhão
2023,MA,S,-136,1678.168766239865,9792,Maranhão
2023,MA,T,-3,553.4697916666667,19,Maranhão
2023,PB,A,679,1242.4222925041963,12847,Paraíba
2023,PB,B,15,1727.393855190768,693,Paraíba
2023,PB,C,-2067,1259.143887465588,50733,Paraíba
2023,PB,D,0,3068.9020639192263,528,Paraíba
2023,PB,E,-149,1348.3895469530214,1999,Paraíba
2023,PB,F,5243,1593.9905342918134,63427,Paraíba
2023,PB,G,5905,1444.4611163924862,94325,Paraíba
2023,PB,H,700,1592.0627720202665,8762,Paraíba
2023,PB,I,1359,1310.2816267091264,24697,Paraíba
2023,PB,J,493,1924.9179917502051,6035,Paraíba
2023,PB,K,25,2812.499676184475,1849,Paraíba
2023,PB,L,143,1617.1906210786365,1595,Paraíba
2023,PB,M,730,1694.9291009407868,10632,Paraíba
2023,PB,N,3905,1315.2053106780922,57467,Paraíba
2023,PB,O,-250,1568.8037298320803,614,Paraíba
2023,PB,P,631,1080.062540662071,13605,Paraíba
2023,PB,Q,1904,1689.1141450893654,13980,Paraíba
2023,PB,R,168,1331.0954367343106,2538,Paraíba
2023,PB,S,376,1484.9526532356083,6398,Paraíba
2023,PB,T,12,775.1576984126984,26,Paraíba
2023,PB,Z,-4,89.16666666666667,4,Paraíba
2023,PE,A,1197,1329.2915083027294,76245,Pernambuco
2023,PE,B,124,1878.786122965329,1092,Pernambuco
2023,PE,C,4935,1431.8125378747843,158801,Pernambuco
2023,PE,D,-280,5938.045103842528,1226,Pernambuco
2023,PE,E,383,1845.366091795587,6973,Pernambuco
2023,PE,F,2355,1788.3725186994857,105513,Pernambuco
2023,PE,G,12624,7387.977276158923,255338,Pernambuco
2023,PE,H,1503,1954.4653904538477,44221,Pernambuco
2023,PE,I,4045,1448.694000623794,64725,Pernambuco
2023,PE,J,745,2710.779188450101,17835,Pernambuco
2023,PE,K,204,3226.663243959162,6118,Pernambuco
2023,PE,L,41,1975.0200976880287,4447,Pernambuco
2023,PE,M,1224,1834.0596693240211,47158,Pernambuco
2023,PE,N,12638,1532.168734979659,186114,Pernambuco
2023,PE,O,3237,2171.586424530673,7545,Pernambuco
2023,PE,P,2110,1314.7934420665586,37594,Pernambuco
2023,PE,Q,627,1814.2977498123869,55735,Pernambuco
2023,PE,R,1318,1770.9285951667832,8742,Pernambuco
2023,PE,S,2292,1649.5259963442252,19800,Pernambuco
2023,PE,T,-3,1349.73,3,Pernambuco
2023,PE,U,2,7091.366492592592,14,Pernambuco
2023,PI,A,889,1673.4271338742185,19691,Piauí
2023,PI,B,95,2271.050548946059,907,Piauí
2023,PI,C,1042,1301.7653906700464,21966,Piauí
2023,PI,D,55,4836.594151478796,309,Piauí
2023,PI,E,267,1539.975301766662,2617,Piauí
2023,PI,F,4254,1639.6941544762396,46252,Piauí
2023,PI,G,4449,1408.57731142393,71821,Piauí
2023,PI,H,840,1681.4646377478855,7588,Piauí
2023,PI,I,1348,1458.6574617878132,14986,Piauí
2023,PI,J,908,1678.654528952109,6480,Piauí
2023,PI,K,575,1821.1222442327985,3767,Piauí
2023,PI,L,165,1583.6036661999235,987,Piauí
2023,PI,M,72,1636.967690843121,8078,Piauí
2023,PI,N,1504,1539.0985148766283,36250,Piauí
2023,PI,O,113,2577.0734783885846,477,Piauí
2023,PI,P,190,1274.3489929975533,8452,Piauí
2023,PI,Q,2129,1798.081694517281,10233,Piauí
2023,PI,R,150,1517.0961564215113,1538,Piauí
2023,PI,S,374,1485.9467728335594,4146,Piauí
2023,PI,T,1,1360.0,1,Piauí
2023,RN,A,1347,1350.2754197477157,22365,Rio Grande do Norte
2023,RN,B,458,2119.809459141333,7244,Rio Grande do Norte
2023,RN,C,845,1438.9470103285184,41145,Rio Grande do Norte
2023,RN,D,32,4398.156970840588,324,Rio Grande do Norte
2023,RN,E,477,1598.1813879513777,3227,Rio Grande do Norte
2023,RN,F,3758,2140.810760255826,63232,Rio Grande do Norte
2023,RN,G,4373,1429.399140118766,100415,Rio Grande do Norte
2023,RN,H,402,1750.964762770749,9108,Rio Grande do Norte
2023,RN,I,852,1328.7666550781348,27492,Rio Grande do Norte
2023,RN,J,193,2070.6905326576957,5075,Rio Grande do Norte
2023,RN,K,90,2635.422782407892,2232,Rio Grande do Norte
2023,RN,L,53,1557.1194485917629,2007,Rio Grande do Norte
2023,RN,M,405,1737.954976804397,13383,Rio Grande do Norte
2023,RN,N,8034,1428.9703666161338,60250,Rio Grande do Norte
2023,RN,O,63,7152.7786376271715,895,Rio Grande do Norte
2023,RN,P,706,1151.5237168628817,14702,Rio Grande do Norte
2023,RN,Q,234,1538.2500846153553,13562,Rio Grande do Norte
2023,RN,R,382,1703.070682328598,3062,Rio Grande do Norte
2023,RN,S,209,1481.4272447283165,5743,Rio Grande do Norte
2023,RN,T,0,1361.975238095238,76,Rio Grande do Norte
2023,SE,A,-326,1258.4746544720915,11670,Sergipe
2023,SE,B,460,3250.546964741563,1632,Sergipe
2023,SE,C,1659,1360.9253935752106,30193,Sergipe
2023,SE,D,87,2531.9455305320944,577,Sergipe
2023,SE,E,98,1595.7016972305416,1062,Sergipe
2023,SE,F,1922,1673.015378727063,31008,Sergipe
2023,SE,G,2905,1378.081070174396,54771,Sergipe
2023,SE,H,500,1724.1141110516428,9026,Sergipe
2023,SE,I,1216,1298.1590574325826,13884,Sergipe
2023,SE,J,301,1789.9985395126932,3259,Sergipe
2023,SE,K,73,2448.7081999939246,1485,Sergipe
2023,SE,L,52,1651.834654645697,1416,Sergipe
2023,SE,M,19,1773.7820616362178,8867,Sergipe
2023,SE,N,2551,1403.1159104320875,28771,Sergipe
2023,SE,O,-17,1542.3431268417517,1697,Sergipe
2023,SE,P,273,983.569666964142,9503,Sergipe
2023,SE,Q,1374,1633.037249029918,10810,Sergipe
2023,SE,R,275,1327.5439869579022,1845,Sergipe
2023,SE,S,230,1475.9780238740166,3664,Sergipe
2023,SE,T,1,1335.0,3,Sergipe
2023,SE,Z,-1,6.93,1,Sergipe
2024,AL,A,-600,1279.5078435746696,14852,Alagoas
2024,AL,B,84,2508.549456877114,610,Alagoas
2024,AL,C,1561,1368.2880266038171,68739,Alagoas
2024,AL,D,697,3131.999512535684,1739,Alagoas
2024,AL,E,545,1976.0433221698777,2915,Alagoas
2024,AL,F,1823,1802.4387899481735,47567,Alagoas
2024,AL,G,4960,1471.8934861732723,91608,Alagoas
2024,AL,H,953,1694.674566117241,16339,Alagoas
2024,AL,I,2217,1548.9791521843224,31301,Alagoas
2024,AL,J,685,1954.983057371143,5661,Alagoas
2024,AL,K,444,2858.0071498444618,1912,Alagoas
2024,AL,L,293,1583.459635464695,3715,Alagoas
2024,AL,M,699,1933.604324744698,11017,Alagoas
2024,AL,N,2232,1509.290290175364,41978,Alagoas
2024,AL,O,-1924,2229.667178840245,5320,Alagoas
2024,AL,P,433,1468.2087530950018,11215,Alagoas
2024,AL,Q,1353,1888.1312425498284,14293,Alagoas
2024,AL,R,319,2050.4177487072807,2105,Alagoas
2024,AL,S,12,1625.764215968844,6748,Alagoas
2024,AL,T,-1,1412.0,1,Alagoas
2024,AL,Z,2,1485.7866666666669,4,Alagoas
2024,BA,A,2123,1641.4864276989038,158661,Bahia
2024,BA,B,651,3044.162623013999,9913,Bahia
2024,BA,C,11144,1662.639335864045,192316,Bahia
2024,BA,D,-54,5482.591113734972,1486,Bahia
2024,BA,E,-307,1821.7599111119227,13779,Bahia
2024,BA,F,-962,2120.604673720665,242390,Bahia
2024,BA,G,19504,1578.941222557983,434026,Bahia
2024,BA,H,6552,1961.0696026730027,97514,Bahia
2024,BA,I,4029,1511.5229414461876,118425,Bahia
2024,BA,J,1076,2468.2376650677,23218,Bahia
2024,BA,K,95,3051.150990790262,8783,Bahia
2024,BA,L,637,1788.061036367559,7073,Bahia
2024,BA,M,3105,2076.6876746036737,69579,Bahia
2024,BA,N,11918,1559.3622770292188,257318,Bahia
2024,BA,O,808,1937.4715937615072,8452,Bahia
2024,BA,P,3648,1401.1936127395538,55476,Bahia
2024,BA,Q,13624,2039.4994400289784,105534,Bahia
2024,BA,R,1106,123412.92793589491,9338,Bahia
2024,BA,S,1804,1695.0583158863667,28942,Bahia
2024,BA,T,-14,1296.0759871031746,72,Bahia
2024,BA,U,1,67.27,1,Bahia
2024,BA,Z,-3,2303.5133333333333,7,Bahia
2024,CE,A,2084,1453.062807957014,20846,Ceará
2024,CE,B,510,2040.8583651068427,2480,Ceará
2024,CE,C,8941,1528.1486751480045,189735,Ceará
2024,CE,D,443,4366.080776032574,1153,Ceará
2024,CE,E,2679,1855.7491075874304,11897,Ceará
2024,CE,F,1002,1919.4361018922525,135778,Ceará
2024,CE,G,11936,1520.1556605354835,255372,Ceará
2024,CE,H,1533,1792.3754189590045,41349,Ceará
2024,CE,I,2064,1478.264313839183,68860,Ceará
2024,CE,J,2667,2272.124658726927,43347,Ceará
2024,CE,K,1975,2693.174115911126,13111,Ceará
2024,CE,L,261,1758.9648788209824,6021,Ceará
2024,CE,M,3144,1865.869756745591,45636,Ceará
2024,CE,N,3965,1689.9053056387495,196363,Ceará
2024,CE,O,60,1086.4438020168973,1316,Ceará
2024,CE,P,4271,1541.4888887012255,44075,Ceará
2024,CE,Q,5360,2101.8385628977317,47240,Ceará
2024,CE,R,1294,1813.7320958999528,11266,Ceará
2024,CE,S,1127,1882.155956606962,25063,Ceará
2024,CE,T,-2,1442.104375,16,Ceará
2024,CE,U,1,4359.93,1,Ceará
2024,CE,Z,-3,1532.6666666666667,5,Ceará
2024,MA,A,425,1886.2663210350056,36495,Maranhão
2024,MA,B,-56,4092.2469609053674,1214,Maranhão
2024,MA,C,2392,1969.236612251267,36678,Maranhão
2024,MA,D,-34,5169.38983405333,458,Maranhão
2024,MA,E,126,1870.766838491834,2260,Maranhão
2024,MA,F,1316,1915.945897942897,73240,Maranhão
2024,MA,G,6555,1576.738185633825,150753,Maranhão
2024,MA,H,-664,2119.3644338714166,24990,Maranhão
2024,MA,I,1446,1490.5493066223023,25468,Maranhão
2024,MA,J,-163,1695.7334453839085,10747,Maranhão
2024,MA,K,63,3151.743433478163,2371,Maranhão
2024,MA,L,285,1588.7067579099669,2561,Maranhão
2024,MA,M,1438,1855.530922714515,17418,Maranhão
2024,MA,N,1775,1712.0090493038451,61831,Maranhão
2024,MA,O,-827,1227.5648257430646,2103,Maranhão
2024,MA,P,1064,1309.8694199726986,16070,Maranhão
2024,MA,Q,558,2050.7083195417085,25638,Maranhão
2024,MA,R,384,1391.3648498377045,2636,Maranhão
2024,MA,S,226,1778.4256080314033,9894,Maranhão
2024,MA,T,1,667.4296388888889,35,Maranhão
2024,PB,A,-281,1180.697147040824,14229,Paraíba
2024,PB,B,98,1822.1091522483969,880,Paraíba
2024,PB,C,2391,1394.4607776920045,54767,Paraíba
2024,PB,D,4,2979.867008258801,714,Paraíba
2024,PB,E,152,1600.7577121615102,1904,Paraíba
2024,PB,F,4763,1716.0699826771906,75583,Paraíba
2024,PB,G,6179,1521.0851885865857,107415,Paraíba
2024,PB,H,630,1679.428086863749,10056,Paraíba
2024,PB,I,1655,1407.749549281435,28865,Paraíba
2024,PB,J,716,2200.073202858772,6994,Paraíba
2024,PB,K,163,3099.14967032357,2173,Paraíba
2024,PB,L,166,1692.3585002342431,1648,Paraíba
2024,PB,M,882,1819.155011103724,12294,Paraíba
2024,PB,N,6699,1433.185823022371,69471,Paraíba
2024,PB,O,4,1976.5880019717745,216,Paraíba
2024,PB,P,676,1202.8726944439084,15102,Paraíba
2024,PB,Q,1657,1696.016100604916,14009,Paraíba
2024,PB,R,365,1285.7633845895289,3063,Paraíba
2024,PB,S,84,1575.794573965264,6806,Paraíba
2024,PB,T,-4,1412.0,6,Paraíba
2024,PB,Z,-4,1612.9883333333337,6,Paraíba
2024,PE,A,170,2094.0074589903875,82542,Pernambuco
2024,PE,B,124,2031.538776856999,1338,Pernambuco
2024,PE,C,6736,1962.9643667224193,167532,Pernambuco
2024,PE,D,131,5552.722805547735,1585,Pernambuco
2024,PE,E,-316,1857.0435821016456,7168,Pernambuco
2024,PE,F,6151,1899.4490170232073,120385,Pernambuco
2024,PE,G,13115,1602.115544714574,279481,Pernambuco
2024,PE,H,2800,1989.2391235846771,49040,Pernambuco
2024,PE,I,4120,1559.4768475049516,75132,Pernambuco
2024,PE,J,1541,2854.6919033409436,19117,Pernambuco
2024,PE,K,64,3471.9251921851887,6776,Pernambuco
2024,PE,L,-27,1867.2607639936691,4579,Pernambuco
2024,PE,M,2539,1966.1983950114775,49357,Pernambuco
2024,PE,N,15700,1608.3467190638476,205720,Pernambuco
2024,PE,O,-87,2127.4170390114637,3393,Pernambuco
2024,PE,P,1917,1382.3967967552037,38779,Pernambuco
2024,PE,Q,3668,2001.51953044432,58562,Pernambuco
2024,PE,R,1555,2027.389171561577,10297,Pernambuco
2024,PE,S,426,1703.4691903218,20352,Pernambuco
2024,PE,T,3,1439.0,3,Pernambuco
2024,PE,U,-1,4725.48367965368,25,Pernambuco
2024,PE,Z,5,1848.2412987012988,21,Pernambuco
2024,PI,A,750,1889.528470173041,17510,Piauí
2024,PI,B,99,3202.135471436608,969,Piauí
2024,PI,C,1697,1440.518513002791,23227,Piauí
2024,PI,D,-25,5145.284932259337,429,Piauí
2024,PI,E,131,1611.4354954413886,2413,Piauí
2024,PI,F,-2640,1881.9927363392724,47148,Piauí
2024,PI,G,4883,1504.754655338019,77773,Piauí
2024,PI,H,697,1775.5635729330706,7995,Piauí
2024,PI,I,1079,1453.5142177914506,17387,Piauí
2024,PI,J,486,1909.175736123437,6178,Piauí
2024,PI,K,137,2144.9585642712427,4153,Piauí
2024,PI,L,-8,1676.3055682666354,982,Piauí
2024,PI,M,877,1752.2691106828463,10407,Piauí
2024,PI,N,889,1577.3722856369247,34001,Piauí
2024,PI,O,299,2239.276259432091,667,Piauí
2024,PI,P,623,1260.167258081671,8805,Piauí
2024,PI,Q,1666,1766.9039461977754,11840,Piauí
2024,PI,R,319,1465.3422816875118,2181,Piauí
2024,PI,S,1421,2059.245789615488,5667,Piauí
2024,RN,A,1043,1409.784561890867,25159,Rio Grande do Norte
2024,RN,B,452,2291.77359715147,6870,Rio Grande do Norte
2024,RN,C,4098,1548.8403174526577,48194,Rio Grande do Norte
2024,RN,D,9,3969.265633627412,345,Rio Grande do Norte
2024,RN,E,423,1694.275206505161,2677,Rio Grande do Norte
2024,RN,F,5050,1974.9948006926531,71352,Rio Grande do Norte
2024,RN,G,5877,1436.2353416518351,112471,Rio Grande do Norte
2024,RN,H,187,1843.569803373292,11491,Rio Grande do Norte
2024,RN,I,1680,1427.2347259125045,31782,Rio Grande do Norte
2024,RN,J,604,1890.8032673600271,5306,Rio Grande do Norte
2024,RN,K,84,2832.2909876272975,2206,Rio Grande do Norte
2024,RN,L,121,1633.7472735444303,2087,Rio Grande do Norte
2024,RN,M,815,2005.7832077547127,13233,Rio Grande do Norte
2024,RN,N,10352,1547.708007048451,72408,Rio Grande do Norte
2024,RN,O,65,2333.591812620601,675,Rio Grande do Norte
2024,RN,P,922,1252.8794639016355,15210,Rio Grande do Norte
2024,RN,Q,1224,1680.7234691717556,14426,Rio Grande do Norte
2024,RN,R,377,1454.07785792366,3175,Rio Grande do Norte
2024,RN,S,336,1571.1744316284476,6024,Rio Grande do Norte
2024,RN,T,-13,1495.6033653846152,99,Rio Grande do Norte
2024,RN,Z,-6,1660.9816666666666,6,Rio Grande do Norte
2024,SE,A,-454,1369.5111768686472,10918,Sergipe
2024,SE,B,425,3007.373159879044,1995,Sergipe
2024,SE,C,1490,1447.9540253061868,33568,Sergipe
2024,SE,D,39,2828.2894215570136,455,Sergipe
2024,SE,E,-210,2059.7926594583028,1342,Sergipe
2024,SE,F,2368,1756.261334233309,39296,Sergipe
2024,SE,G,4586,1506.4456900126152,62714,Sergipe
2024,SE,H,179,1855.177240980098,10567,Sergipe
2024,SE,I,1303,1389.741686335532,16485,Sergipe
2024,SE,J,638,1987.8321044988504,4242,Sergipe
2024,SE,K,72,2652.960551163426,1624,Sergipe
2024,SE,L,-9,1716.1156466207378,1565,Sergipe
2024,SE,M,652,1868.9494708337595,8752,Sergipe
2024,SE,N,2533,1476.234128530702,32679,Sergipe
2024,SE,O,-285,1025.372656367084,1825,Sergipe
2024,SE,P,254,1075.283280246661,9774,Sergipe
2024,SE,Q,1248,1734.2753379132623,11330,Sergipe
2024,SE,R,274,1407.182049683828,2118,Sergipe
2024,SE,S,24,1532.7206690267903,3788,Sergipe
2024,SE,T,-1,1320.0,1,Sergipe
2024,SE,Z,-3,1348.3841666666667,11,Sergipe
2025,AL,A,98,1430.5379280268753,14650,Alagoas
2025,AL,B,76,3521.749241060119,628,Alagoas
2025,AL,C,-390,1476.9317102066818,67380,Alagoas
2025,AL,D,21,3143.754288539488,947,Alagoas
2025,AL,E,209,2085.704641845843,2873,Alagoas
2025,AL,F,2502,1920.9649714587229,51568,Alagoas
2025,AL,G,2791,1589.1590034409026,93583,Alagoas
2025,AL,H,-421,1855.6103584636355,15609,Alagoas
2025,AL,I,2228,1673.6893552791942,34760,Alagoas
2025,AL,J,212,2014.5623720062824,6290,Alagoas
2025,AL,K,79,2373.392510010892,2185,Alagoas
2025,AL,L,344,1668.0794511235442,4068,Alagoas
2025,AL,M,592,2105.144575381059,12220,Alagoas
2025,AL,N,1393,1620.3674936954396,46189,Alagoas
2025,AL,O,-1033,1655.3095432458465,5103,Alagoas
2025,AL,P,353,1494.335297347135,11483,Alagoas
2025,AL,Q,1041,1968.6749683174412,14075,Alagoas
2025,AL,R,289,2106.350986365576,2457,Alagoas
2025,AL,S,2245,1755.5521027046452,8557,Alagoas
2025,AL,T,0,1518.0,6,Alagoas
2025,AL,Z,3,1579.5733333333335,3,Alagoas
2025,BA,A,1979,1758.1978035453897,162459,Bahia
2025,BA,B,192,3418.583055557688,9326,Bahia
2025,BA,C,12115,1735.8403648602862,206821,Bahia
2025,BA,D,920,4245.913847763455,2544,Bahia
2025,BA,E,1300,1924.737168318269,16666,Bahia
2025,BA,F,10303,2241.492712884917,270971,Bahia
2025,BA,G,11231,3237.4471600497695,460537,Bahia
2025,BA,H,3507,2105.1436656594424,102217,Bahia
2025,BA,I,4789,1616.6099775207,128581,Bahia
2025,BA,J,523,2726.087498577229,23105,Bahia
2025,BA,K,-231,3455.3947349294845,7761,Bahia
2025,BA,L,635,1828.2248022397575,8151,Bahia
2025,BA,M,3195,2214.0805387433034,69983,Bahia
2025,BA,N,21639,1668.5792508556951,280295,Bahia
2025,BA,O,2466,2279.9812828052436,8668,Bahia
2025,BA,P,2873,1495.739630299838,56767,Bahia
2025,BA,Q,9942,2106.8489289155873,113022,Bahia
2025,BA,R,1273,77005.83711947793,11301,Bahia
2025,BA,S,2122,1901.4127274964076,29876,Bahia
2025,BA,T,6,873.2519583333333,66,Bahia
2025,BA,U,-1,74.16,1,Bahia
2025,BA,Z,-6,1809.72,6,Bahia
2025,CE,A,1928,1541.6166312787952,25220,Ceará
2025,CE,B,488,2122.8049602451865,2846,Ceará
2025,CE,C,2305,1658.3630318399846,199749,Ceará
2025,CE,D,681,3711.607654163951,1347,Ceará
2025,CE,E,2718,2048.925978090747,13488,Ceará
2025,CE,F,9225,2050.476307803048,150235,Ceará
2025,CE,G,9327,1623.096523531877,275667,Ceará
2025,CE,H,-332,1914.339631089181,45364,Ceará
2025,CE,I,2756,1594.760177397372,73466,Ceará
2025,CE,J,3247,2559.0159210841916,50209,Ceará
2025,CE,K,-332,3066.4328138269707,11278,Ceará
2025,CE,L,171,1846.8710153467955,6419,Ceará
2025,CE,M,3618,2045.6453259412656,57152,Ceará
2025,CE,N,2223,1751.7019403473162,217377,Ceará
2025,CE,O,236,1318.1624703343548,588,Ceará
2025,CE,P,1903,1568.5905086519786,48801,Ceará
2025,CE,Q,7155,2104.2447366436777,52463,Ceará
2025,CE,R,853,2567.1450734083437,11901,Ceará
2025,CE,S,164,1957.594072191292,28346,Ceará
2025,CE,T,-11,1504.861,21,Ceará
2025,MA,A,-425,2048.529752183957,35311,Maranhão
2025,MA,B,133,3733.3323953119498,979,Maranhão
2025,MA,C,1683,2185.476243699122,38289,Maranhão
2025,MA,D,22,5404.300239041352,576,Maranhão
2025,MA,E,335,1945.6130854803257,3087,Maranhão
2025,MA,F,3783,2514.0553003989035,80819,Maranhão
2025,MA,G,8316,1708.2516751516453,163478,Maranhão
2025,MA,H,813,2249.046530289307,26803,Maranhão
2025,MA,I,1688,1623.4775387851216,26124,Maranhão
2025,MA,J,83,1812.560555571746,10455,Maranhão
2025,MA,K,2,3349.7292149972363,2236,Maranhão
2025,MA,L,72,1870.030112127624,2660,Maranhão
2025,MA,M,1860,1874.3562436244713,20538,Maranhão
2025,MA,N,1559,1763.977119616254,58271,Maranhão
2025,MA,O,3455,1162.1592729139809,5325,Maranhão
2025,MA,P,326,1346.6843049616582,16268,Maranhão
2025,MA,Q,2061,2154.311066891097,30167,Maranhão
2025,MA,R,408,1417.0730521345895,3070,Maranhão
2025,MA,S,1765,1910.996194745229,11679,Maranhão
2025,MA,T,-10,1015.0599537037036,52,Maranhão
2025,MA,Z,-5,2375.8,5,Maranhão
2025,PB,A,-275,1195.811198767058,13639,Paraíba
2025,PB,B,-15,2073.418544551139,785,Paraíba
2025,PB,C,1567,1484.7354517999645,58303,Paraíba
2025,PB,D,93,2718.540437360399,707,Paraíba
2025,PB,E,254,1887.0089780873857,2286,Paraíba
2025,PB,F,286,214659.92419273648,91724,Paraíba
2025,PB,G,4754,1611.2807537704537,116980,Paraíba
2025,PB,H,255,1869.124737136063,10941,Paraíba
2025,PB,I,1458,1556.6388814220347,32220,Paraíba
2025,PB,J,332,2307.325088943698,7592,Paraíba
2025,PB,K,83,3138.175248843767,2163,Paraíba
2025,PB,L,157,1746.4182342679212,1825,Paraíba
2025,PB,M,822,1897.7039768306431,13330,Paraíba
2025,PB,N,14693,1555.4506096469993,98029,Paraíba
2025,PB,O,3,1770.8378920029777,143,Paraíba
2025,PB,P,742,1275.0273873723138,15654,Paraíba
2025,PB,Q,1984,1864.5824315911811,16198,Paraíba
2025,PB,R,578,1438.9280778533705,3650,Paraíba
2025,PB,S,67,1685.2437079082208,6961,Paraíba
2025,PB,T,-1,409.2,3,Paraíba
2025,PE,A,289,1551.799347873437,83079,Pernambuco
2025,PE,B,131,2056.640093809759,1285,Pernambuco
2025,PE,C,6143,2352.448158666185,175843,Pernambuco
2025,PE,D,123,4963.847121491289,1453,Pernambuco
2025,PE,E,932,1887.0584844149216,7692,Pernambuco
2025,PE,F,14817,2079.493631897242,140097,Pernambuco
2025,PE,G,7865,1687.003271023239,294799,Pernambuco
2025,PE,H,4085,2074.8467204008734,54431,Pernambuco
2025,PE,I,4076,1678.1796977135728,85180,Pernambuco
2025,PE,J,1787,3087.287182284966,21917,Pernambuco
2025,PE,K,126,3243.8492531045654,7954,Pernambuco
2025,PE,L,545,1960.9823629460116,4877,Pernambuco
2025,PE,M,2642,2307.1350696648037,52052,Pernambuco
2025,PE,N,14274,1757.7864295347256,233424,Pernambuco
2025,PE,O,-46,2258.541386450137,650,Pernambuco
2025,PE,P,1642,1438.338422672682,39910,Pernambuco
2025,PE,Q,4454,2145.657083239657,62834,Pernambuco
2025,PE,R,1599,2726.7223276980835,12221,Pernambuco
2025,PE,S,1630,1830.9100315484536,21408,Pernambuco
2025,PE,T,5,1540.5585,23,Pernambuco
2025,PE,U,-3,5561.183,19,Pernambuco
2025,PE,Z,-1,2068.733333333333,3,Pernambuco
2025,PI,A,686,2038.5504198657045,18902,Piauí
2025,PI,B,72,2406.527701222583,940,Piauí
2025,PI,C,1592,1530.2558763708669,24972,Piauí
2025,PI,D,7,4649.784556373603,289,Piauí
2025,PI,E,680,2517.830153988864,4584,Piauí
2025,PI,F,3517,1968.1305681145775,48141,Piauí
2025,PI,G,4046,1609.9129395545513,84284,Piauí
2025,PI,H,320,1855.403816499552,8932,Piauí
2025,PI,I,1568,1591.034058282189,18810,Piauí
2025,PI,J,278,1938.900841261209,6422,Piauí
2025,PI,K,-41,2328.2544762516095,3035,Piauí
2025,PI,L,58,1908.2437823305816,1086,Piauí
2025,PI,M,808,1886.4881858895224,9948,Piauí
2025,PI,N,1452,1724.7342305523327,42908,Piauí
2025,PI,O,429,1544.6700723218555,771,Piauí
2025,PI,P,928,1611.444863269169,10866,Piauí
2025,PI,Q,2758,1982.381074232706,13416,Piauí
2025,PI,R,377,1741.608520181784,2463,Piauí
2025,PI,S,901,1712.6238657803194,6167,Piauí
2025,PI,T,1,1518.0,1,Piauí
2025,PI,Z,-2,2009.375,2,Piauí
2025,RN,A,1091,1530.9370278932458,26455,Rio Grande do Norte
2025,RN,B,230,2357.883387602308,5980,Rio Grande do Norte
2025,RN,C,1733,2773.538477765565,50995,Rio Grande do Norte
2025,RN,D,33,4552.979224254224,305,Rio Grande do Norte
2025,RN,E,3111,1705.2031673332067,6101,Rio Grande do Norte
2025,RN,F,-83,1971.5248283367584,76311,Rio Grande do Norte
2025,RN,G,4460,1559.370854689458,120490,Rio Grande do Norte
2025,RN,H,336,1921.4368958632692,10024,Rio Grande do Norte
2025,RN,I,2004,1548.3077806375911,34226,Rio Grande do Norte
2025,RN,J,349,2071.4946061919068,5907,Rio Grande do Norte
2025,RN,K,51,2809.7297166097446,2147,Rio Grande do Norte
2025,RN,L,279,1747.3105426545364,2867,Rio Grande do Norte
2025,RN,M,883,1907.3733746895352,14943,Rio Grande do Norte
2025,RN,N,-1537,1661.549047940411,89803,Rio Grande do Norte
2025,RN,O,156,607.7981268564965,1562,Rio Grande do Norte
2025,RN,P,426,1338.570407240889,15970,Rio Grande do Norte
2025,RN,Q,1977,1825.2646638714652,16643,Rio Grande do Norte
2025,RN,R,435,1544.329070623559,3433,Rio Grande do Norte
2025,RN,S,136,1732.786343053352,6160,Rio Grande do Norte
2025,RN,T,-18,1549.11284992785,120,Rio Grande do Norte
2025,RN,Z,11,1697.609625,21,Rio Grande do Norte
2025,SE,A,-291,1443.8779136152357,10091,Sergipe
2025,SE,B,-72,2950.7107459701488,1848,Sergipe
2025,SE,C,1106,1606.2298944578151,35240,Sergipe
2025,SE,D,125,2412.6171167580756,541,Sergipe
2025,SE,E,-1502,3717.8609778370737,2746,Sergipe
2025,SE,F,4073,1911.405902980336,44243,Sergipe
2025,SE,G,3755,1641.5805277418024,71623,Sergipe
2025,SE,H,721,1972.3350065868071,13719,Sergipe
2025,SE,I,1021,1556.4514317120356,19023,Sergipe
2025,SE,J,366,2064.2293812587573,4398,Sergipe
2025,SE,K,-12,2754.980280080477,1406,Sergipe
2025,SE,L,46,1657.8127609549229,1318,Sergipe
2025,SE,M,737,2193.3705751678276,11345,Sergipe
2025,SE,N,2461,1583.9490202879451,44805,Sergipe
2025,SE,O,100,1551.7903480495631,1338,Sergipe
2025,SE,P,651,1139.8823594572902,10283,Sergipe
2025,SE,Q,803,1858.773019963486,14219,Sergipe
2025,SE,R,379,1637.0994713072314,2501,Sergipe
2025,SE,S,69,1651.0225496825258,4137,Sergipe
2025,SE,T,1,1520.02,5,Sergipe
2025,SE,Z,-12,1975.3575,12,Sergipe
