ano,sigla_uf,sexo,grau_instrucao,admissoes,desligamentos,saldo,salario_medio,total_movimentacoes
2015,AL,1,1.0,4477,5192,-715,867.7152929258552,9669
2015,AL,1,2.0,14472,15797,-1325,944.6752878929392,30269
2015,AL,1,3.0,3854,4616,-762,956.4403095585704,8470
2015,AL,1,4.0,9839,10957,-1118,957.6716456825808,20796
2015,AL,1,5.0,5004,6311,-1307,1024.9708384714313,11315
2015,AL,1,6.0,4252,5038,-786,918.3141777904581,9290
2015,AL,1,7.0,22124,22250,-126,1050.7979564693649,44374
2015,AL,1,8.0,1135,1078,57,1278.7120863512343,2213
2015,AL,1,9.0,1815,1934,-119,2652.921382024224,3749
2015,AL,2,1.0,74,158,-84,812.5296163721899,232
2015,AL,2,2.0,420,746,-326,857.6766122771716,1166
2015,AL,2,3.0,154,200,-46,818.1296107347089,354
2015,AL,2,4.0,547,645,-98,783.7171574665092,1192
2015,AL,2,5.0,1118,1326,-208,897.700427284454,2444
2015,AL,2,6.0,1483,1510,-27,731.268517971396,2993
2015,AL,2,7.0,13528,12652,876,873.9838836207316,26180
2015,AL,2,8.0,1196,1094,102,998.9044505276562,2290
2015,AL,2,9.0,2294,2379,-85,1762.4620347116254,4673
2015,BA,1,1.0,2582,3004,-422,882.5288536580038,5586
2015,BA,1,2.0,17902,22610,-4708,1034.5988280750207,40512
2015,BA,1,3.0,10965,13281,-2316,1035.5673666738226,24246
2015,BA,1,4.0,22873,31027,-8154,1086.8033379975432,53900
2015,BA,1,5.0,23717,31054,-7337,1129.5636947465118,54771
2015,BA,1,6.0,23546,28636,-5090,1038.777614276127,52182
2015,BA,1,7.0,157984,178056,-20072,1203.0963618751143,336040
2015,BA,1,8.0,5033,5311,-278,1592.9008579323345,10344
2015,BA,1,9.0,11178,12696,-1518,3568.4414181370607,23874
2015,BA,2,1.0,553,490,63,727.6567703527096,1043
2015,BA,2,2.0,3789,4141,-352,791.4255103044159,7930
2015,BA,2,3.0,2308,2644,-336,809.0436607312606,4952
2015,BA,2,4.0,4182,5149,-967,819.9583490282198,9331
2015,BA,2,5.0,5608,6567,-959,874.3826660585994,12175
2015,BA,2,6.0,8794,9735,-941,779.5065467866037,18529
2015,BA,2,7.0,92211,102530,-10319,928.9334301638786,194741
2015,BA,2,8.0,5789,6262,-473,1176.288175366687,12051
2015,BA,2,9.0,15577,16224,-647,2276.3917850417706,31801
2015,CE,1,1.0,1709,1819,-110,934.5738878678338,3528
2015,CE,1,2.0,10467,12886,-2419,1029.505495609094,23353
2015,CE,1,3.0,5052,6492,-1440,1047.9341756149538,11544
2015,CE,1,4.0,17348,20274,-2926,1022.8183830704421,37622
2015,CE,1,5.0,26548,31598,-5050,1021.193613924965,58146
2015,CE,1,6.0,15811,18235,-2424,933.098175265105,34046
2015,CE,1,7.0,112523,112578,-55,1079.4823205342066,225101
2015,CE,1,8.0,4931,5061,-130,1457.723847477514,9992
2015,CE,1,9.0,8968,8565,403,3145.0738524881613,17533
2015,CE,2,1.0,106,120,-14,810.0661599409125,226
2015,CE,2,2.0,922,1120,-198,823.0085039184603,2042
2015,CE,2,3.0,597,967,-370,842.2116131949833,1564
2015,CE,2,4.0,2762,3516,-754,829.3622081998833,6278
2015,CE,2,5.0,6231,7383,-1152,841.1926752033293,13614
2015,CE,2,6.0,5879,7246,-1367,765.4323409020178,13125
2015,CE,2,7.0,67673,71209,-3536,890.2582546065294,138882
2015,CE,2,8.0,5733,6016,-283,1145.41875086053,11749
2015,CE,2,9.0,11002,10752,250,1997.426351263391,21754
2015,MA,1,1.0,1017,1324,-307,884.5368989056802,2341
2015,MA,1,2.0,5043,5916,-873,1002.9386191763995,10959
2015,MA,1,3.0,3494,4207,-713,1125.5920998492581,7701
2015,MA,1,4.0,7199,7955,-756,1120.4725739189457,15154
2015,MA,1,5.0,10226,12072,-1846,1192.9608167259364,22298
2015,MA,1,6.0,5452,6312,-860,1067.748419682078,11764
2015,MA,1,7.0,47825,48797,-972,1212.8173242233675,96622
2015,MA,1,8.0,1138,1098,40,1561.0444221197777,2236
2015,MA,1,9.0,3036,3256,-220,3092.253086560098,6292
2015,MA,2,1.0,63,56,7,792.0679757130125,119
2015,MA,2,2.0,240,296,-56,852.2418141169861,536
2015,MA,2,3.0,222,296,-74,873.2455579246624,518
2015,MA,2,4.0,571,678,-107,847.887909746674,1249
2015,MA,2,5.0,1200,1562,-362,883.9196476021696,2762
2015,MA,2,6.0,1198,1426,-228,797.6697496116517,2624
2015,MA,2,7.0,23210,26143,-2933,937.9386593361453,49353
2015,MA,2,8.0,1239,1087,152,1155.1280820458624,2326
2015,MA,2,9.0,3791,4406,-615,1923.2912460198386,8197
2015,PB,1,1.0,2034,1591,443,879.1102819417636,3625
2015,PB,1,2.0,6609,7257,-648,952.6603515206331,13866
2015,PB,1,3.0,3650,3619,31,969.2759267864944,7269
2015,PB,1,4.0,5645,7101,-1456,995.107422338198,12746
2015,PB,1,5.0,6234,7770,-1536,1018.8771771881659,14004
2015,PB,1,6.0,5333,5981,-648,930.7172514639055,11314
2015,PB,1,7.0,32921,34253,-1332,1005.8146682812,67174
2015,PB,1,8.0,1472,1549,-77,1219.6677854871075,3021
2015,PB,1,9.0,2548,2603,-55,2227.9758847607413,5151
2015,PB,2,1.0,51,40,11,791.6104099025974,91
2015,PB,2,2.0,175,258,-83,874.7181897683205,433
2015,PB,2,3.0,433,395,38,845.8682141041794,828
2015,PB,2,4.0,576,825,-249,824.681333872449,1401
2015,PB,2,5.0,975,1246,-271,833.3358105830818,2221
2015,PB,2,6.0,1439,1734,-295,799.7079095175068,3173
2015,PB,2,7.0,18241,19719,-1478,891.2635305578152,37960
2015,PB,2,8.0,1521,1686,-165,1038.1427113419936,3207
2015,PB,2,9.0,3309,3223,86,1555.853392734682,6532
2015,PE,1,1.0,5744,6027,-283,839.7740838665168,11771
2015,PE,1,2.0,24522,26918,-2396,945.8233515367543,51440
2015,PE,1,3.0,8244,10239,-1995,1029.9723818132084,18483
2015,PE,1,4.0,18027,22227,-4200,1029.2842093811591,40254
2015,PE,1,5.0,18503,23170,-4667,1098.2456297681615,41673
2015,PE,1,6.0,15166,19474,-4308,1005.9609657902528,34640
2015,PE,1,7.0,101305,117959,-16654,1157.332739010335,219264
2015,PE,1,8.0,3935,5151,-1216,1640.6215046297507,9086
2015,PE,1,9.0,8951,10710,-1759,3314.539829366756,19661
2015,PE,2,1.0,361,425,-64,804.406112026904,786
2015,PE,2,2.0,2504,2662,-158,822.0903583623694,5166
2015,PE,2,3.0,1532,1593,-61,834.5538479766406,3125
2015,PE,2,4.0,3945,4004,-59,832.5674615397742,7949
2015,PE,2,5.0,4168,5129,-961,872.1257524897566,9297
2015,PE,2,6.0,5290,6658,-1368,788.0603125111144,11948
2015,PE,2,7.0,62659,72274,-9615,925.3257466428528,134933
2015,PE,2,8.0,4244,5817,-1573,1214.9785343145038,10061
2015,PE,2,9.0,11512,13155,-1643,2118.5415904873757,24667
2015,PI,1,1.0,694,862,-168,915.5073804203087,1556
2015,PI,1,2.0,4144,5120,-976,996.9779388286489,9264
2015,PI,1,3.0,2319,3317,-998,1006.6497479926126,5636
2015,PI,1,4.0,6833,8586,-1753,1040.3708862143449,15419
2015,PI,1,5.0,7459,8248,-789,1023.7581238365458,15707
2015,PI,1,6.0,4716,5665,-949,959.4949995884995,10381
2015,PI,1,7.0,21889,20911,978,1021.8402942012056,42800
2015,PI,1,8.0,1266,1175,91,1189.197293616167,2441
2015,PI,1,9.0,2159,1953,206,1852.8506010200358,4112
2015,PI,2,1.0,22,19,3,843.6854166666667,41
2015,PI,2,2.0,156,238,-82,868.1273428889241,394
2015,PI,2,3.0,202,219,-17,868.0166155701024,421
2015,PI,2,4.0,502,653,-151,839.3945051497304,1155
2015,PI,2,5.0,1086,1075,11,854.2184934668601,2161
2015,PI,2,6.0,1550,1616,-66,798.918611349377,3166
2015,PI,2,7.0,15509,14299,1210,888.926340411879,29808
2015,PI,2,8.0,1361,1383,-22,993.5396409773949,2744
2015,PI,2,9.0,2965,2557,408,1480.7609242264584,5522
2015,RN,1,1.0,921,1098,-177,870.434285714446,2019
2015,RN,1,2.0,5311,6668,-1357,945.1241051072428,11979
2015,RN,1,3.0,2704,3530,-826,962.5081775239355,6234
2015,RN,1,4.0,5811,7038,-1227,956.1826687371099,12849
2015,RN,1,5.0,6935,8607,-1672,980.3194065300983,15542
2015,RN,1,6.0,6638,7793,-1155,927.5359512596059,14431
2015,RN,1,7.0,38988,42227,-3239,1023.8691893558066,81215
2015,RN,1,8.0,1269,1377,-108,1319.2194916861736,2646
2015,RN,1,9.0,2938,3011,-73,2356.5434457844613,5949
2015,RN,2,1.0,78,59,19,832.5499421555456,137
2015,RN,2,2.0,412,611,-199,816.5937830080693,1023
2015,RN,2,3.0,312,484,-172,834.0725909297919,796
2015,RN,2,4.0,1014,1101,-87,817.3849481436218,2115
2015,RN,2,5.0,1421,1738,-317,835.1477143990728,3159
2015,RN,2,6.0,2112,2659,-547,741.8149715098737,4771
2015,RN,2,7.0,22539,23306,-767,874.9975107961492,45845
2015,RN,2,8.0,1493,1602,-109,1067.5292511263506,3095
2015,RN,2,9.0,4115,3995,120,1572.552066092868,8110
2015,SE,1,1.0,841,1199,-358,837.2814429181753,2040
2015,SE,1,2.0,6720,7084,-364,923.2535908970747,13804
2015,SE,1,3.0,1920,2587,-667,987.4076863250008,4507
2015,SE,1,4.0,4274,5444,-1170,1013.7059087454295,9718
2015,SE,1,5.0,3782,4535,-753,1029.7297458370538,8317
2015,SE,1,6.0,4546,4888,-342,945.1093844822285,9434
2015,SE,1,7.0,22779,23023,-244,1038.781297193908,45802
2015,SE,1,8.0,1086,1110,-24,1258.499841761242,2196
2015,SE,1,9.0,1739,1885,-146,2811.4022135434825,3624
2015,SE,2,1.0,45,65,-20,855.0280758714969,110
2015,SE,2,2.0,663,656,7,844.3047224545779,1319
2015,SE,2,3.0,223,294,-71,961.656562093737,517
2015,SE,2,4.0,590,797,-207,848.1614238923262,1387
2015,SE,2,5.0,863,1080,-217,827.9653641502607,1943
2015,SE,2,6.0,1749,1952,-203,708.2916343843156,3701
2015,SE,2,7.0,14661,14882,-221,871.0841830303623,29543
2015,SE,2,8.0,1202,1351,-149,1048.6949692462204,2553
2015,SE,2,9.0,2534,2566,-32,1740.8753467959182,5100
2016,AL,1,1.0,4638,4340,298,949.6519501412049,8978
2016,AL,1,2.0,15140,14521,619,1018.1192622923394,29661
2016,AL,1,3.0,4351,3794,557,1052.7783021060154,8145
2016,AL,1,4.0,9641,7474,2167,1067.4425749061488,17115
2016,AL,1,5.0,4968,5914,-946,1103.1855077190314,10882
2016,AL,1,6.0,4214,4782,-568,1082.0235934653665,8996
2016,AL,1,7.0,24959,25928,-969,1149.3812935607416,50887
2016,AL,1,8.0,1260,1344,-84,1384.3578069180528,2604
2016,AL,1,9.0,1907,2165,-258,2831.4019171095165,4072
2016,AL,2,1.0,108,118,-10,892.6942425901225,226
2016,AL,2,2.0,483,464,19,948.8775315388863,947
2016,AL,2,3.0,258,314,-56,933.9114486657475,572
2016,AL,2,4.0,650,607,43,895.2543909356149,1257
2016,AL,2,5.0,1171,1390,-219,938.5466510990725,2561
2016,AL,2,6.0,1178,1521,-343,808.8672394050275,2699
2016,AL,2,7.0,14168,14455,-287,975.8884694530298,28623
2016,AL,2,8.0,1356,1302,54,1191.6409547223589,2658
2016,AL,2,9.0,2728,2709,19,1879.2403144978111,5437
2016,BA,1,1.0,2415,3038,-623,978.5894767245945,5453
2016,BA,1,2.0,15412,20916,-5504,1151.5155265806113,36328
2016,BA,1,3.0,9781,12977,-3196,1144.6090986667264,22758
2016,BA,1,4.0,21877,27158,-5281,1199.9629077415402,49035
2016,BA,1,5.0,23629,30303,-6674,1243.9701175574394,53932
2016,BA,1,6.0,24788,28417,-3629,1102.8853838959976,53205
2016,BA,1,7.0,177643,190941,-13298,1288.699365831891,368584
2016,BA,1,8.0,5499,5938,-439,1620.9584567007194,11437
2016,BA,1,9.0,13465,14778,-1313,3488.875005894064,28243
2016,BA,2,1.0,438,621,-183,819.3285941697444,1059
2016,BA,2,2.0,2848,4508,-1660,884.3648154653744,7356
2016,BA,2,3.0,1715,2689,-974,886.1988037349818,4404
2016,BA,2,4.0,4135,5800,-1665,914.1876284335729,9935
2016,BA,2,5.0,5619,7520,-1901,960.6442762312363,13139
2016,BA,2,6.0,9430,10819,-1389,871.7994344544155,20249
2016,BA,2,7.0,99866,109317,-9451,1024.806031609417,209183
2016,BA,2,8.0,6495,7172,-677,1252.4330858833368,13667
2016,BA,2,9.0,18388,19080,-692,2341.3204327946833,37468
2016,CE,1,1.0,1612,1905,-293,992.3944244016129,3517
2016,CE,1,2.0,9552,12489,-2937,1132.0565466594385,22041
2016,CE,1,3.0,5028,6388,-1360,1124.5682490655013,11416
2016,CE,1,4.0,15954,19362,-3408,1093.68004174664,35316
2016,CE,1,5.0,26693,32093,-5400,1111.027804468477,58786
2016,CE,1,6.0,16595,18357,-1762,1013.3995926916144,34952
2016,CE,1,7.0,118630,123597,-4967,1144.194066539967,242227
2016,CE,1,8.0,5367,5816,-449,1569.932801778287,11183
2016,CE,1,9.0,9553,10611,-1058,3209.106392546174,20164
2016,CE,2,1.0,136,127,9,888.0382418481471,263
2016,CE,2,2.0,934,1102,-168,914.2452388668344,2036
2016,CE,2,3.0,559,784,-225,910.4537719365255,1343
2016,CE,2,4.0,2562,3307,-745,908.7342647999545,5869
2016,CE,2,5.0,6358,7441,-1083,921.6654142874677,13799
2016,CE,2,6.0,5691,6904,-1213,840.9466707698072,12595
2016,CE,2,7.0,71805,75402,-3597,973.6536050237404,147207
2016,CE,2,8.0,6131,6585,-454,1257.7780752402844,12716
2016,CE,2,9.0,12445,12629,-184,2075.6962487038727,25074
2016,MA,1,1.0,781,1135,-354,996.2633350848779,1916
2016,MA,1,2.0,3644,5359,-1715,1095.9112315523428,9003
2016,MA,1,3.0,2285,3715,-1430,1184.8707740342543,6000
2016,MA,1,4.0,5355,7973,-2618,1179.291864977139,13328
2016,MA,1,5.0,9608,12251,-2643,1247.0356833843211,21859
2016,MA,1,6.0,4823,6500,-1677,1132.0593697087445,11323
2016,MA,1,7.0,47440,53006,-5566,1249.7541495433966,100446
2016,MA,1,8.0,1326,1251,75,1618.5344285862561,2577
2016,MA,1,9.0,3480,3630,-150,3418.5316316915514,7110
2016,MA,2,1.0,32,44,-12,926.4401298701299,76
2016,MA,2,2.0,181,273,-92,957.3914362312132,454
2016,MA,2,3.0,157,253,-96,1016.8249237630455,410
2016,MA,2,4.0,501,582,-81,949.6932697919112,1083
2016,MA,2,5.0,1064,1277,-213,971.9761847370437,2341
2016,MA,2,6.0,1203,1467,-264,883.030885426601,2670
2016,MA,2,7.0,23609,25306,-1697,1030.720156003135,48915
2016,MA,2,8.0,1443,1424,19,1288.488505860433,2867
2016,MA,2,9.0,5124,4741,383,2126.8221860395843,9865
2016,PB,1,1.0,1918,1960,-42,967.3388759471587,3878
2016,PB,1,2.0,6951,7039,-88,1056.349050843224,13990
2016,PB,1,3.0,3159,3577,-418,1045.6337530209921,6736
2016,PB,1,4.0,5495,6535,-1040,1076.8566308458205,12030
2016,PB,1,5.0,6788,7848,-1060,1078.5361020792247,14636
2016,PB,1,6.0,5227,5976,-749,1006.0652951129141,11203
2016,PB,1,7.0,35076,36079,-1003,1080.118022182486,71155
2016,PB,1,8.0,1705,1997,-292,1251.2382455855684,3702
2016,PB,1,9.0,2864,3011,-147,2357.1273304171814,5875
2016,PB,2,1.0,39,37,2,906.4116361416361,76
2016,PB,2,2.0,201,205,-4,914.7615157281334,406
2016,PB,2,3.0,334,400,-66,911.4747412103336,734
2016,PB,2,4.0,572,726,-154,920.0597399846478,1298
2016,PB,2,5.0,1017,1278,-261,928.3732559703496,2295
2016,PB,2,6.0,1631,1797,-166,859.3038514654247,3428
2016,PB,2,7.0,19380,20861,-1481,980.2294751269834,40241
2016,PB,2,8.0,1785,2046,-261,1110.1613178007176,3831
2016,PB,2,9.0,3994,3829,165,1662.5979352242896,7823
2016,PE,1,1.0,4805,6079,-1274,925.3951037914036,10884
2016,PE,1,2.0,20721,24934,-4213,1007.4832311258515,45655
2016,PE,1,3.0,9768,10834,-1066,1052.9753445109761,20602
2016,PE,1,4.0,17120,21014,-3894,1107.481489901878,38134
2016,PE,1,5.0,18114,22421,-4307,1163.873830214244,40535
2016,PE,1,6.0,15213,18713,-3500,1072.9803353265834,33926
2016,PE,1,7.0,113135,117594,-4459,1233.1097421112677,230729
2016,PE,1,8.0,4388,5124,-736,1779.7107513639662,9512
2016,PE,1,9.0,10368,11716,-1348,3303.5210683770993,22084
2016,PE,2,1.0,297,336,-39,908.2267118547285,633
2016,PE,2,2.0,2176,2541,-365,922.2203383830423,4717
2016,PE,2,3.0,1407,1749,-342,970.3907166488021,3156
2016,PE,2,4.0,3680,4350,-670,935.0248068202123,8030
2016,PE,2,5.0,4138,5343,-1205,965.5713053349416,9481
2016,PE,2,6.0,5192,6741,-1549,853.8269522696248,11933
2016,PE,2,7.0,66774,73752,-6978,1008.2614244948891,140526
2016,PE,2,8.0,4708,5673,-965,1265.464736767981,10381
2016,PE,2,9.0,13590,14803,-1213,2217.4875528293996,28393
2016,PI,1,1.0,683,848,-165,1014.7851111181329,1531
2016,PI,1,2.0,3710,5065,-1355,1095.7080226484206,8775
2016,PI,1,3.0,2635,4002,-1367,1127.1748567301481,6637
2016,PI,1,4.0,4842,7257,-2415,1127.415049735458,12099
2016,PI,1,5.0,7240,9280,-2040,1126.3409577748353,16520
2016,PI,1,6.0,4548,5631,-1083,1057.343865790057,10179
2016,PI,1,7.0,23491,24428,-937,1115.0483855350744,47919
2016,PI,1,8.0,1228,1318,-90,1339.9561129578638,2546
2016,PI,1,9.0,2375,2446,-71,2145.3636614642655,4821
2016,PI,2,1.0,23,28,-5,927.281388888889,51
2016,PI,2,2.0,152,231,-79,942.9380766555369,383
2016,PI,2,3.0,182,262,-80,952.4631949595994,444
2016,PI,2,4.0,473,546,-73,908.7547780807296,1019
2016,PI,2,5.0,1154,1306,-152,937.124468188624,2460
2016,PI,2,6.0,1386,1811,-425,870.1459733307804,3197
2016,PI,2,7.0,14888,15865,-977,972.7680273653228,30753
2016,PI,2,8.0,1352,1396,-44,1122.1437291652433,2748
2016,PI,2,9.0,3097,3075,22,1597.9937824728233,6172
2016,RN,1,1.0,844,1058,-214,956.2804467041909,1902
2016,RN,1,2.0,4987,6199,-1212,1026.6565993239794,11186
2016,RN,1,3.0,2624,3113,-489,1067.327270796604,5737
2016,RN,1,4.0,6025,6854,-829,1045.8833973456742,12879
2016,RN,1,5.0,6954,8752,-1798,1069.5565729957582,15706
2016,RN,1,6.0,6715,7775,-1060,1007.0671528159091,14490
2016,RN,1,7.0,42325,44924,-2599,1109.4783698442438,87249
2016,RN,1,8.0,1525,1572,-47,1306.827065842309,3097
2016,RN,1,9.0,3467,3626,-159,2282.5155184304995,7093
2016,RN,2,1.0,60,72,-12,900.0115329768271,132
2016,RN,2,2.0,408,628,-220,889.3674743874651,1036
2016,RN,2,3.0,283,411,-128,883.1439998625381,694
2016,RN,2,4.0,1021,1276,-255,876.7826575395122,2297
2016,RN,2,5.0,1312,1792,-480,909.450226213539,3104
2016,RN,2,6.0,2521,2870,-349,840.626569453067,5391
2016,RN,2,7.0,24632,26391,-1759,952.4450697784823,51023
2016,RN,2,8.0,1699,1809,-110,1091.656150933909,3508
2016,RN,2,9.0,4853,4936,-83,1608.0925386342399,9789
2016,SE,1,1.0,789,622,167,927.0786461580079,1411
2016,SE,1,2.0,6211,5011,1200,1013.0211268003129,11222
2016,SE,1,3.0,1706,2193,-487,1083.8317614077857,3899
2016,SE,1,4.0,3860,5242,-1382,1131.9597978791019,9102
2016,SE,1,5.0,3880,5156,-1276,1090.19576240452,9036
2016,SE,1,6.0,4013,5144,-1131,989.3157655029345,9157
2016,SE,1,7.0,22602,25136,-2534,1146.3472911174608,47738
2016,SE,1,8.0,1081,1344,-263,1381.2676704278786,2425
2016,SE,1,9.0,2118,2369,-251,2866.2408391464683,4487
2016,SE,2,1.0,41,43,-2,884.0235348348093,84
2016,SE,2,2.0,602,542,60,908.0686836779707,1144
2016,SE,2,3.0,178,277,-99,922.8375413395266,455
2016,SE,2,4.0,516,725,-209,936.9550322111463,1241
2016,SE,2,5.0,841,1100,-259,897.4144240278849,1941
2016,SE,2,6.0,1610,2042,-432,764.2253559593313,3652
2016,SE,2,7.0,13666,14557,-891,958.9341819116058,28223
2016,SE,2,8.0,1202,1382,-180,1087.733924984427,2584
2016,SE,2,9.0,2918,3009,-91,1891.8194140352716,5927
2017,AL,1,1.0,5080,4543,537,989.8794806810824,9623
2017,AL,1,2.0,11850,13373,-1523,1058.3227397107703,25223
2017,AL,1,3.0,3475,3934,-459,1087.8256652089283,7409
2017,AL,1,4.0,8354,8807,-453,1086.4856500019898,17161
2017,AL,1,5.0,4764,5023,-259,1138.598939631131,9787
2017,AL,1,6.0,3427,3939,-512,1100.7212969439622,7366
2017,AL,1,7.0,22588,22184,404,1186.1597009159095,44772
2017,AL,1,8.0,1116,1099,17,1414.0840987644906,2215
2017,AL,1,9.0,2059,1892,167,2790.9287657728896,3951
2017,AL,2,1.0,90,134,-44,959.1939719542027,224
2017,AL,2,2.0,254,378,-124,982.9613464848184,632
2017,AL,2,3.0,166,207,-41,992.6390979709574,373
2017,AL,2,4.0,414,559,-145,946.292624286936,973
2017,AL,2,5.0,1072,1225,-153,1007.6847047547269,2297
2017,AL,2,6.0,932,1179,-247,905.2574188435107,2111
2017,AL,2,7.0,12690,13117,-427,1043.7709006443206,25807
2017,AL,2,8.0,1249,1227,22,1194.0542875688948,2476
2017,AL,2,9.0,2998,2646,352,1981.7073730589395,5644
2017,BA,1,1.0,2260,2283,-23,1012.501310348249,4543
2017,BA,1,2.0,12829,15058,-2229,1204.5910069743602,27887
2017,BA,1,3.0,8645,10052,-1407,1194.1178640471876,18697
2017,BA,1,4.0,18653,19618,-965,1235.9194735239382,38271
2017,BA,1,5.0,20517,21914,-1397,1281.503278163114,42431
2017,BA,1,6.0,23143,22922,221,1164.4583606195888,46065
2017,BA,1,7.0,168229,159939,8290,1345.9982143252162,328168
2017,BA,1,8.0,5337,5052,285,1674.9870477147956,10389
2017,BA,1,9.0,13542,12466,1076,3521.05399457574,26008
2017,BA,2,1.0,397,416,-19,871.1032952535123,813
2017,BA,2,2.0,2669,2708,-39,930.5250191624121,5377
2017,BA,2,3.0,1739,2079,-340,967.2390183226152,3818
2017,BA,2,4.0,3612,4021,-409,994.1609060257686,7633
2017,BA,2,5.0,4476,5579,-1103,1021.0038085216632,10055
2017,BA,2,6.0,8412,8567,-155,907.9589589750492,16979
2017,BA,2,7.0,89428,91530,-2102,1076.9391816029217,180958
2017,BA,2,8.0,6291,6151,140,1283.2417588568094,12442
2017,BA,2,9.0,19493,16668,2825,2417.4347158353376,36161
2017,CE,1,1.0,1358,1377,-19,1042.306564916439,2735
2017,CE,1,2.0,6840,8246,-1406,1183.5800978295017,15086
2017,CE,1,3.0,3695,4481,-786,1169.549328592497,8176
2017,CE,1,4.0,12849,13532,-683,1136.8965409851562,26381
2017,CE,1,5.0,20826,23247,-2421,1163.4291125921068,44073
2017,CE,1,6.0,13830,14301,-471,1046.6761313691297,28131
2017,CE,1,7.0,108774,104253,4521,1169.0516518143177,213027
2017,CE,1,8.0,5304,5231,73,1571.198630945787,10535
2017,CE,1,9.0,10600,9941,659,3159.9924797947597,20541
2017,CE,2,1.0,122,154,-32,932.5665673849212,276
2017,CE,2,2.0,672,841,-169,956.8026584796274,1513
2017,CE,2,3.0,470,731,-261,967.8765943436176,1201
2017,CE,2,4.0,2160,2618,-458,969.9762975862546,4778
2017,CE,2,5.0,4781,5937,-1156,981.0797867194007,10718
2017,CE,2,6.0,5149,5561,-412,887.9758234154411,10710
2017,CE,2,7.0,66397,65856,541,1031.1785982104718,132253
2017,CE,2,8.0,6243,6042,201,1318.7918564987115,12285
2017,CE,2,9.0,14577,12499,2078,2225.094115742881,27076
2017,MA,1,1.0,817,981,-164,1041.010445916617,1798
2017,MA,1,2.0,3772,4394,-622,1141.9284274366232,8166
2017,MA,1,3.0,2200,2725,-525,1207.72505097761,4925
2017,MA,1,4.0,5681,5906,-225,1224.9395010020262,11587
2017,MA,1,5.0,8418,8996,-578,1294.3211683175186,17414
2017,MA,1,6.0,4358,4831,-473,1186.8845520055052,9189
2017,MA,1,7.0,43362,42861,501,1298.4443947218147,86223
2017,MA,1,8.0,1204,1110,94,1624.7858998377333,2314
2017,MA,1,9.0,3505,3146,359,3207.257654901374,6651
2017,MA,2,1.0,28,45,-17,998.3326278659612,73
2017,MA,2,2.0,155,168,-13,1018.1401268131813,323
2017,MA,2,3.0,128,172,-44,1007.7967395105562,300
2017,MA,2,4.0,404,585,-181,1005.6271958897592,989
2017,MA,2,5.0,1073,1238,-165,1026.5302118503164,2311
2017,MA,2,6.0,979,1188,-209,959.1041849746733,2167
2017,MA,2,7.0,21805,23066,-1261,1081.5687521416794,44871
2017,MA,2,8.0,1316,1274,42,1336.1754463571551,2590
2017,MA,2,9.0,5398,4127,1271,2169.3517432995463,9525
2017,PB,1,1.0,1758,1892,-134,1031.61885172931,3650
2017,PB,1,2.0,6109,6155,-46,1082.996576363109,12264
2017,PB,1,3.0,2701,3050,-349,1098.3795938339729,5751
2017,PB,1,4.0,5178,5366,-188,1105.0812773618661,10544
2017,PB,1,5.0,5817,6460,-643,1139.8576114953687,12277
2017,PB,1,6.0,4853,5170,-317,1087.0580597269336,10023
2017,PB,1,7.0,31912,31649,263,1138.908841363522,63561
2017,PB,1,8.0,1794,1796,-2,1376.8065638037217,3590
2017,PB,1,9.0,3465,2956,509,2345.732777411712,6421
2017,PB,2,1.0,25,25,0,918.3617283950617,50
2017,PB,2,2.0,176,165,11,982.2954271502471,341
2017,PB,2,3.0,234,251,-17,973.863620092568,485
2017,PB,2,4.0,513,645,-132,972.3334213775405,1158
2017,PB,2,5.0,938,1069,-131,1017.0319248990648,2007
2017,PB,2,6.0,1313,1402,-89,928.841768523932,2715
2017,PB,2,7.0,16638,17945,-1307,1029.26702754852,34583
2017,PB,2,8.0,1782,1725,57,1174.7985278467322,3507
2017,PB,2,9.0,4569,3701,868,1708.3301289280394,8270
2017,PE,1,1.0,4042,4790,-748,974.9868948118367,8832
2017,PE,1,2.0,20116,20849,-733,1057.1240630772493,40965
2017,PE,1,3.0,7628,9152,-1524,1099.4583002817303,16780
2017,PE,1,4.0,13884,15755,-1871,1161.6151287212012,29639
2017,PE,1,5.0,16059,17567,-1508,1210.9359661561682,33626
2017,PE,1,6.0,12702,13882,-1180,1136.2750992865983,26584
2017,PE,1,7.0,105471,100932,4539,1291.6389893703556,206403
2017,PE,1,8.0,4159,4293,-134,1753.0591508157702,8452
2017,PE,1,9.0,11077,10566,511,3269.490682548992,21643
2017,PE,2,1.0,264,352,-88,966.7045450920775,616
2017,PE,2,2.0,2002,2257,-255,978.3556833759267,4259
2017,PE,2,3.0,1381,1474,-93,980.031969783052,2855
2017,PE,2,4.0,3025,3688,-663,1000.2401661418912,6713
2017,PE,2,5.0,3705,4463,-758,1007.4964124517423,8168
2017,PE,2,6.0,4263,5134,-871,930.2589362896015,9397
2017,PE,2,7.0,60777,62494,-1717,1059.4020132497992,123271
2017,PE,2,8.0,4409,4718,-309,1353.5723534652657,9127
2017,PE,2,9.0,14349,13258,1091,2285.493745464234,27607
2017,PI,1,1.0,505,538,-33,1065.507186001262,1043
2017,PI,1,2.0,3172,3659,-487,1140.2956334169812,6831
2017,PI,1,3.0,2023,2151,-128,1194.106048616887,4174
2017,PI,1,4.0,3910,4331,-421,1185.3179655791089,8241
2017,PI,1,5.0,6051,6256,-205,1169.3673182234043,12307
2017,PI,1,6.0,4057,4159,-102,1092.8141575293064,8216
2017,PI,1,7.0,22478,20836,1642,1158.5308871469451,43314
2017,PI,1,8.0,1191,1173,18,1376.8418853546066,2364
2017,PI,1,9.0,2476,2329,147,2245.4428514924457,4805
2017,PI,2,1.0,27,18,9,938.9203703703703,45
2017,PI,2,2.0,154,155,-1,1021.137572661742,309
2017,PI,2,3.0,153,181,-28,1034.755856966657,334
2017,PI,2,4.0,365,417,-52,979.5719127584258,782
2017,PI,2,5.0,1027,989,38,1005.7957876989084,2016
2017,PI,2,6.0,1292,1372,-80,922.8254700155153,2664
2017,PI,2,7.0,14534,13460,1074,1048.0013707844528,27994
2017,PI,2,8.0,1322,1325,-3,1195.0830458979,2647
2017,PI,2,9.0,3470,3098,372,1652.7590980295058,6568
2017,RN,1,1.0,729,765,-36,1007.3320003513727,1494
2017,RN,1,2.0,4530,4822,-292,1085.3590564774313,9352
2017,RN,1,3.0,2584,2632,-48,1102.9009293131223,5216
2017,RN,1,4.0,5141,5220,-79,1107.3676509270872,10361
2017,RN,1,5.0,6477,6508,-31,1155.153632921842,12985
2017,RN,1,6.0,5978,6105,-127,1058.6881906056924,12083
2017,RN,1,7.0,40335,37670,2665,1167.3036458024585,78005
2017,RN,1,8.0,1433,1420,13,1363.9602238735004,2853
2017,RN,1,9.0,3679,3386,293,2289.371815387246,7065
2017,RN,2,1.0,58,56,2,955.0826950826951,114
2017,RN,2,2.0,344,541,-197,973.4321433165597,885
2017,RN,2,3.0,284,372,-88,952.9211523280733,656
2017,RN,2,4.0,904,1034,-130,941.9347246826071,1938
2017,RN,2,5.0,1251,1425,-174,983.6118194631118,2676
2017,RN,2,6.0,2111,2361,-250,877.0344911373007,4472
2017,RN,2,7.0,22714,23375,-661,1000.9471686492946,46089
2017,RN,2,8.0,1656,1675,-19,1165.9704587168983,3331
2017,RN,2,9.0,5193,4476,717,1699.7702822471751,9669
2017,SE,1,1.0,639,830,-191,975.625372773955,1469
2017,SE,1,2.0,4795,6219,-1424,1080.5213706343852,11014
2017,SE,1,3.0,1533,1804,-271,1124.0592827967084,3337
2017,SE,1,4.0,3165,3637,-472,1152.8789188713667,6802
2017,SE,1,5.0,3506,3837,-331,1151.1951956127164,7343
2017,SE,1,6.0,4116,3709,407,1030.0863968200674,7825
2017,SE,1,7.0,21083,20296,787,1164.3576251806892,41379
2017,SE,1,8.0,1070,1160,-90,1337.5427860044967,2230
2017,SE,1,9.0,2074,2033,41,2941.697528020113,4107
2017,SE,2,1.0,37,48,-11,1055.25772005772,85
2017,SE,2,2.0,452,595,-143,955.1610551361136,1047
2017,SE,2,3.0,206,223,-17,931.6454156768169,429
2017,SE,2,4.0,463,698,-235,922.7374237042309,1161
2017,SE,2,5.0,890,933,-43,964.6766865764625,1823
2017,SE,2,6.0,1556,1693,-137,832.4389321581689,3249
2017,SE,2,7.0,13038,13148,-110,1024.9913265784332,26186
2017,SE,2,8.0,1200,1254,-54,1135.2976785562055,2454
2017,SE,2,9.0,3079,2622,457,1949.5144838567815,5701
2018,AL,1,1.0,3835,5530,-1695,1027.5406271356928,9365
2018,AL,1,2.0,12296,13623,-1327,1113.8487131995118,25919
2018,AL,1,3.0,3702,4743,-1041,1140.7161642991678,8445
2018,AL,1,4.0,9233,10012,-779,1147.008296845909,19245
2018,AL,1,5.0,6238,6686,-448,1165.191837032592,12924
2018,AL,1,6.0,4989,5118,-129,1060.8932987524568,10107
2018,AL,1,7.0,34565,30991,3574,1200.9868181013662,65556
2018,AL,1,8.0,1644,1651,-7,1502.416664384298,3295
2018,AL,1,9.0,3034,2843,191,2587.4796938611985,5877
2018,AL,2,1.0,127,153,-26,969.4487349034408,280
2018,AL,2,2.0,615,468,147,979.9918405521198,1083
2018,AL,2,3.0,192,300,-108,1003.3142670181056,492
2018,AL,2,4.0,595,716,-121,965.0142789115548,1311
2018,AL,2,5.0,1195,1550,-355,1029.9600659177497,2745
2018,AL,2,6.0,1345,1549,-204,896.0196337531721,2894
2018,AL,2,7.0,20268,18586,1682,1059.0948508682957,38854
2018,AL,2,8.0,1758,1603,155,1279.498613678851,3361
2018,AL,2,9.0,4448,3875,573,1968.1101001333625,8323
2018,BA,1,1.0,3165,3177,-12,1044.5217403716053,6342
2018,BA,1,2.0,18826,19625,-799,1171.2365749743808,38451
2018,BA,1,3.0,11440,11846,-406,1186.971270295917,23286
2018,BA,1,4.0,24954,25569,-615,1240.849155950506,50523
2018,BA,1,5.0,26135,27694,-1559,1309.442481468897,53829
2018,BA,1,6.0,31083,29541,1542,1168.9680532279056,60624
2018,BA,1,7.0,233418,217651,15767,1344.9579198197728,451069
2018,BA,1,8.0,7852,7248,604,1628.496250086372,15100
2018,BA,1,9.0,19454,18061,1393,3492.35885412736,37515
2018,BA,2,1.0,660,661,-1,914.6530006829408,1321
2018,BA,2,2.0,3687,4120,-433,958.3022554283069,7807
2018,BA,2,3.0,2324,2607,-283,986.0065675772918,4931
2018,BA,2,4.0,4326,4905,-579,987.1214535747393,9231
2018,BA,2,5.0,5680,6600,-920,1039.1673334560576,12280
2018,BA,2,6.0,10359,10787,-428,918.7799648925842,21146
2018,BA,2,7.0,126510,123429,3081,1090.253512840003,249939
2018,BA,2,8.0,8853,8575,278,1254.6670363509957,17428
2018,BA,2,9.0,28910,24801,4109,2433.4262245285745,53711
2018,CE,1,1.0,1586,1737,-151,1072.0889464499326,3323
2018,CE,1,2.0,8583,9580,-997,1197.8647072312199,18163
2018,CE,1,3.0,4672,5306,-634,1202.7715055551555,9978
2018,CE,1,4.0,15929,16285,-356,1159.4964373056023,32214
2018,CE,1,5.0,24684,26336,-1652,1178.4761546339798,51020
2018,CE,1,6.0,16460,16831,-371,1076.2518311917586,33291
2018,CE,1,7.0,147664,133763,13901,1174.3797884141445,281427
2018,CE,1,8.0,7189,6610,579,1504.9203646791448,13799
2018,CE,1,9.0,14718,13283,1435,2973.6401034458345,28001
2018,CE,2,1.0,169,145,24,957.0745365537413,314
2018,CE,2,2.0,768,951,-183,1038.4154957228418,1719
2018,CE,2,3.0,667,789,-122,1003.2812392895931,1456
2018,CE,2,4.0,3004,2988,16,984.2930752035923,5992
2018,CE,2,5.0,6100,6569,-469,1001.6728885381394,12669
2018,CE,2,6.0,5870,6583,-713,912.8451630890913,12453
2018,CE,2,7.0,90781,84900,5881,1031.4322061521832,175681
2018,CE,2,8.0,8131,7657,474,1269.7525756403115,15788
2018,CE,2,9.0,19747,16784,2963,2100.529784431152,36531
2018,MA,1,1.0,1801,1889,-88,1037.2618396481885,3690
2018,MA,1,2.0,4701,4768,-67,1161.699192382178,9469
2018,MA,1,3.0,2851,2899,-48,1211.8389260922934,5750
2018,MA,1,4.0,6701,7040,-339,1253.909895119187,13741
2018,MA,1,5.0,10046,10568,-522,1308.2983759886877,20614
2018,MA,1,6.0,5234,5589,-355,1194.3091206052077,10823
2018,MA,1,7.0,58679,55292,3387,1304.2476207389748,113971
2018,MA,1,8.0,1759,1470,289,1606.1160294807112,3229
2018,MA,1,9.0,4720,4219,501,3104.902128988377,8939
2018,MA,2,1.0,40,31,9,980.3866456775547,71
2018,MA,2,2.0,253,217,36,1033.3645597818618,470
2018,MA,2,3.0,187,223,-36,1066.6960638186613,410
2018,MA,2,4.0,566,670,-104,1037.4232185801027,1236
2018,MA,2,5.0,1315,1374,-59,1041.1943904114044,2689
2018,MA,2,6.0,1166,1349,-183,947.5167493806742,2515
2018,MA,2,7.0,32010,29159,2851,1104.055355304232,61169
2018,MA,2,8.0,1972,1518,454,1347.0267432428932,3490
2018,MA,2,9.0,7242,5713,1529,2221.7686274711364,12955
2018,PB,1,1.0,1774,2095,-321,1038.705335310868,3869
2018,PB,1,2.0,6479,7903,-1424,1107.7594027512594,14382
2018,PB,1,3.0,3684,3776,-92,1123.8322125943362,7460
2018,PB,1,4.0,6694,6930,-236,1121.4540069146271,13624
2018,PB,1,5.0,7216,7956,-740,1150.6821731951206,15172
2018,PB,1,6.0,6426,6482,-56,1071.9548776236963,12908
2018,PB,1,7.0,45675,41429,4246,1133.7218880307569,87104
2018,PB,1,8.0,2526,2338,188,1288.4886022518606,4864
2018,PB,1,9.0,4810,4325,485,2278.017641350519,9135
2018,PB,2,1.0,49,43,6,938.7681127899878,92
2018,PB,2,2.0,325,252,73,972.579484857321,577
2018,PB,2,3.0,274,344,-70,1015.3147982171058,618
2018,PB,2,4.0,751,760,-9,989.6042095377139,1511
2018,PB,2,5.0,1147,1303,-156,989.9501290402856,2450
2018,PB,2,6.0,1731,1763,-32,947.7289660311832,3494
2018,PB,2,7.0,24300,23556,744,1047.3518511978677,47856
2018,PB,2,8.0,2580,2372,208,1131.5025082042255,4952
2018,PB,2,9.0,6541,5566,975,1749.5417679626407,12107
2018,PE,1,1.0,4783,5020,-237,992.1381257794301,9803
2018,PE,1,2.0,21425,23665,-2240,1094.1676823342605,45090
2018,PE,1,3.0,9097,9956,-859,1115.0897860873213,19053
2018,PE,1,4.0,17043,19484,-2441,1189.041216143723,36527
2018,PE,1,5.0,19728,21309,-1581,1226.5375245740242,41037
2018,PE,1,6.0,16278,17050,-772,1148.651690863453,33328
2018,PE,1,7.0,140159,133592,6567,1283.3383269109183,273751
2018,PE,1,8.0,6250,5887,363,1639.0280329678862,12137
2018,PE,1,9.0,15595,15082,513,3214.1404730852323,30677
2018,PE,2,1.0,352,376,-24,1010.9408459856336,728
2018,PE,2,2.0,2671,2938,-267,997.514803786004,5609
2018,PE,2,3.0,1314,1565,-251,1000.567348400158,2879
2018,PE,2,4.0,3734,4308,-574,1008.298159655618,8042
2018,PE,2,5.0,4481,5322,-841,1040.3766177228545,9803
2018,PE,2,6.0,5842,6428,-586,953.1116917644914,12270
2018,PE,2,7.0,81414,82686,-1272,1078.7266900396514,164100
2018,PE,2,8.0,6575,6742,-167,1318.687670280696,13317
2018,PE,2,9.0,20737,19108,1629,2292.04851807932,39845
2018,PI,1,1.0,636,590,46,1092.4481334468999,1226
2018,PI,1,2.0,3994,3747,247,1142.2965464558304,7741
2018,PI,1,3.0,2010,2287,-277,1175.3908249257986,4297
2018,PI,1,4.0,4296,4889,-593,1189.6866553898114,9185
2018,PI,1,5.0,7347,7646,-299,1168.433544689235,14993
2018,PI,1,6.0,5116,5251,-135,1076.705543381772,10367
2018,PI,1,7.0,29428,26832,2596,1160.1709230619915,56260
2018,PI,1,8.0,1568,1505,63,1340.007700984336,3073
2018,PI,1,9.0,3312,3026,286,2073.159096490846,6338
2018,PI,2,1.0,15,24,-9,993.4555555555556,39
2018,PI,2,2.0,207,196,11,1035.2128239023366,403
2018,PI,2,3.0,180,185,-5,1011.7824115365393,365
2018,PI,2,4.0,469,496,-27,982.1375096133734,965
2018,PI,2,5.0,1293,1334,-41,1006.3205345820566,2627
2018,PI,2,6.0,1826,1911,-85,920.5288388305092,3737
2018,PI,2,7.0,18028,17603,425,1050.5240499974059,35631
2018,PI,2,8.0,1569,1541,28,1190.2956748006957,3110
2018,PI,2,9.0,4785,4016,769,1553.5044393777953,8801
2018,RN,1,1.0,1004,1007,-3,1051.7676932023808,2011
2018,RN,1,2.0,5787,6305,-518,1099.2465559388813,12092
2018,RN,1,3.0,3212,3338,-126,1139.819982297267,6550
2018,RN,1,4.0,6738,6546,192,1108.9399646419429,13284
2018,RN,1,5.0,8493,8499,-6,1167.554524852468,16992
2018,RN,1,6.0,8124,7574,550,1051.0522612648845,15698
2018,RN,1,7.0,53873,51253,2620,1205.512574602071,105126
2018,RN,1,8.0,1888,1868,20,1359.1523654305918,3756
2018,RN,1,9.0,4868,4735,133,2238.2603615578505,9603
2018,RN,2,1.0,71,78,-7,946.3251302491791,149
2018,RN,2,2.0,388,552,-164,991.4396153280157,940
2018,RN,2,3.0,324,454,-130,966.9346714192939,778
2018,RN,2,4.0,987,1071,-84,960.98706559953,2058
2018,RN,2,5.0,1555,1764,-209,982.9180947463861,3319
2018,RN,2,6.0,3048,2883,165,831.3849590013903,5931
2018,RN,2,7.0,30776,29604,1172,1011.7481870946066,60380
2018,RN,2,8.0,2116,2153,-37,1164.0171955833673,4269
2018,RN,2,9.0,7168,6308,860,1661.4022398778718,13476
2018,SE,1,1.0,834,884,-50,1004.8395491819427,1718
2018,SE,1,2.0,5790,6452,-662,1061.5004050117072,12242
2018,SE,1,3.0,1830,1934,-104,1105.6692296342858,3764
2018,SE,1,4.0,3947,4251,-304,1137.1696488273603,8198
2018,SE,1,5.0,4357,4611,-254,1159.7457139836322,8968
2018,SE,1,6.0,4803,4860,-57,1035.3197159436709,9663
2018,SE,1,7.0,28312,27445,867,1201.6065955036672,55757
2018,SE,1,8.0,1484,1410,74,1335.5370427758905,2894
2018,SE,1,9.0,2817,2723,94,2766.6586239410794,5540
2018,SE,2,1.0,44,51,-7,971.1547369297369,95
2018,SE,2,2.0,556,638,-82,982.1094656322311,1194
2018,SE,2,3.0,193,286,-93,998.485143390861,479
2018,SE,2,4.0,653,695,-42,900.1233719427818,1348
2018,SE,2,5.0,1000,1101,-101,972.5579668569927,2101
2018,SE,2,6.0,1846,2036,-190,824.2825677697425,3882
2018,SE,2,7.0,18123,18030,93,1034.6011921341185,36153
2018,SE,2,8.0,1677,1664,13,1132.4536400392305,3341
2018,SE,2,9.0,4567,3955,612,1861.0483415211427,8522
2019,AL,1,1.0,1064,1978,-914,1111.1993090821704,3042
2019,AL,1,2.0,4163,6270,-2107,1188.9897205106247,10433
2019,AL,1,3.0,1271,2098,-827,1218.5982358373542,3369
2019,AL,1,4.0,3556,4328,-772,1224.5358599252245,7884
2019,AL,1,5.0,3482,4233,-751,1252.2743584510195,7715
2019,AL,1,6.0,2920,3148,-228,1128.097591888287,6068
2019,AL,1,7.0,23857,22767,1090,1243.3066302026116,46624
2019,AL,1,8.0,1177,1178,-1,1504.7834776279258,2355
2019,AL,1,9.0,1954,2132,-178,2851.8204284669396,4086
2019,AL,2,1.0,121,83,38,1002.2072513537187,204
2019,AL,2,2.0,538,384,154,1011.5618324172855,922
2019,AL,2,3.0,167,210,-43,1062.8965434755519,377
2019,AL,2,4.0,347,448,-101,982.5842070478752,795
2019,AL,2,5.0,864,1037,-173,1056.4790866917658,1901
2019,AL,2,6.0,951,979,-28,899.3843626383464,1930
2019,AL,2,7.0,13594,13306,288,1103.1573983087878,26900
2019,AL,2,8.0,1228,1197,31,1302.90331439928,2425
2019,AL,2,9.0,2876,2980,-104,1954.3386799300797,5856
2019,BA,1,1.0,1945,2019,-74,1126.0605469226398,3964
2019,BA,1,2.0,13526,14477,-951,1264.0925072363125,28003
2019,BA,1,3.0,7678,8390,-712,1263.1646393460405,16068
2019,BA,1,4.0,17056,17256,-200,1310.0863358537877,34312
2019,BA,1,5.0,18157,18226,-69,1400.539601576547,36383
2019,BA,1,6.0,20545,20824,-279,1231.1647458941704,41369
2019,BA,1,7.0,169462,159804,9658,1408.44122036415,329266
2019,BA,1,8.0,5332,5335,-3,1730.2630122715955,10667
2019,BA,1,9.0,13236,13427,-191,3490.537216028367,26663
2019,BA,2,1.0,411,363,48,971.9968428777927,774
2019,BA,2,2.0,2192,2685,-493,1003.9487452956306,4877
2019,BA,2,3.0,1341,1511,-170,1036.6168774974456,2852
2019,BA,2,4.0,2831,3177,-346,1018.6435552355462,6008
2019,BA,2,5.0,4045,4104,-59,1080.5132933448774,8149
2019,BA,2,6.0,6915,7060,-145,961.0560744116981,13975
2019,BA,2,7.0,91307,87366,3941,1130.9396554566179,178673
2019,BA,2,8.0,6162,6336,-174,1340.5140835530142,12498
2019,BA,2,9.0,20838,20198,640,2392.413961598382,41036
2019,CE,1,1.0,1000,983,17,1144.8148187219115,1983
2019,CE,1,2.0,5114,5225,-111,1245.226852883794,10339
2019,CE,1,3.0,2590,2963,-373,1263.3163118849243,5553
2019,CE,1,4.0,8862,9707,-845,1217.0327613375007,18569
2019,CE,1,5.0,15268,15857,-589,1228.2139499785815,31125
2019,CE,1,6.0,9937,10349,-412,1157.716925778082,20286
2019,CE,1,7.0,99095,92126,6969,1236.2309170735978,191221
2019,CE,1,8.0,4851,4735,116,1667.5103826383374,9586
2019,CE,1,9.0,9974,9475,499,3234.3935511087407,19449
2019,CE,2,1.0,128,107,21,999.1684154649995,235
2019,CE,2,2.0,603,623,-20,1051.072558782791,1226
2019,CE,2,3.0,352,483,-131,1047.9664222425981,835
2019,CE,2,4.0,1654,2003,-349,1024.5381693304985,3657
2019,CE,2,5.0,3391,4045,-654,1046.470931391037,7436
2019,CE,2,6.0,3535,4053,-518,968.1016853002575,7588
2019,CE,2,7.0,61236,57721,3515,1076.4142508151572,118957
2019,CE,2,8.0,5397,5312,85,1356.8124652507727,10709
2019,CE,2,9.0,13863,12766,1097,2249.576302334438,26629
2019,MA,1,1.0,1194,1137,57,1098.7969983534997,2331
2019,MA,1,2.0,2824,2896,-72,1221.7617483532167,5720
2019,MA,1,3.0,1504,1676,-172,1268.9324231643386,3180
2019,MA,1,4.0,4060,4293,-233,1298.0738309716419,8353
2019,MA,1,5.0,6936,6759,177,1352.04889830593,13695
2019,MA,1,6.0,3822,3787,35,1234.3294839776415,7609
2019,MA,1,7.0,43294,40406,2888,1332.230207649483,83700
2019,MA,1,8.0,1281,1161,120,1647.8051784236714,2442
2019,MA,1,9.0,3400,3164,236,3249.9172311665648,6564
2019,MA,2,1.0,27,18,9,1036.5487103174603,45
2019,MA,2,2.0,188,203,-15,1147.9207939331804,391
2019,MA,2,3.0,116,138,-22,1084.8211624726646,254
2019,MA,2,4.0,289,397,-108,1072.5966351662955,686
2019,MA,2,5.0,935,913,22,1076.05332171658,1848
2019,MA,2,6.0,922,908,14,964.59542813541,1830
2019,MA,2,7.0,25423,20972,4451,1116.9737100014383,46395
2019,MA,2,8.0,1322,1302,20,1363.4933079133382,2624
2019,MA,2,9.0,5634,4460,1174,2260.1125391756723,10094
2019,PB,1,1.0,703,735,-32,1089.6871147552004,1438
2019,PB,1,2.0,3335,2897,438,1176.7295362067462,6232
2019,PB,1,3.0,1773,2006,-233,1197.975725459603,3779
2019,PB,1,4.0,3613,3716,-103,1181.7280765008957,7329
2019,PB,1,5.0,3960,4491,-531,1200.3022475935638,8451
2019,PB,1,6.0,3754,3658,96,1121.1900728791438,7412
2019,PB,1,7.0,31312,28558,2754,1177.2776662589197,59870
2019,PB,1,8.0,2018,1706,312,1350.6743779589724,3724
2019,PB,1,9.0,3520,3755,-235,2407.3579215341138,7275
2019,PB,2,1.0,26,33,-7,994.4858974358974,59
2019,PB,2,2.0,178,196,-18,990.7577540925381,374
2019,PB,2,3.0,177,263,-86,1002.3222998803534,440
2019,PB,2,4.0,541,610,-69,1006.4674230213025,1151
2019,PB,2,5.0,918,1008,-90,997.6948937534311,1926
2019,PB,2,6.0,1233,1214,19,958.8468199566848,2447
2019,PB,2,7.0,18558,17074,1484,1074.903996868101,35632
2019,PB,2,8.0,2228,1764,464,1156.8609637285729,3992
2019,PB,2,9.0,5065,5445,-380,1769.6515616092806,10510
2019,PE,1,1.0,1627,3225,-1598,1077.244680099782,4852
2019,PE,1,2.0,9347,14432,-5085,1140.7820234950448,23779
2019,PE,1,3.0,4233,5949,-1716,1230.0232973277534,10182
2019,PE,1,4.0,9913,11774,-1861,1229.3442527815444,21687
2019,PE,1,5.0,12043,13511,-1468,1282.3380511263094,25554
2019,PE,1,6.0,9830,10800,-970,1199.6552784965031,20630
2019,PE,1,7.0,96388,91897,4491,1306.734278192537,188285
2019,PE,1,8.0,4478,4190,288,1702.5329918261673,8668
2019,PE,1,9.0,10324,10541,-217,3219.2568226295853,20865
2019,PE,2,1.0,258,307,-49,1077.9895230012187,565
2019,PE,2,2.0,1675,2080,-405,1048.071104483057,3755
2019,PE,2,3.0,756,970,-214,1059.561893416428,1726
2019,PE,2,4.0,2612,2854,-242,1041.3451760783998,5466
2019,PE,2,5.0,3084,3643,-559,1085.8962053111854,6727
2019,PE,2,6.0,3303,3877,-574,995.447711846247,7180
2019,PE,2,7.0,57108,55591,1517,1120.8249059938416,112699
2019,PE,2,8.0,4427,4265,162,1378.830510466391,8692
2019,PE,2,9.0,14111,13287,824,2313.0748207767024,27398
2019,PI,1,1.0,429,552,-123,1119.250100689254,981
2019,PI,1,2.0,2930,3208,-278,1193.6685395699044,6138
2019,PI,1,3.0,1457,1647,-190,1235.1893819865904,3104
2019,PI,1,4.0,3173,3291,-118,1265.99512589857,6464
2019,PI,1,5.0,5171,5262,-91,1230.778597088297,10433
2019,PI,1,6.0,3778,3842,-64,1131.3035397143215,7620
2019,PI,1,7.0,21590,20422,1168,1230.8539636061016,42012
2019,PI,1,8.0,1056,1096,-40,1428.3100405962934,2152
2019,PI,1,9.0,2206,2130,76,2269.8494971965897,4336
2019,PI,2,1.0,23,30,-7,990.923768939394,53
2019,PI,2,2.0,123,129,-6,1048.3992804897518,252
2019,PI,2,3.0,100,140,-40,1039.732437045074,240
2019,PI,2,4.0,318,380,-62,1011.7427031963688,698
2019,PI,2,5.0,864,917,-53,1045.581448030803,1781
2019,PI,2,6.0,1293,1266,27,894.9529358987612,2559
2019,PI,2,7.0,12421,12762,-341,1091.2692891840115,25183
2019,PI,2,8.0,1192,1114,78,1231.3618804546309,2306
2019,PI,2,9.0,3229,2890,339,1689.8318559789261,6119
2019,RN,1,1.0,542,704,-162,1132.3761262275448,1246
2019,RN,1,2.0,3723,3797,-74,1192.2790317414044,7520
2019,RN,1,3.0,1464,2072,-608,1201.4160441927484,3536
2019,RN,1,4.0,3909,4477,-568,1173.0904062232553,8386
2019,RN,1,5.0,4810,5462,-652,1230.8451491318328,10272
2019,RN,1,6.0,4821,5168,-347,1107.420510972069,9989
2019,RN,1,7.0,36888,34517,2371,1203.4112340423383,71405
2019,RN,1,8.0,1302,1313,-11,1442.2568402681977,2615
2019,RN,1,9.0,3305,3438,-133,2357.483461611624,6743
2019,RN,2,1.0,57,56,1,1018.7239825206398,113
2019,RN,2,2.0,274,361,-87,1030.6687881681949,635
2019,RN,2,3.0,181,295,-114,1020.3573356549441,476
2019,RN,2,4.0,889,1064,-175,1013.605926068981,1953
2019,RN,2,5.0,1088,1195,-107,1027.6438153903773,2283
2019,RN,2,6.0,1904,2153,-249,909.8426814291608,4057
2019,RN,2,7.0,22294,21290,1004,1036.3306391844383,43584
2019,RN,2,8.0,1416,1438,-22,1226.9230964486983,2854
2019,RN,2,9.0,5123,4874,249,1767.2363500340568,9997
2019,SE,1,1.0,485,525,-40,1124.8015686778479,1010
2019,SE,1,2.0,3336,3781,-445,1181.272040107375,7117
2019,SE,1,3.0,1154,1258,-104,1169.7696681947302,2412
2019,SE,1,4.0,2392,2585,-193,1147.9193510239518,4977
2019,SE,1,5.0,2547,2922,-375,1208.194642388414,5469
2019,SE,1,6.0,3054,3157,-103,1062.32217746718,6211
2019,SE,1,7.0,20143,18649,1494,1230.1624351034366,38792
2019,SE,1,8.0,958,887,71,1341.6136020038114,1845
2019,SE,1,9.0,1791,1950,-159,2703.1930567161235,3741
2019,SE,2,1.0,35,18,17,1006.2189893439893,53
2019,SE,2,2.0,297,341,-44,1367.1231126345933,638
2019,SE,2,3.0,123,164,-41,1083.8633933369226,287
2019,SE,2,4.0,334,440,-106,1114.4053930939535,774
2019,SE,2,5.0,549,671,-122,1027.6853380594298,1220
2019,SE,2,6.0,1232,1313,-81,852.1789998746406,2545
2019,SE,2,7.0,13319,11620,1699,1070.8317968226963,24939
2019,SE,2,8.0,1082,1047,35,1155.5805108957172,2129
2019,SE,2,9.0,2813,2716,97,1839.6906331907815,5529
