ano,mes,sigla_uf,admissoes,desligamentos,saldo,total_movimentacoes,salario_medio
2020,1,AL,8019,12276,-4257,20295,1193.530123485197
2020,1,BA,48138,46104,2034,94242,1383.7118863031644
2020,1,CE,32300,30656,1644,62956,1342.392970472878
2020,1,MA,11705,11730,-25,23435,1342.8230497512436
2020,1,PB,10046,11358,-1312,21404,1161.0764721734035
2020,1,PE,30449,33205,-2756,63654,1329.2657040843824
2020,1,PI,6836,7322,-486,14158,1238.75878914405
2020,1,RN,10870,12223,-1353,23093,1161.2993758378464
2020,1,SE,7225,6968,257,14193,1169.511620745543
2020,2,AL,8385,16749,-8364,25134,897.5652529218407
2020,2,BA,49312,42498,6814,91810,1342.2044904774677
2020,2,CE,33754,27273,6481,61027,1252.34306551184
2020,2,MA,12077,10255,1822,22332,1299.4472750041743
2020,2,PB,10745,13447,-2702,24192,1080.3008458784877
2020,2,PE,31051,32711,-1660,63762,1217.4814353250163
2020,2,PI,6949,6110,839,13059,1246.941730909091
2020,2,RN,11119,13558,-2439,24677,1128.8951619820073
2020,2,SE,6720,8849,-2129,15569,1144.7127658733295
2020,3,AL,7375,12997,-5622,20372,1077.0166143419833
2020,3,BA,46437,60190,-13753,106627,1365.6990114458174
2020,3,CE,30575,33259,-2684,63834,1232.186734911719
2020,3,MA,11425,12568,-1143,23993,1347.735934094049
2020,3,PB,10712,11380,-668,22092,1124.2861637196422
2020,3,PE,27112,51906,-24794,79018,1270.4512199661854
2020,3,PI,7249,7163,86,14412,1257.1158272859216
2020,3,RN,10843,12896,-2053,23739,1174.7706447831185
2020,3,SE,5538,8164,-2626,13702,1279.8684702974667
2020,4,AL,2797,10487,-7690,13284,1026.7213226848528
2020,4,BA,23527,58625,-35098,82152,1342.5776308099782
2020,4,CE,12450,43535,-31085,55985,1242.7041850509102
2020,4,MA,7002,12955,-5953,19957,1340.9944006042294
2020,4,PB,3382,12075,-8693,15457,1266.275198348326
2020,4,PE,13743,39955,-26212,53698,1593.3727459652555
2020,4,PI,2322,7934,-5612,10256,1282.8653562383
2020,4,RN,4488,13266,-8778,17754,1231.3870493066256
2020,4,SE,2194,7307,-5113,9501,1208.5745388104838
2020,5,AL,5065,7545,-2480,12610,1249.6946980516618
2020,5,BA,24953,43255,-18302,68208,1435.0595419669455
2020,5,CE,14385,24072,-9687,38457,1364.762206373542
2020,5,MA,9362,10619,-1257,19981,1376.810784074397
2020,5,PB,4582,8114,-3532,12696,1233.0753168952942
2020,5,PE,17107,24648,-7541,41755,1371.9517383995517
2020,5,PI,2904,6340,-3436,9244,1679.4147966062296
2020,5,RN,6293,9634,-3341,15927,1236.1439562764458
2020,5,SE,2604,6226,-3622,8830,1257.6346512868383
2020,6,AL,5665,4851,814,10516,1249.2781353956987
2020,6,BA,30117,33101,-2984,63218,1462.5275950915832
2020,6,CE,18698,20530,-1832,39228,1370.3498362235068
2020,6,MA,12029,8313,3716,20342,1555.2937607445933
2020,6,PB,5727,5687,40,11414,1229.250638480626
2020,6,PE,17761,21326,-3565,39087,33783.095252944666
2020,6,PI,5064,4728,336,9792,1208.8272704416265
2020,6,RN,9550,7855,1695,17405,1214.483973493528
2020,6,SE,3992,4797,-805,8789,1415.8412652320455
2020,7,AL,7377,5718,1659,13095,1241.1338255089322
2020,7,BA,37528,33358,4170,70886,1419.6980900015844
2020,7,CE,27111,20155,6956,47266,1427.1860816535855
2020,7,MA,14455,9083,5372,23538,1799.599655565585
2020,7,PB,9060,6980,2080,16040,1161.6740669405347
2020,7,PE,28349,22608,5741,50957,1365.9710720048847
2020,7,PI,5913,4352,1561,10265,1442.1327016379846
2020,7,RN,10187,8829,1358,19016,1257.669159902367
2020,7,SE,4496,5284,-788,9780,1248.443744865626
2020,8,AL,9687,5878,3809,15565,1152.4378205664852
2020,8,BA,44376,35393,8983,79769,1451.8305370730352
2020,8,CE,33879,21709,12170,55588,1358.675294427018
2020,8,MA,15600,9708,5892,25308,1610.1081336974898
2020,8,PB,16420,6704,9716,23124,1129.4674451052151
2020,8,PE,37741,25219,12522,62960,1425.7898182695953
2020,8,PI,6753,4680,2073,11433,1329.3402617220013
2020,8,RN,14546,8615,5931,23161,1174.209412141452
2020,8,SE,5160,4833,327,9993,1232.6576915149433
2020,9,AL,22834,6161,16673,28995,940.4123373406193
2020,9,BA,51646,34946,16700,86592,1386.6327116658176
2020,9,CE,36942,24148,12794,61090,1290.3190297056717
2020,9,MA,15453,10365,5088,25818,1413.4231094602137
2020,9,PB,13151,11252,1899,24403,1149.8134680149678
2020,9,PE,46595,24390,22205,70985,1192.0076205897392
2020,9,PI,7707,5274,2433,12981,1329.6494596601221
2020,9,RN,13956,9529,4427,23485,1204.263448573114
2020,9,SE,8842,5337,3505,14179,1262.228843007708
2020,10,AL,10839,6208,4631,17047,1183.8769799092677
2020,10,BA,55208,39046,16162,94254,1413.5127215603832
2020,10,CE,42938,26361,16577,69299,1354.1006758294407
2020,10,MA,16775,10838,5937,27613,1361.8475192268975
2020,10,PB,13139,11683,1456,24822,1193.5447504025765
2020,10,PE,40319,27185,13134,67504,1347.116402949996
2020,10,PI,8903,5389,3514,14292,1275.0401457357423
2020,10,RN,13919,9234,4685,23153,1197.2591202831272
2020,10,SE,8912,5180,3732,14092,1216.5100899108847
2020,11,AL,9522,5828,3694,15350,1188.003770610881
2020,11,BA,54196,40342,13854,94538,1406.4232480545536
2020,11,CE,39812,23349,16463,63161,1330.0186321933572
2020,11,MA,15286,10895,4391,26181,1337.2914612351065
2020,11,PB,17782,7657,10125,25439,1162.7060677558468
2020,11,PE,39190,25466,13724,64656,1330.4123170224448
2020,11,PI,8134,5977,2157,14111,1180.294619205298
2020,11,RN,14035,9277,4758,23312,1244.2128456320845
2020,11,SE,7404,4688,2716,12092,1222.7722339051836
2020,12,AL,8317,6785,1532,15102,1168.1459379407615
2020,12,BA,49854,49939,-85,99793,1333.4448539477917
2020,12,CE,30101,26378,3723,56479,1318.5615153196945
2020,12,MA,11171,14188,-3017,25359,1295.2884123692752
2020,12,PB,10595,9385,1210,19980,1131.5181862558984
2020,12,PE,32014,34447,-2433,66461,1314.0394391716998
2020,12,PI,6521,6731,-210,13252,1343.8549190775682
2020,12,RN,11137,12083,-946,23220,1213.4726905744508
2020,12,SE,6461,5851,610,12312,1202.5690689429985
2021,1,AL,9386,9578,-192,18964,1209.4832132712193
2021,1,BA,57611,42691,14920,100302,1396.3111233946413
2021,1,CE,39314,31303,8011,70617,1305.9330607304184
2021,1,MA,15047,15019,28,30066,1358.0492975146199
2021,1,PB,11927,12112,-185,24039,1176.2286532362532
2021,1,PE,35886,34475,1411,70361,1315.1029714568297
2021,1,PI,8813,7154,1659,15967,1305.258859110241
2021,1,RN,14398,12186,2212,26584,1199.6678987736188
2021,1,SE,7337,6870,467,14207,1233.9004840983864
2021,2,AL,9035,9587,-552,18622,1193.8657228741547
2021,2,BA,61692,42886,18806,104578,1423.8486613814189
2021,2,CE,43349,30939,12410,74288,1495.8695831823125
2021,2,MA,16036,12727,3309,28763,1391.7600680220978
2021,2,PB,13331,13407,-76,26738,1187.7719320403535
2021,2,PE,39597,37768,1829,77365,1220.6342194644023
2021,2,PI,10166,7326,2840,17492,1315.7747021186694
2021,2,RN,14601,12759,1842,27360,1290.7171447850394
2021,2,SE,7530,7336,194,14866,1226.4904972882132
2021,3,AL,9883,18309,-8426,28192,1071.215834665279
2021,3,BA,58425,49003,9422,107428,1450.800783055071
2021,3,CE,34817,36111,-1294,70928,1462.9948331929966
2021,3,MA,15932,12270,3662,28202,1405.867469229276
2021,3,PB,13028,10965,2063,23993,1189.870249305073
2021,3,PE,36328,38921,-2593,75249,1332.5128056763888
2021,3,PI,8218,6925,1293,15143,1336.722216480447
2021,3,RN,15422,13341,2081,28763,1258.8864266018431
2021,3,SE,7592,9074,-1482,16666,1229.3815980230643
2021,4,AL,8656,11909,-3253,20565,1172.2013529079036
2021,4,BA,55254,45303,9951,100557,1478.964831844064
2021,4,CE,30606,27198,3408,57804,1461.2449610590497
2021,4,MA,15286,12186,3100,27472,1436.0415271170314
2021,4,PB,10814,10282,532,21096,1223.981176237624
2021,4,PE,33752,28681,5071,62433,1462.0007911583523
2021,4,PI,8493,6416,2077,14909,1254.0681316241764
2021,4,RN,12466,12563,-97,25029,1286.1959641522258
2021,4,SE,6262,6624,-362,12886,1378.256851867681
2021,5,AL,10307,7074,3233,17381,1270.4711342422008
2021,5,BA,59030,47912,11118,106942,1489.4365735191095
2021,5,CE,31868,27293,4575,59161,1415.1751401659565
2021,5,MA,15803,12102,3701,27905,1414.0552203732855
2021,5,PB,12283,9301,2982,21584,1226.5100794438927
2021,5,PE,36428,28178,8250,64606,1443.7295043858242
2021,5,PI,9450,6031,3419,15481,1324.8343785121756
2021,5,RN,12928,10757,2171,23685,1247.4519874730022
2021,5,SE,6582,6057,525,12639,1422.6509862899877
2021,6,AL,11828,6841,4987,18669,1290.4040155029988
2021,6,BA,56833,48303,8530,105136,1546.8100115372958
2021,6,CE,38319,28390,9929,66709,1426.0694216136262
2021,6,MA,18986,11943,7043,30929,1400.127661023808
2021,6,PB,12123,8733,3390,20856,1256.02491776956
2021,6,PE,35606,28679,6927,64285,29074.386080627097
2021,6,PI,11712,6605,5107,18317,1254.6333303541503
2021,6,RN,15101,10219,4882,25320,1278.6533998230516
2021,6,SE,7080,5968,1112,13048,1290.8504358911093
2021,7,AL,12073,7979,4094,20052,1276.7901265952016
2021,7,BA,59316,48361,10955,107677,1480.0524231842905
2021,7,CE,43355,29677,13678,73032,1391.7812204147176
2021,7,MA,18427,13306,5121,31733,1382.200253347335
2021,7,PB,14101,10654,3447,24755,1227.1622171741978
2021,7,PE,38370,29193,9177,67563,1430.7918397241253
2021,7,PI,9736,6894,2842,16630,1389.9654013202542
2021,7,RN,15974,11347,4627,27321,1243.9455935433248
2021,7,SE,7204,5688,1516,12892,1334.1814909002273
2021,8,AL,14350,8863,5487,23213,1218.1674882101458
2021,8,BA,65262,46957,18305,112219,1435.256909931938
2021,8,CE,48557,31784,16773,80341,1345.9001768704045
2021,8,MA,18092,13417,4675,31509,1371.5069337416846
2021,8,PB,21225,10670,10555,31895,1143.8431785816008
2021,8,PE,48706,31315,17391,80021,1317.061310173124
2021,8,PI,10610,7631,2979,18241,1302.0752385490835
2021,8,RN,19220,11670,7550,30890,1226.0182738391172
2021,8,SE,8475,6727,1748,15202,1254.005635214943
2021,9,AL,25628,8650,16978,34278,1072.7174354018614
2021,9,BA,63599,52121,11478,115720,1501.7234726125457
2021,9,CE,47532,33428,14104,80960,1347.5978704481881
2021,9,MA,17610,14344,3266,31954,1447.9970842890834
2021,9,PB,15623,10486,5137,26109,1239.052345750873
2021,9,PE,60743,33586,27157,94329,1296.0194295580854
2021,9,PI,10724,7347,3377,18071,1411.3502919461196
2021,9,RN,17588,11202,6386,28790,1257.604166519855
2021,9,SE,13898,7510,6388,21408,1287.0627617311197
2021,11,AL,12200,8473,3727,20673,56508.139026283476
2021,11,BA,67422,51432,15990,118854,1413.0670708804607
2021,11,CE,43190,30597,12593,73787,1414.137759963855
2021,11,MA,17321,14475,2846,31796,1401.3330504550277
2021,11,PB,14461,10063,4398,24524,1270.7671191398204
2021,11,PE,45556,34531,11025,80087,1416.4378436916243
2021,11,PI,9545,7929,1616,17474,1359.3831864445986
2021,11,RN,15108,11899,3209,27007,1316.3577829590388
2021,11,SE,8464,6636,1828,15100,1256.1002051937567
2021,12,AL,10231,9609,622,19840,1207.762951359012
2021,12,BA,57636,63271,-5635,120907,1436.567675945356
2021,12,CE,33542,35029,-1487,68571,1390.2820850297987
2021,12,MA,15163,16250,-1087,31413,1413.4470254149378
2021,12,PB,12751,12973,-222,25724,1249.770184029944
2021,12,PE,35249,41400,-6151,76649,1436.0853424262295
2021,12,PI,7765,9661,-1896,17426,1323.650208357382
2021,12,RN,12710,13732,-1022,26442,1274.7684667375456
2021,12,SE,7621,8209,-588,15830,1254.8295269491744
2022,1,AL,11372,11696,-324,23068,1390.486629174296
2022,1,BA,66661,55382,11279,122043,1480.2900808834454
2022,1,CE,40658,42166,-1508,82824,1501.4462495106675
2022,1,MA,17960,17369,591,35329,1494.6883585909418
2022,1,PB,14223,15207,-984,29430,1282.9124581842957
2022,1,PE,41584,41047,537,82631,1446.1473965087282
2022,1,PI,9359,9879,-520,19238,1360.374884000418
2022,1,RN,14154,16584,-2430,30738,1291.6306158262119
2022,1,SE,8298,9551,-1253,17849,1258.109925971971
2022,2,AL,12526,13059,-533,25585,1312.858216080402
2022,2,BA,73197,60584,12613,133781,1475.5959999698555
2022,2,CE,46076,38023,8053,84099,1429.2623119266054
2022,2,MA,19824,16300,3524,36124,1450.481614362296
2022,2,PB,15065,16602,-1537,31667,1250.365300670971
2022,2,PE,43524,42990,534,86514,1572.1059973000338
2022,2,PI,10741,8947,1794,19688,1398.4516144320442
2022,2,RN,15419,13830,1589,29249,1381.2152729643483
2022,2,SE,9926,8206,1720,18132,1356.0709101005052
2022,3,AL,11801,21880,-10079,33681,1233.5098821153902
2022,3,BA,74220,66268,7952,140488,1479.933240689945
2022,3,CE,44540,41154,3386,85694,1461.511317211517
2022,3,MA,19008,17397,1611,36405,1485.422426357441
2022,3,PB,15100,14228,872,29328,1286.123717804387
2022,3,PE,42884,49134,-6250,92018,1402.2396815217392
2022,3,PI,10361,9513,848,19874,1417.7707383361014
2022,3,RN,14530,15591,-1061,30121,1350.731943088621
2022,3,SE,9049,11576,-2527,20625,1302.1188970802214
2022,4,AL,13071,13305,-234,26376,1336.5307771077482
2022,4,BA,74882,58975,15907,133857,1512.5555324904353
2022,4,CE,40931,35618,5313,76549,1491.7461797488534
2022,4,MA,20212,16800,3412,37012,1504.6622363656018
2022,4,PB,15655,13243,2412,28898,1302.9914552690777
2022,4,PE,40300,41180,-880,81480,1610.512467961308
2022,4,PI,10590,9576,1014,20166,1361.934590546104
2022,4,RN,15784,14162,1622,29946,1376.894396019103
2022,4,SE,9138,7453,1685,16591,1345.7984362934362
2022,5,AL,14977,11542,3435,26519,1356.109986042476
2022,5,BA,76499,60157,16342,136656,1514.0640805132223
2022,5,CE,45390,37918,7472,83308,1481.4683738928748
2022,5,MA,21894,16984,4910,38878,1548.9089378344997
2022,5,PB,15720,12592,3128,28312,1316.6407625110523
2022,5,PE,44456,37948,6508,82404,1519.298635392126
2022,5,PI,11789,9111,2678,20900,1395.0070797011208
2022,5,RN,17272,13753,3519,31025,1394.0164242639232
2022,5,SE,9005,8150,855,17155,1361.4913859076062
2022,6,AL,13429,9925,3504,23354,1382.8041495375128
2022,6,BA,70096,56737,13359,126833,1678.2202718030019
2022,6,CE,46233,36636,9597,82869,1541.3742485182815
2022,6,MA,23248,16515,6733,39763,1559.2898666968485
2022,6,PB,15816,12183,3633,27999,1315.0044006145708
2022,6,PE,43326,36192,7134,79518,1501.7036448821473
2022,6,PI,12862,8668,4194,21530,1363.1403103224009
2022,6,RN,16875,13146,3729,30021,1377.5916465100784
2022,6,SE,8554,7718,836,16272,1462.3772205828109
2022,7,AL,12602,10684,1918,23286,1396.615734548268
2022,7,BA,73743,60632,13111,134375,1524.6076406260474
2022,7,CE,48261,38164,10097,86425,1504.175723627105
2022,7,MA,22862,17554,5308,40416,1549.7167411112212
2022,7,PB,17315,13171,4144,30486,1389.933066421633
2022,7,PE,49206,40122,9084,89328,1476.2920837439526
2022,7,PI,11198,9168,2030,20366,1404.902422143629
2022,7,RN,17076,14560,2516,31636,1385.9035328905757
2022,7,SE,9399,8579,820,17978,1355.8251124345986
2022,8,AL,16057,11722,4335,27779,1330.426075931129
2022,8,BA,81422,64006,17416,145428,1566.7406736111589
2022,8,CE,50815,42102,8713,92917,1477.975497010908
2022,8,MA,24545,19073,5472,43618,1617.3435209652262
2022,8,PB,20058,14145,5913,34203,1280.1887481257168
2022,8,PE,57262,42143,15119,99405,1586.548283262667
2022,8,PI,11900,11069,831,22969,1379.974656126138
2022,8,RN,21415,15077,6338,36492,1367.0370020837902
2022,8,SE,9916,8044,1872,17960,1374.2402111773556
2022,9,AL,26693,11054,15639,37747,1230.4985179787489
2022,9,BA,74874,59274,15600,134148,1578.2140772064856
2022,9,CE,50487,38396,12091,88883,1484.2161837332433
2022,9,MA,23412,16330,7082,39742,1571.6471395132264
2022,9,PB,16777,12958,3819,29735,1359.9981539083012
2022,9,PE,58782,38039,20743,96821,1455.288797576334
2022,9,PI,12035,9254,2781,21289,1426.8414256858323
2022,9,RN,18352,14120,4232,32472,1393.961375304305
2022,9,SE,13139,7861,5278,21000,1365.697070649326
2022,10,AL,15410,11046,4364,26456,1352.6684387882453
2022,10,BA,70303,63572,6731,133875,1553.0284285724965
2022,10,CE,44194,39184,5010,83378,1524.1669543860494
2022,10,MA,20068,16941,3127,37009,1522.848775085195
2022,10,PB,14282,13037,1245,27319,1453.4221232224015
2022,10,PE,46596,38300,8296,84896,1509.9329589406161
2022,10,PI,10184,9265,919,19449,1431.4121710052475
2022,10,RN,15155,13202,1953,28357,1409.3823858781993
2022,10,SE,9012,8029,983,17041,1394.2499605859168
2022,11,AL,13452,10788,2664,24240,1446.6146282151851
2022,11,BA,65230,60987,4243,126217,1551.8731079035185
2022,11,CE,43542,36985,6557,80527,1546.6243949614282
2022,11,MA,19670,17935,1735,37605,1527.7290782599425
2022,11,PB,14754,12202,2552,26956,1386.2235382610313
2022,11,PE,45955,37702,8253,83657,1508.3722068742825
2022,11,PI,10030,10079,-49,20109,1522.582896229231
2022,11,RN,15418,13613,1805,29031,1424.6610285399145
2022,11,SE,8540,7297,1243,15837,1366.9292666750882
2022,12,AL,9906,13816,-3910,23722,1446.8547604049495
2022,12,BA,54958,71217,-16259,126175,1578.237747696264
2022,12,CE,30570,37539,-6969,68109,1547.6069434478297
2022,12,MA,15024,19935,-4911,34959,1511.6069551768583
2022,12,PB,12063,14451,-2388,26514,1355.8049102824154
2022,12,PE,34698,44093,-9395,78791,20721.560090693958
2022,12,PI,7826,11856,-4030,19682,1356.6047809921565
2022,12,RN,12859,15877,-3018,28736,1401.2389024948097
2022,12,SE,7193,8483,-1290,15676,1510.884507242628
2023,1,AL,13282,13415,-133,26697,1472.7625304054054
2023,1,BA,69684,66040,3644,135724,1629.7644368497504
2023,1,CE,44657,47638,-2981,92295,1577.480228926276
2023,1,MA,19660,18603,1057,38263,1644.3530698817867
2023,1,PB,14528,16251,-1723,30779,1369.4387475959188
2023,1,PE,45665,45338,327,91003,18117.137607205343
2023,1,PI,10074,9798,276,19872,1484.4889626681445
2023,1,RN,15540,15577,-37,31117,1442.9574267544856
2023,1,SE,9621,10038,-417,19659,1442.8337378591145
2023,2,AL,11656,11487,169,23143,1498.1997319498485
2023,2,BA,69366,61265,8101,130631,1570.7268933757327
2023,2,CE,43169,38821,4348,81990,1554.2052141681415
2023,2,MA,18068,17237,831,35305,1586.5281836734694
2023,2,PB,15000,14486,514,29486,1419.6807739591115
2023,2,PE,47443,40682,6761,88125,1579.0426328099277
2023,2,PI,10279,9357,922,19636,1548.4958212535728
2023,2,RN,15190,14763,427,29953,1432.096944919374
2023,2,SE,9312,8014,1298,17326,1392.158579581853
2023,3,AL,14951,14824,127,29775,1472.7292985049555
2023,3,BA,82035,72707,9328,154742,1609.0568835060153
2023,3,CE,47553,42808,4745,90361,1576.9477303550061
2023,3,MA,21582,18824,2758,40406,1614.4415048038827
2023,3,PB,17226,18041,-815,35267,1337.6146484308495
2023,3,PE,46427,51692,-5265,98119,1540.4872830488937
2023,3,PI,12111,10181,1930,22292,1523.2115846748807
2023,3,RN,18036,18114,-78,36150,1436.4778677631032
2023,3,SE,10760,9371,1389,20131,1467.2063236613822
2023,4,AL,12148,16211,-4063,28359,1367.9117950978664
2023,4,BA,74386,63134,11252,137520,1613.9799330916187
2023,4,CE,42883,38395,4488,81278,1650.3982072939496
2023,4,MA,18503,16302,2201,34805,1732.8420575469258
2023,4,PB,13960,17141,-3181,31101,1331.5537318234462
2023,4,PE,42439,44864,-2425,87303,1583.7973959885387
2023,4,PI,11763,9880,1883,21643,1448.4311474121996
2023,4,RN,15877,14300,1577,30177,1639.0535500132662
2023,4,SE,9427,9996,-569,19423,1458.5654200877873
2023,5,AL,13246,21434,-8188,34680,1397.282259588902
2023,5,BA,76189,66761,9428,142950,1641.7544475581306
2023,5,CE,46216,42781,3435,88997,1616.7522690229628
2023,5,MA,20303,17881,2422,38184,1644.4668921859027
2023,5,PB,17235,14367,2868,31602,1423.0046431737587
2023,5,PE,47239,46775,464,94014,1563.8552433428094
2023,5,PI,12707,10039,2668,22746,1512.6178539335742
2023,5,RN,17162,15404,1758,32566,1519.1857893603935
2023,5,SE,9606,9778,-172,19384,1457.9123719774245
2023,6,AL,13549,12084,1465,25633,1480.0372854299208
2023,6,BA,71199,62880,8319,134079,1659.385982776505
2023,6,CE,48059,41488,6571,89547,1661.7245878132196
2023,6,MA,23574,18685,4889,42259,1653.185911578648
2023,6,PB,14608,14831,-223,29439,1429.0199439157036
2023,6,PE,46069,40742,5327,86811,1650.9096961873588
2023,6,PI,14092,9922,4170,24014,1560.4349381224217
2023,6,RN,18460,15986,2474,34446,1677.2249360093076
2023,6,SE,8940,8308,632,17248,1527.4352796979379
2023,7,AL,13605,11436,2169,25041,1510.9239190053568
2023,7,BA,72577,67397,5180,139974,1671.6262419158243
2023,7,CE,47597,41107,6490,88704,1609.4770048946632
2023,7,MA,20932,18346,2586,39278,1643.9742664323733
2023,7,PB,17447,13970,3477,31417,1458.0237937079653
2023,7,PE,46226,41825,4401,88051,1601.3515448882624
2023,7,PI,13686,9957,3729,23643,1548.8265076610514
2023,7,RN,18950,15419,3531,34369,1512.9422111884446
2023,7,SE,9321,8829,492,18150,1497.3513054365367
2023,8,AL,16761,13378,3383,30139,1532.0451619850821
2023,8,BA,82230,70712,11518,152942,1678.9768215017405
2023,8,CE,54276,43344,10932,97620,1592.5905242031108
2023,8,MA,22916,20507,2409,43423,1649.0685491120837
2023,8,PB,23284,14502,8782,37786,1392.8044543624517
2023,8,PE,59515,43949,15566,103464,1542.2998244695111
2023,8,PI,13556,10792,2764,24348,1504.1737828213818
2023,8,RN,22036,16061,5975,38097,1673.8856396391316
2023,8,SE,11235,8790,2445,20025,1446.9148080036553
2023,9,AL,27443,11283,16160,38726,1322.655516070962
2023,9,BA,72460,62606,9854,135066,1693.567307202344
2023,9,CE,50402,39919,10483,90321,1600.9500749438635
2023,9,MA,21453,18603,2850,40056,1647.9610746432895
2023,9,PB,17766,13573,4193,31339,1472.1183053495677
2023,9,PE,57870,39006,18864,96876,1538.5089992683718
2023,9,PI,12627,10133,2494,22760,1537.5459839710193
2023,9,RN,19348,15094,4254,34442,1836.6389723254572
2023,9,SE,13883,7927,5956,21810,1458.9556914329767
2023,10,AL,15583,11420,4163,27003,1479.5315994519128
2023,10,BA,71894,65989,5905,137883,1705.3687231928518
2023,10,CE,47610,41480,6130,89090,1629.3438338758558
2023,10,MA,20936,18579,2357,39515,1677.8145139820322
2023,10,PB,16801,13028,3773,29829,1478.8131362097288
2023,10,PE,49552,41280,8272,90832,1675.2920807644882
2023,10,PI,12400,10213,2187,22613,1597.3714690664663
2023,10,RN,16808,14551,2257,31359,1590.8639765298637
2023,10,SE,10055,8452,1603,18507,1466.353743448425
2023,11,AL,14582,11748,2834,26330,1501.339162172427
2023,11,BA,70975,63601,7374,134576,1654.2082453037688
2023,11,CE,45220,40546,4674,85766,1625.3355983723154
2023,11,MA,19829,18400,1429,38229,1663.2477197938738
2023,11,PB,16477,12820,3657,29297,1498.8673843738266
2023,11,PE,50528,42864,7664,93392,1594.3126954128834
2023,11,PI,11601,11725,-124,23326,1495.9426682671697
2023,11,RN,18370,15028,3342,33398,1735.6180687466315
2023,11,SE,9485,7746,1739,17231,1476.922568626313
2023,12,AL,11015,10914,101,21929,1516.0327374709289
2023,12,BA,58434,75733,-17299,134167,1639.7265867165547
2023,12,CE,35081,38806,-3725,73887,1638.421051199805
2023,12,MA,14815,18501,-3686,33316,1641.0936411934206
2023,12,PB,11954,13458,-1504,25412,1466.1116480402961
2023,12,PE,39307,47942,-8635,87249,1660.1637434239933
2023,12,PI,8087,11566,-3479,19653,1528.6178664834886
2023,12,RN,13449,16016,-2567,29465,1524.9397732903446
2023,12,SE,7753,8497,-744,16250,1449.8595538461539
2024,1,AL,14097,13324,773,27421,1549.5817304255863
2024,1,BA,73389,68568,4821,141957,1779.7525141416063
2024,1,CE,47820,46556,1264,94376,1692.4903398109689
2024,1,MA,19946,20777,-831,40723,1752.4387942931512
2024,1,PB,17239,16907,332,34146,1481.6851285655714
2024,1,PE,49439,47147,2292,96586,1696.5960047004742
2024,1,PI,11798,11077,721,22875,1635.4645381420767
2024,1,RN,17836,16379,1457,34215,1872.7941587023236
2024,1,SE,10298,9521,777,19819,1519.4551667591704
2024,2,AL,13135,16021,-2886,29156,1547.5393545067911
2024,2,BA,79199,72950,6249,152149,1675.670192048584
2024,2,CE,48488,44591,3897,93079,1659.8812296006618
2024,2,MA,19392,20612,-1220,40004,1692.4180776922308
2024,2,PB,17867,17876,-9,35743,1492.8130537447892
2024,2,PE,49960,47815,2145,97775,1658.2314463819994
2024,2,PI,12077,11544,533,23621,1718.7886109817537
2024,2,RN,17527,17244,283,34771,1542.8768292542636
2024,2,SE,11285,9706,1579,20991,1512.450191987042
2024,3,AL,14865,24454,-9589,39319,1452.8251384826674
2024,3,BA,86774,74292,12482,161066,1715.9675879453143
2024,3,CE,49129,42944,6185,92073,1659.9570376766262
2024,3,MA,22112,19335,2777,41447,1692.0752698627161
2024,3,PB,18886,18623,263,37509,1457.4213730038125
2024,3,PE,51986,50622,1364,102608,1643.611665074848
2024,3,PI,14051,11036,3015,25087,1588.4315278829674
2024,3,RN,20842,19427,1415,40269,1513.6013178872086
2024,3,SE,11364,13239,-1875,24603,1539.6665878144943
2024,4,AL,15678,17285,-1607,32963,1576.1164657343083
2024,4,BA,84239,73590,10649,157829,1753.4711923030623
2024,4,CE,50529,44851,5678,95380,1669.6969110924722
2024,4,MA,22216,19238,2978,41454,1750.0718531384184
2024,4,PB,18930,18191,739,37121,1514.0895018991944
2024,4,PE,52533,53636,-1103,106169,2624.1366126647135
2024,4,PI,13417,11345,2072,24762,1605.8769493578873
2024,4,RN,20233,17542,2691,37775,1577.3884195896756
2024,4,SE,11525,9955,1570,21480,1585.664568435754
2024,5,AL,15370,13146,2224,28516,1631.1910758872211
2024,5,BA,82982,74197,8785,157179,1753.1163945565245
2024,5,CE,52255,45299,6956,97554,1690.7727943497962
2024,5,MA,22623,20207,2416,42830,1747.2398718188185
2024,5,PB,17548,15772,1776,33320,1531.0949318727492
2024,5,PE,51530,47538,3992,99068,1673.777174566964
2024,5,PI,12722,10588,2134,23310,1639.0159090519091
2024,5,RN,19624,16888,2736,36512,1582.204747754163
2024,5,SE,10169,9446,723,19615,1595.9395238338006
2024,6,AL,14601,11915,2686,26516,1616.4881686528888
2024,6,BA,77192,68293,8899,145485,1796.6894624875415
2024,6,CE,53016,45396,7620,98412,1720.5716018371743
2024,6,MA,24822,18797,6025,43619,1771.7442039019695
2024,6,PB,18029,14609,3420,32638,1547.487593296158
2024,6,PE,50407,42385,8022,92792,1712.7510926588498
2024,6,PI,13251,10337,2914,23588,1707.8321807698828
2024,6,RN,20160,15627,4533,35787,1573.8814575125045
2024,6,SE,10509,8688,1821,19197,1598.237630879825
2024,7,AL,16625,13679,2946,30304,1600.0562991684267
2024,7,BA,83823,74209,9614,158032,1766.9720698339577
2024,7,CE,54863,51375,3488,106238,1780.5275097422768
2024,7,MA,22983,20410,2573,43393,1813.5009174290785
2024,7,PB,21637,17248,4389,38885,1524.2558415841584
2024,7,PE,53859,46281,7578,100140,1700.4780133812662
2024,7,PI,13000,11285,1715,24285,1651.1429664401894
2024,7,RN,23091,17317,5774,40408,1595.4560641457138
2024,7,SE,10738,9474,1264,20212,1560.449951513952
2024,8,AL,20445,15274,5171,35719,1505.1339396399674
2024,8,BA,89778,73629,16149,163407,1756.1699161602626
2024,8,CE,57431,48137,9294,105568,1678.5099012011215
2024,8,MA,23368,20852,2516,44220,1720.8562908186343
2024,8,PB,25212,16198,9014,41410,1502.081818159865
2024,8,PE,64779,46667,18112,111446,2207.373765411051
2024,8,PI,13368,11303,2065,24671,1646.7806943374812
2024,8,RN,24264,17025,7239,41289,1611.4587333188017
2024,8,SE,12452,9640,2812,22092,1594.9706567988412
2024,9,AL,28968,13548,15420,42516,1475.6888028036503
2024,9,BA,83366,68480,14886,151846,1779.076589636869
2024,9,CE,54899,45377,9522,100276,1702.940544397463
2024,9,MA,22936,18699,4237,41635,1786.2508603338536
2024,9,PB,19402,15771,3631,35173,1571.7167867398289
2024,9,PE,61287,43436,17851,104723,1674.7622510814242
2024,9,PI,11848,10859,989,22707,1660.664186374246
2024,9,RN,21384,16403,4981,37787,1663.699094132903
2024,9,SE,14865,9207,5658,24072,1596.0458794449983
2024,10,AL,17844,14399,3445,32243,1599.5269137487207
2024,10,BA,82210,82789,-579,164999,1785.4001320007999
2024,10,CE,53756,50569,3187,104325,1699.5564491732566
2024,10,MA,22079,21656,423,43735,1803.291501772036
2024,10,PB,19010,17404,1606,36414,1585.5542176086121
2024,10,PE,54384,49374,5010,103758,1734.0731244819676
2024,10,PI,12355,11038,1317,23393,1661.5643230881033
2024,10,RN,21330,18483,2847,39813,1615.3927312686812
2024,10,SE,11966,10877,1089,22843,1579.804152256709
2024,11,AL,15216,13443,1773,28659,1609.584822219896
2024,11,BA,76694,69503,7191,146197,1770.482833710678
2024,11,CE,49349,44906,4443,94255,1732.878831786112
2024,11,MA,21308,19889,1419,41197,1754.1519066922347
2024,11,PB,18521,15801,2720,34322,1581.1743893129772
2024,11,PE,50407,44881,5526,95288,1732.933238183192
2024,11,PI,10864,12242,-1378,23106,1593.6721574482817
2024,11,RN,18613,16252,2361,34865,1604.3530050193606
2024,11,SE,11089,9587,1502,20676,1578.2678438769588
2024,12,AL,11369,14938,-3569,26307,1584.1134926065306
2024,12,BA,61748,80409,-18661,142157,8781.73488903114
2024,12,CE,36586,42808,-6222,79394,1699.1390387182912
2024,12,MA,15800,22803,-7003,38603,1870.2581234619072
2024,12,PB,14317,15203,-886,29520,1564.2365623306234
2024,12,PE,40188,50643,-10455,90831,1801.4575257346062
2024,12,PI,7805,10522,-2717,18327,1665.6843182190212
2024,12,RN,14544,17161,-2617,31705,1614.4179407033591
2024,12,SE,8826,10623,-1797,19449,1550.5050701835569
2025,1,AL,15760,16700,-940,32460,1673.5878622920518
2025,1,BA,87155,80223,6932,167378,1813.4816213002903
2025,1,CE,53040,54265,-1225,107305,1752.5425025860866
2025,1,MA,24102,23083,1019,47185,1921.2334436791355
2025,1,PB,21101,21821,-720,42922,1562.201401379246
2025,1,PE,54852,60082,-5230,114934,1820.4857472114431
2025,1,PI,11830,12796,-966,24626,1707.7995317956631
2025,1,RN,19694,20322,-628,40016,1683.9852394042384
2025,1,SE,11981,12894,-913,24875,1644.6610528643216
2025,2,AL,16349,21820,-5471,38169,1586.3314137126988
2025,2,BA,99593,79461,20132,179054,1779.3186196343004
2025,2,CE,60215,53727,6488,113942,1783.4406412911833
2025,2,MA,24263,22793,1470,47056,1914.3221295902754
2025,2,PB,22128,21603,525,43731,1530.4115188310352
2025,2,PE,59818,52230,7588,112048,1746.3243334999286
2025,2,PI,14930,11936,2994,26866,1889.3096181046678
2025,2,RN,22502,20007,2495,42509,1650.6378813898234
2025,2,SE,14207,13338,869,27545,1654.4016721728083
2025,3,AL,14042,22534,-8492,36576,1554.8470811461068
2025,3,BA,83957,80959,2998,164916,1785.8669472337433
2025,3,CE,47958,50579,-2621,98537,1795.526266681551
2025,3,MA,21711,20605,1106,42316,2221.452117166084
2025,3,PB,19526,20442,-916,39968,1602.469451311049
2025,3,PE,49384,52862,-3478,102246,1747.7370896660993
2025,3,PI,14157,12427,1730,26584,1726.9055710201626
2025,3,RN,20418,22336,-1918,42754,1687.7221979230012
2025,3,SE,11340,12948,-1608,24288,1679.922931077075
2025,4,AL,16246,15832,414,32078,1685.367252634204
2025,4,BA,90186,75833,14353,166019,1856.397984206627
2025,4,CE,56152,46931,9221,103083,1850.674219124395
2025,4,MA,22816,19234,3582,42050,1882.9753365041618
2025,4,PB,20787,19210,1577,39997,1633.9898859914492
2025,4,PE,58818,51317,7501,110135,1835.2251015571799
2025,4,PI,13684,10466,3218,24150,1779.4842554865427
2025,4,RN,22089,19162,2927,41251,1677.688945722528
2025,4,SE,13442,10593,2849,24035,1721.2711246099436
2025,5,AL,15820,15496,324,31316,1675.2152886703282
2025,5,BA,90611,77753,12858,168364,1852.7845300658098
2025,5,CE,56207,50438,5769,106645,1802.5673627455578
2025,5,MA,24074,20514,3560,44588,1870.7929164797704
2025,5,PB,25047,19142,5905,44189,1645.5083140600602
2025,5,PE,58674,48920,9754,107594,1816.482093518226
2025,5,PI,15010,11451,3559,26461,1740.8560568383657
2025,5,RN,23696,21476,2220,45172,1665.1788563712034
2025,5,SE,13638,11699,1939,25337,1724.608322611201
2025,6,AL,14882,12637,2245,27519,1740.2253893673462
2025,6,BA,78450,70466,7984,148916,1858.3455460796688
2025,6,CE,55969,48649,7320,104618,1798.176285534038
2025,6,MA,26415,20168,6247,46583,1946.1694566687418
2025,6,PB,19838,19323,515,39161,1661.4546206685222
2025,6,PE,52697,47518,5179,100215,1841.3501242328991
2025,6,PI,14472,11727,2745,26199,1726.8334505133785
2025,6,RN,20245,18482,1763,38727,1703.6152196142227
2025,6,SE,12649,10242,2407,22891,1688.948412476519
2025,7,AL,17395,14283,3112,31678,1691.011410758255
2025,7,BA,88709,79273,9436,167982,7833.25176893953
2025,7,CE,60395,52971,7424,113366,1830.1656307887727
2025,7,MA,24208,21310,2898,45518,1893.303338679204
2025,7,PB,22737,20490,2247,43227,1676.5027957063871
2025,7,PE,58008,50631,7377,108639,1831.77823415164
2025,7,PI,14585,11600,2985,26185,1800.6429814779453
2025,7,RN,23756,20318,3438,44074,1704.7455692698643
2025,7,SE,12225,12104,121,24329,1673.7396062312469
2025,8,AL,18488,15685,2803,34173,1753.8797618002518
2025,8,BA,89751,78736,11015,168487,6277.09969552547
2025,8,CE,60773,53840,6933,114613,1833.887159397276
2025,8,MA,25262,22113,3149,47375,2037.688613403694
2025,8,PB,27558,19066,8492,46624,437011.30039679137
2025,8,PE,64260,51568,12692,115828,1769.1194225921192
2025,8,PI,14589,11998,2591,26587,1769.485560988453
2025,8,RN,24285,18946,5339,43231,1672.2048506858505
2025,8,SE,13547,11217,2330,24764,1705.97624697141
2025,9,AL,27742,13859,13883,41601,1578.137231076176
2025,9,BA,87368,76018,11350,163386,1910.1336624312976
2025,9,CE,62868,52307,10561,115175,1812.1801649663555
2025,9,MA,25141,21871,3270,47012,1967.615633455288
2025,9,PB,24420,18336,6084,42756,1676.6599738048462
2025,9,PE,69114,53512,15602,122626,1824.7660398284215
2025,9,PI,14735,12331,2404,27066,1792.599501588709
2025,9,RN,21201,17970,3231,39171,2907.1786370018635
2025,9,SE,16267,10305,5962,26572,1760.5532398765617
2025,10,AL,19504,14847,4657,34351,1698.603702948968
2025,10,BA,89834,85385,4449,175219,1918.924107317129
2025,10,CE,58667,55288,3379,113955,1838.7147724101617
2025,10,MA,25002,21709,3293,46711,1915.705461668558
2025,10,PB,22182,19448,2734,41630,1697.037132596685
2025,10,PE,63555,52959,10596,116514,1858.487693410234
2025,10,PI,14638,11945,2693,26583,1805.6301929804763
2025,10,RN,20965,20011,954,40976,1856.6957040706757
2025,10,SE,13925,12849,1076,26774,1792.114520803765
2025,11,AL,16004,12958,3046,28962,1720.403015675713
2025,11,BA,80433,71670,8763,152103,1931.3344392944257
2025,11,CE,51158,45284,5874,96442,1844.7898419775615
2025,11,MA,21754,19340,2414,41094,1915.757489414513
2025,11,PB,20465,16387,4078,36852,1695.2633170519916
2025,11,PE,54240,45244,8996,99484,2869.557795725946
2025,11,PI,12329,13377,-1048,25706,1723.5581241733448
2025,11,RN,18533,16985,1548,35518,1719.935443718678
2025,11,SE,12221,10247,1974,22468,1782.7547360690758
2025,12,AL,11401,14350,-2949,25751,1721.6768661411206
2025,12,BA,63901,83399,-19498,147300,1916.1403604209095
2025,12,CE,36728,47528,-10800,84256,1880.7045305972276
2025,12,MA,17310,21394,-4084,38704,1943.0895592186853
2025,12,PB,14696,17380,-2684,32076,1716.0569887143035
2025,12,PE,40713,50175,-9462,90888,2013.7608499471878
2025,12,PI,8728,11198,-2470,19926,1811.0254672287465
2025,12,RN,15879,21185,-5306,37064,1711.6553728685517
2025,12,SE,9241,11722,-2481,20963,1761.251818919048
