ano,mes,direto_ce,ne_rateado,nacional_rateado,ne_bruto,nacional_bruto,share_ne,share_br,total
2015,1,0.0,0.0,14390.383566999999,0.0,708885.89,0.1442,0.0203,14390.383566999999
2015,2,0.0,2423.296862,149879.146151,16805.11,7383209.17,0.1442,0.0203,152302.44301299998
2015,3,1124466.87,53932.978861999996,253339.82205699998,374015.11,12479794.19,0.1442,0.0203,1431739.670919
2015,4,2936407.91,2833247.8900039997,2751883.4994559996,19648043.619999997,135560763.51999998,0.1442,0.0203,8521539.29946
2015,5,3194551.5100000002,10704894.826807998,4953284.205212,74236441.24,244004148.04,0.1442,0.0203,18852730.542019997
2015,6,1162431.99,12494209.076425998,5179397.433209999,86645000.52999999,255142730.7,0.1442,0.0203,18836038.499636
2015,7,2978339.63,13828239.526863998,6955842.894398999,95896251.91999999,342652359.33,0.1442,0.0203,23762422.051262997
2015,8,6592818.5200000005,8944597.274102,4568677.507793,62029107.31,225058005.31,0.1442,0.0203,20106093.301895
2015,9,2686330.96,17116088.695818,10775576.167593999,118696870.29,530816559.98,0.1442,0.0203,30577995.823412
2015,10,5168400.95,9889845.722302,8683284.106259,68584228.31,427747985.53,0.1442,0.0203,23741530.778561
2015,11,5078142.3100000005,18972918.670257997,12654791.573235,131573638.49,623388747.45,0.1442,0.0203,36705852.55349299
2015,12,19049507.16,18943558.993646,12162649.174052998,131370034.63,599145279.51,0.1442,0.0203,50155715.327699
2016,1,111569.03,0.0,99995.40078,0.0,4545245.49,0.1453,0.022,211564.43078
2016,2,1168411.8,3583.3348390000006,131069.86464,24661.63,5957721.12,0.1453,0.022,1303064.999479
2016,3,1107235.97,1299084.013677,1278059.60392,8940702.09,58093618.36,0.1453,0.022,3684379.5875969995
2016,4,2857734.5,6371712.049413,3226921.5752399997,43852113.21,146678253.42,0.1453,0.022,12456368.124652999
2016,5,5750140.069999999,2147504.7816230003,3802191.9454199993,14779798.91,172826906.60999998,0.1453,0.022,11699836.797043
2016,6,3067775.58,9378861.063549,4515661.666999999,64548252.33,205257348.5,0.1453,0.022,16962298.310549
2016,7,11943193.42,8678141.994175,12981832.879399998,59725684.75,590083312.6999999,0.1453,0.022,33603168.293575
2016,8,8445100.58,12602142.627507001,6977763.49556,86731883.19,317171067.98,0.1453,0.022,28025006.703066997
2016,9,7051862.899999999,14561607.231052002,5571167.39234,100217530.84,253234881.47,0.1453,0.022,27184637.523392003
2016,10,9312668.49,14733864.734240001,5805072.5062,101403060.8,263866932.1,0.1453,0.022,29851605.730440002
2016,11,4611817.659999999,11786425.87168,6603209.60794,81117865.6,300145891.27,0.1453,0.022,23001453.13962
2016,12,28075892.9,20679458.065805,77525823.2232,142322491.85,3523901055.6,0.1453,0.022,126281174.18900499
2017,1,0.0,0.0,46578.792946,0.0,2294521.8200000003,0.1452,0.0203,46578.792946
2017,2,578794.01,1553421.656952,238668.806418,10698496.26,11757084.06,0.1452,0.0203,2370884.47337
2017,3,685496.56,3528821.5922520002,1723457.3141239998,24303179.01,84899375.08,0.1452,0.0203,5937775.466375999
2017,4,974509.7799999999,596346.333132,3733428.207068,4107068.41,183912719.56,0.1452,0.0203,5304284.3202
2017,5,2060306.5999999999,4621049.770128,10458549.458818998,31825411.64,515199480.72999996,0.1452,0.0203,17139905.828946996
2017,6,4328954.87,4274608.07466,9301502.204512,29439449.55,458202079.04,0.1452,0.0203,17905065.149172
2017,7,1305425.49,7457521.01952,8784475.052969,51360337.6,432732761.23,0.1452,0.0203,17547421.562489
2017,8,4539321.89,5906001.1660319995,8340491.532351999,40674939.16,410861651.84,0.1452,0.0203,18785814.588383995
2017,9,2633644.9899999998,10748521.333703998,13466477.493056,74025629.02,663373275.52,0.1452,0.0203,26848643.816759996
2017,10,5639497.5200000005,4207609.093512,10176908.979447,28978024.06,501325565.49,0.1452,0.0203,20024015.592959
2017,11,4407024.59,6427924.828248,13658542.572038,44269454.74,672834609.46,0.1452,0.0203,24493491.990286
2017,12,12477642.45,9597785.203512,63976868.77268399,66100449.06,3151569890.2799997,0.1452,0.0203,86052296.426196
2018,1,0.0,0.0,42072.887814999995,0.0,2072556.0499999998,0.1454,0.0203,42072.887814999995
2018,2,6779.4,1869988.3865620003,151004.359114,12860993.030000001,7438638.38,0.1454,0.0203,2027772.145676
2018,3,183787.76,5465322.210957999,1357360.726323,37588185.769999996,66865060.410000004,0.1454,0.0203,7006470.697280999
2018,4,17295.690000000002,2748028.7797120004,6506881.968671,18899785.28,320536057.57,0.1454,0.0203,9272206.438383
2018,5,3724694.06,7330477.25434,6080757.705364999,50415937.1,299544714.55,0.1454,0.0203,17135929.019705
2018,6,2645826.12,8174079.850872,8625881.390461998,56217880.68,424920265.53999996,0.1454,0.0203,19445787.361333996
2018,7,3474604.28,7311046.924538,7120040.193062999,50282303.47,350740896.21,0.1454,0.0203,17905691.397600997
2018,8,1457186.9100000001,7525779.761516,16241597.329453997,51759145.54,800078686.18,0.1454,0.0203,25224564.00097
2018,9,6607993.53,5330639.78745,9365847.048130998,36661896.75,461371775.77,0.1454,0.0203,21304480.365581
2018,10,15253090.520000001,13139948.491907999,13247091.128432,90371035.02,652566065.44,0.1454,0.0203,41640130.14034
2018,11,1646114.36,11582617.713668,21592772.148521,79660369.42,1063683357.0699999,0.1454,0.0203,34821504.222188994
2018,12,9034079.06,10956853.160133999,66137432.585356995,75356624.21,3258001605.19,0.1454,0.0203,86128364.805491
2019,1,0.0,0.0,31536.856695999995,0.0,1487587.5799999998,0.1466,0.0212,31536.856695999995
2019,2,19617.17,482740.411022,177490.595904,3292908.67,8372197.92,0.1466,0.0212,679848.176926
2019,3,28606.47,5961390.68271,3035798.147808,40664329.35,143198025.84,0.1466,0.0212,9025795.300518
2019,4,1515561.74,5869417.831696001,1748280.1029080001,40036956.56,82466042.59,0.1466,0.0212,9133259.674604
2019,5,1520858.84,4494198.510985999,2333243.693548,30656197.209999997,110058664.78999999,0.1466,0.0212,8348301.044534
2019,6,2186074.73,6206536.851960001,5153223.8723,42336540.6,243076597.75,0.1466,0.0212,13545835.45426
2019,7,3083885.4800000004,4210837.342756,5775725.565604,28723310.66,272439885.17,0.1466,0.0212,13070448.388360001
2019,8,5228729.49,8061037.424752001,7682552.063560001,54986612.72,362384531.3,0.1466,0.0212,20972318.978312
2019,9,11413572.02,6901859.745972001,9809620.953188,47079534.42,462717969.49,0.1466,0.0212,28125052.719159998
2019,10,10620165.39,8604182.612438,19915692.896924,58691559.43000001,939419476.27,0.1466,0.0212,39140040.899362
2019,11,8073237.749999999,8516666.616926,21855746.431539997,58094588.11,1030931435.4499999,0.1466,0.0212,38445650.798466
2019,12,5604504.86,8418037.605482,60760836.453228004,57421811.77,2866077191.19,0.1466,0.0212,74783378.91871001
2020,1,0.0,0.0,120440.952188,0.0,5400939.56,0.1485,0.0223,120440.952188
2020,2,16520.49,3983230.271295,1272174.314096,26823099.47,57048175.52,0.1485,0.0223,5271925.075391
2020,3,517952.57,17458315.504244998,6585300.521476001,117564414.17,295304956.12,0.1485,0.0223,24561568.595721
2020,4,26136.0,12639097.6965,11391266.268514,85111769.0,510819115.18,0.1485,0.0223,24056499.965014
2020,5,192499.72,13098797.84862,6768508.896759,88207392.92,303520578.33,0.1485,0.0223,20059806.465379
2020,6,0.0,14062641.926355,10021718.880207,94697925.43,449404434.09,0.1485,0.0223,24084360.806562
2020,7,620045.49,16407002.526749998,12344090.615228001,110484865.5,553546664.36,0.1485,0.0223,29371138.631977998
2020,8,5242037.1899999995,10950683.639445,22818166.079438,73741977.37,1023236147.06,0.1485,0.0223,39010886.908883
2020,9,4758057.779999999,18084630.32046,14281548.635662,121782022.36,640428189.94,0.1485,0.0223,37124236.736122
2020,10,12468023.67,10805143.979519999,17004494.272981,72761912.32,762533375.47,0.1485,0.0223,40277661.922501
2020,11,13142818.709999999,13148555.92182,19047415.092465,88542464.12,854144174.55,0.1485,0.0223,45338789.724285
2020,12,16943648.04,43101180.42417,57634643.932732,290243639.22,2584513180.84,0.1485,0.0223,117679472.396902
2021,1,0.0,0.0,10585.006244,0.0,494626.46,0.1473,0.0214,10585.006244
2021,2,10520.19,0.0,401097.02680800005,0.0,18742851.720000003,0.1473,0.0214,411617.21680800006
2021,3,10328.55,0.0,8378299.426813999,0.0,391509319.01,0.1473,0.0214,8388627.976814
2021,4,2576.1,0.0,4461441.264464,0.0,208478563.76000002,0.1473,0.0214,4464017.364464
2021,5,1283.7,12208985.308265999,3798233.2573459996,82885168.42,177487535.39,0.1473,0.0214,16008502.265611999
2021,6,3699.05,10246858.09716,16353182.316130001,69564549.2,764167397.95,0.1473,0.0214,26603739.463290002
2021,7,28714.22,8444526.380406,6158162.077484,57328760.22,287764583.06,0.1473,0.0214,14631402.677889999
2021,8,212530.8,10094652.843657,9388134.318489999,68531248.09,438697865.34999996,0.1473,0.0214,19695317.962146997
2021,9,2037803.04,16011704.475770999,18274534.264806,108701320.27,853950199.29,0.1473,0.0214,36324041.780577
2021,10,11306832.68,13634497.971251998,8813208.814212,92562783.24,411832187.58,0.1473,0.0214,33754539.465463996
2021,11,4699196.55,24572028.002559,12929663.85358,166816211.83,604189899.7,0.1473,0.0214,42200888.406139
2021,12,9438168.540000001,32823607.882037997,44550438.401585996,222835084.06,2081796186.99,0.1473,0.0214,86812214.82362399
2022,1,0.0,0.0,4846.039066,0.0,222295.37,0.1481,0.0218,4846.039066
2022,2,51888.64,525215.6657110001,1307573.59745,3546358.31,59980440.25,0.1481,0.0218,1884677.903161
2022,3,75710.78,2265935.507839,2031995.506926,15300037.19,93210803.07,0.1481,0.0218,4373641.794764999
2022,4,186066.06,8021863.110608,2313023.4365,54165179.68,106101992.5,0.1481,0.0218,10520952.607108
2022,5,602730.39,11842225.44771,3907812.516602,79961009.1,179257454.89000002,0.1481,0.0218,16352768.354312
2022,6,1270965.29,14526477.186723001,16755182.786212001,98085598.83,768586366.34,0.1481,0.0218,32552625.262935
2022,7,7703491.199999999,16527083.44053,12816328.428186,111594081.3,587904973.77,0.1481,0.0218,37046903.068716
2022,8,6586583.04,20348819.984203,17189124.35195,137399189.63,788491942.75,0.1481,0.0218,44124527.376153
2022,9,1520124.33,16546172.285009,14181751.930484,111722972.89,650539079.38,0.1481,0.0218,32248048.545493003
2022,10,14594298.88,12588969.183762,8058157.843271999,85003168.02,369640268.03999996,0.1481,0.0218,35241425.907034
2022,11,12325366.48,13556608.945266,15352780.017380001,91536859.86,704255964.1,0.1481,0.0218,41234755.442646004
2022,12,4486624.97,46376662.721525006,57737447.603004,313144245.25,2648506770.78,0.1481,0.0218,108600735.294529
2023,1,0.0,0.0,27873.022539999998,0.0,1266955.57,0.149,0.022,27873.022539999998
2023,2,5649.6,496.9299,684376.28006,3335.1,31108012.73,0.149,0.022,690522.80996
2023,3,196414.98,3913364.19676,2606488.7347399998,26264189.240000002,118476760.67,0.149,0.022,6716267.911499999
2023,4,1929125.3,9785327.473749999,2128468.69972,65673338.75,96748577.26,0.149,0.022,13842921.473469999
2023,5,4237924.07,17467307.72233,5172905.098239999,117230253.17,235132049.92,0.149,0.022,26878136.89057
2023,6,4531137.83,29045809.444579996,9357097.45256,194938318.42,425322611.48,0.149,0.022,42934044.727139995
2023,7,4613843.33,28576005.87666,14074178.581319997,191785274.34,639735390.06,0.149,0.022,47264027.78798
2023,8,9120259.7,44585965.615439996,8173730.809859999,299234668.56,371533218.63,0.149,0.022,61879956.1253
2023,9,5717933.13,34025351.749069996,8759159.4409,228358065.43,398143610.95,0.149,0.022,48502444.31997
2023,10,1351779.97,54068820.07492,31134943.2504,362877987.08,1415224693.2,0.149,0.022,86555543.29532
2023,11,9284805.65,55943297.31625,18194878.671639998,375458371.25,827039939.62,0.149,0.022,83422981.63789
2023,12,24399364.48,68793068.73263,40875995.85498,461698447.87,1857999811.59,0.149,0.022,134068429.06761
2024,1,7377671.34,0.0,2564413.97696,0.0,116564271.68,0.15,0.022,9942085.31696
2024,2,487187.77,3697127.253,977313.1119399999,24647515.02,44423323.269999996,0.15,0.022,5161628.13494
2024,3,9436905.83,9412053.3345,3045597.58778,62747022.23,138436253.99,0.15,0.022,21894556.752279997
2024,4,10035765.25,23022409.768499997,5672238.279399999,153482731.79,257829012.7,0.15,0.022,38730413.2979
2024,5,9028104.040000001,32397950.427,6441983.9451,215986336.18,292817452.05,0.15,0.022,47868038.4121
2024,6,9513582.53,41015172.5295,8550661.13396,273434483.53000003,388666415.18,0.15,0.022,59079416.19346
2024,7,7845851.6,45336850.608,16856230.88776,302245670.72,766192313.08,0.15,0.022,70038933.09576
2024,8,7178870.22,25758710.1465,13585100.738,171724734.31,617504579.0,0.15,0.022,46522681.104499996
2024,9,4990938.569999999,31978678.269,7807823.904759999,213191188.46,354901086.58,0.15,0.022,44777440.743760005
2024,10,4630754.13,52897452.0435,16545844.92528,352649680.29,752083860.24,0.15,0.022,74074051.09878
2024,11,3808491.94,42437524.944,17982464.09762,282916832.96,817384731.71,0.15,0.022,64228480.98162
2024,12,21953808.7,71830045.02,62729953.57089999,478866966.8,2851361525.95,0.15,0.022,156513807.2909
2025,1,0.0,0.0,656523.13254,0.0,29841960.57,0.15,0.022,656523.13254
2025,2,0.0,13336173.2655,1332551.9250999999,88907821.77,60570542.05,0.15,0.022,14668725.1906
2025,3,0.0,10764909.1965,2039120.62222,71766061.31,92687301.01,0.15,0.022,12804029.81872
2025,4,4894.84,60507528.217499994,5464592.30306,403383521.45,248390559.23,0.15,0.022,65977015.36056
2025,5,72050.67,16114366.5555,9887566.79262,107429110.37,449434854.21,0.15,0.022,26073984.01812
2025,6,232899.87000000002,73729890.85350001,11048771.47572,491532605.69000006,502216885.26,0.15,0.022,85011562.19922002
2025,7,495501.41000000003,51346376.538,11567552.80824,342309176.92,525797854.92,0.15,0.022,63409430.756239995
2025,8,6914436.5,43918121.958,11746082.61024,292787479.71999997,533912845.92,0.15,0.022,62578641.068239994
2025,9,3970691.84,65887011.059999995,15686953.03142,439246740.4,713043319.61,0.15,0.022,85544655.93142
2025,10,8528270.360000001,49036305.2775,17951879.808939997,326908701.85,815994536.77,0.15,0.022,75516455.44644
2025,11,6367906.91,41880609.3435,17740142.17382,279204062.29,806370098.8100001,0.15,0.022,65988658.42732
2025,12,14800132.02,73495272.669,88647906.94672,489968484.46,4029450315.76,0.15,0.022,176943311.63572
