cod_ibge,regiao_codigo,regiao_nome,ano,populacao
2300101,01,Cariri,2015,11357
2300606,01,Cariri,2015,7344
2300804,01,Cariri,2015,7227
2301307,01,Cariri,2015,21289
2301604,01,Cariri,2015,23126
2301703,01,Cariri,2015,24602
2301901,01,Cariri,2015,58855
2302008,01,Cariri,2015,22279
2302503,01,Cariri,2015,48056
2302701,01,Cariri,2015,27123
2303204,01,Cariri,2015,26858
2304202,01,Cariri,2015,128680
2304301,01,Cariri,2015,18861
2304806,01,Cariri,2015,4494
2307106,01,Cariri,2015,27072
2307205,01,Cariri,2015,7807
2307304,01,Cariri,2015,266022
2307502,01,Cariri,2015,31383
2308104,01,Cariri,2015,46113
2308302,01,Cariri,2015,28354
2308401,01,Cariri,2015,35240
2309201,01,Cariri,2015,15181
2310605,01,Cariri,2015,8817
2311108,01,Cariri,2015,15010
2311207,01,Cariri,2015,10790
2311959,01,Cariri,2015,16161
2312106,01,Cariri,2015,17468
2313252,01,Cariri,2015,8899
2314003,01,Cariri,2015,40062
2300309,02,Centro Sul,2015,53135
2301802,02,Centro Sul,2015,6198
2303303,02,Centro Sul,2015,18810
2303600,02,Centro Sul,2015,20079
2303808,02,Centro Sul,2015,25013
2305407,02,Centro Sul,2015,67198
2305506,02,Centro Sul,2015,101386
2305704,02,Centro Sul,2015,12305
2307403,02,Centro Sul,2015,24479
2309508,02,Centro Sul,2015,21394
2311355,02,Centro Sul,2015,14949
2311900,02,Centro Sul,2015,15753
2313708,02,Centro Sul,2015,7665
2301000,03,Grande Fortaleza,2015,77717
2303501,03,Grande Fortaleza,2015,70047
2303709,03,Grande Fortaleza,2015,353932
2303956,03,Grande Fortaleza,2015,19192
2304285,03,Grande Fortaleza,2015,51127
2304400,03,Grande Fortaleza,2015,2591188
2304954,03,Grande Fortaleza,2015,25841
2305233,03,Grande Fortaleza,2015,63365
2306256,03,Grande Fortaleza,2015,38540
2307650,03,Grande Fortaleza,2015,221504
2307700,03,Grande Fortaleza,2015,123570
2309607,03,Grande Fortaleza,2015,68800
2309706,03,Grande Fortaleza,2015,80378
2310209,03,Grande Fortaleza,2015,33426
2310258,03,Grande Fortaleza,2015,31986
2310852,03,Grande Fortaleza,2015,20207
2312403,03,Grande Fortaleza,2015,47297
2312601,03,Grande Fortaleza,2015,12760
2313500,03,Grande Fortaleza,2015,54418
2301109,04,Litoral Leste,2015,72727
2302206,04,Litoral Leste,2015,52310
2304459,04,Litoral Leste,2015,15951
2305357,04,Litoral Leste,2015,19418
2306207,04,Litoral Leste,2015,7656
2307007,04,Litoral Leste,2015,33469
2300200,05,Litoral Norte,2015,61210
2302057,05,Litoral Norte,2015,14828
2302305,05,Litoral Norte,2015,32103
2302602,05,Litoral Norte,2015,62473
2303907,05,Litoral Norte,2015,12910
2304251,05,Litoral Norte,2015,23677
2304707,05,Litoral Norte,2015,53918
2306553,05,Litoral Norte,2015,40398
2307254,05,Litoral Norte,2015,18926
2307809,05,Litoral Norte,2015,26484
2307908,05,Litoral Norte,2015,10895
2308906,05,Litoral Norte,2015,21905
2313906,05,Litoral Norte,2015,13519
2300754,06,Litoral Oeste / Vale do Curu,2015,42098
2300903,06,Litoral Oeste / Vale do Curu,2015,14565
2304608,06,Litoral Oeste / Vale do Curu,2015,6763
2306108,06,Litoral Oeste / Vale do Curu,2015,23543
2306306,06,Litoral Oeste / Vale do Curu,2015,51113
2306405,06,Litoral Oeste / Vale do Curu,2015,124950
2308377,06,Litoral Oeste / Vale do Curu,2015,13428
2310704,06,Litoral Oeste / Vale do Curu,2015,36773
2313351,06,Litoral Oeste / Vale do Curu,2015,18510
2313559,06,Litoral Oeste / Vale do Curu,2015,15594
2313757,06,Litoral Oeste / Vale do Curu,2015,19521
2313807,06,Litoral Oeste / Vale do Curu,2015,21206
2300150,07,Maciço do Baturité,2015,16288
2301208,07,Maciço do Baturité,2015,26134
2301406,07,Maciço do Baturité,2015,11358
2301950,07,Maciço do Baturité,2015,20687
2302107,07,Maciço do Baturité,2015,34949
2302909,07,Maciço do Baturité,2015,17573
2305100,07,Maciço do Baturité,2015,3720
2306504,07,Maciço do Baturité,2015,19724
2309102,07,Maciço do Baturité,2015,12526
2309458,07,Maciço do Baturité,2015,25123
2309805,07,Maciço do Baturité,2015,11910
2310100,07,Maciço do Baturité,2015,12895
2311603,07,Maciço do Baturité,2015,27272
2303402,08,Serra da Ibiapaba,2015,17463
2304236,08,Serra da Ibiapaba,2015,17728
2305001,08,Serra da Ibiapaba,2015,39151
2305308,08,Serra da Ibiapaba,2015,24649
2305803,08,Serra da Ibiapaba,2015,41391
2312304,08,Serra da Ibiapaba,2015,46171
2313401,08,Serra da Ibiapaba,2015,73468
2313609,08,Serra da Ibiapaba,2015,33792
2314102,08,Serra da Ibiapaba,2015,58922
2301851,09,Sertão Central,2015,17906
2303931,09,Sertão Central,2015,13294
2304269,09,Sertão Central,2015,9444
2305266,09,Sertão Central,2015,13188
2305332,09,Sertão Central,2015,12130
2308351,09,Sertão Central,2015,13170
2308500,09,Sertão Central,2015,43619
2310506,09,Sertão Central,2015,42746
2310902,09,Sertão Central,2015,16461
2311306,09,Sertão Central,2015,85351
2311405,09,Sertão Central,2015,77174
2312700,09,Sertão Central,2015,26547
2313005,09,Sertão Central,2015,18094
2302404,10,Sertão de Canindé,2015,53838
2302800,10,Sertão de Canindé,2015,76998
2303006,10,Sertão de Canindé,2015,21800
2306603,10,Sertão de Canindé,2015,20285
2307635,10,Sertão de Canindé,2015,19425
2310407,10,Sertão de Canindé,2015,11549
2300507,11,Sertão de Sobral,2015,11321
2303105,11,Sertão de Sobral,2015,18645
2304004,11,Sertão de Sobral,2015,22889
2304350,11,Sertão de Sobral,2015,23544
2304509,11,Sertão de Sobral,2015,13541
2304657,11,Sertão de Sobral,2015,15294
2304905,11,Sertão de Sobral,2015,10847
2308005,11,Sertão de Sobral,2015,37560
2308203,11,Sertão de Sobral,2015,14674
2308807,11,Sertão de Sobral,2015,8520
2309003,11,Sertão de Sobral,2015,14357
2309904,11,Sertão de Sobral,2015,6168
2310951,11,Sertão de Sobral,2015,10674
2311702,11,Sertão de Sobral,2015,19015
2312007,11,Sertão de Sobral,2015,31596
2312809,11,Sertão de Sobral,2015,7367
2312908,11,Sertão de Sobral,2015,201756
2313955,11,Sertão de Sobral,2015,18136
2301257,12,Sertão dos Crateús,2015,10775
2303659,12,Sertão dos Crateús,2015,10294
2304103,12,Sertão dos Crateús,2015,74271
2305209,12,Sertão dos Crateús,2015,20055
2305605,12,Sertão dos Crateús,2015,25957
2305654,12,Sertão dos Crateús,2015,11499
2305902,12,Sertão dos Crateús,2015,38022
2308609,12,Sertão dos Crateús,2015,17012
2309300,12,Sertão dos Crateús,2015,31870
2309409,12,Sertão dos Crateús,2015,28220
2311009,12,Sertão dos Crateús,2015,12224
2312205,12,Sertão dos Crateús,2015,43359
2313203,12,Sertão dos Crateús,2015,25597
2300408,13,Sertão dos Inhamuns,2015,16997
2301505,13,Sertão dos Inhamuns,2015,7771
2310308,13,Sertão dos Inhamuns,2015,31293
2311264,13,Sertão dos Inhamuns,2015,20690
2313302,13,Sertão dos Inhamuns,2015,57701
2300705,14,Vale do Jaguaribe,2015,16876
2304277,14,Vale do Jaguaribe,2015,7104
2306009,14,Vale do Jaguaribe,2015,14071
2306702,14,Vale do Jaguaribe,2015,17997
2306801,14,Vale do Jaguaribe,2015,11102
2306900,14,Vale do Jaguaribe,2015,34561
2307601,14,Vale do Jaguaribe,2015,58175
2308708,14,Vale do Jaguaribe,2015,61903
2310001,14,Vale do Jaguaribe,2015,9209
2310803,14,Vale do Jaguaribe,2015,16115
2311231,14,Vale do Jaguaribe,2015,6318
2311504,14,Vale do Jaguaribe,2015,21572
2311801,14,Vale do Jaguaribe,2015,75018
2312502,14,Vale do Jaguaribe,2015,7721
2313104,14,Vale do Jaguaribe,2015,30263
2300101,01,Cariri,2016,11483
2300606,01,Cariri,2016,7413
2300804,01,Cariri,2016,7253
2301307,01,Cariri,2016,21345
2301604,01,Cariri,2016,23191
2301703,01,Cariri,2016,24548
2301901,01,Cariri,2016,59343
2302008,01,Cariri,2016,22361
2302503,01,Cariri,2016,48451
2302701,01,Cariri,2016,27167
2303204,01,Cariri,2016,26876
2304202,01,Cariri,2016,129662
2304301,01,Cariri,2016,18789
2304806,01,Cariri,2016,4459
2307106,01,Cariri,2016,27074
2307205,01,Cariri,2016,7827
2307304,01,Cariri,2016,268248
2307502,01,Cariri,2016,31359
2308104,01,Cariri,2016,46335
2308302,01,Cariri,2016,28292
2308401,01,Cariri,2016,35326
2309201,01,Cariri,2016,15310
2310605,01,Cariri,2016,8888
2311108,01,Cariri,2016,14965
2311207,01,Cariri,2016,10856
2311959,01,Cariri,2016,16248
2312106,01,Cariri,2016,17479
2313252,01,Cariri,2016,8875
2314003,01,Cariri,2016,40255
2300309,02,Centro Sul,2016,53358
2301802,02,Centro Sul,2016,6214
2303303,02,Centro Sul,2016,18807
2303600,02,Centro Sul,2016,20269
2303808,02,Centro Sul,2016,25038
2305407,02,Centro Sul,2016,67345
2305506,02,Centro Sul,2016,102013
2305704,02,Centro Sul,2016,12327
2307403,02,Centro Sul,2016,24540
2309508,02,Centro Sul,2016,21342
2311355,02,Centro Sul,2016,14903
2311900,02,Centro Sul,2016,15715
2313708,02,Centro Sul,2016,7668
2301000,03,Grande Fortaleza,2016,78438
2303501,03,Grande Fortaleza,2016,70574
2303709,03,Grande Fortaleza,2016,358164
2303956,03,Grande Fortaleza,2016,19194
2304285,03,Grande Fortaleza,2016,51913
2304400,03,Grande Fortaleza,2016,2609716
2304954,03,Grande Fortaleza,2016,26091
2305233,03,Grande Fortaleza,2016,64673
2306256,03,Grande Fortaleza,2016,38933
2307650,03,Grande Fortaleza,2016,223188
2307700,03,Grande Fortaleza,2016,125058
2309607,03,Grande Fortaleza,2016,69877
2309706,03,Grande Fortaleza,2016,81627
2310209,03,Grande Fortaleza,2016,33665
2310258,03,Grande Fortaleza,2016,32256
2310852,03,Grande Fortaleza,2016,20430
2312403,03,Grande Fortaleza,2016,47791
2312601,03,Grande Fortaleza,2016,12805
2313500,03,Grande Fortaleza,2016,54820
2301109,04,Litoral Leste,2016,73188
2302206,04,Litoral Leste,2016,52719
2304459,04,Litoral Leste,2016,16115
2305357,04,Litoral Leste,2016,19554
2306207,04,Litoral Leste,2016,7698
2307007,04,Litoral Leste,2016,33607
2300200,05,Litoral Norte,2016,61715
2302057,05,Litoral Norte,2016,14854
2302305,05,Litoral Norte,2016,32243
2302602,05,Litoral Norte,2016,62734
2303907,05,Litoral Norte,2016,12931
2304251,05,Litoral Norte,2016,23833
2304707,05,Litoral Norte,2016,54146
2306553,05,Litoral Norte,2016,40822
2307254,05,Litoral Norte,2016,19224
2307809,05,Litoral Norte,2016,26738
2307908,05,Litoral Norte,2016,10990
2308906,05,Litoral Norte,2016,22067
2313906,05,Litoral Norte,2016,13600
2300754,06,Litoral Oeste / Vale do Curu,2016,42508
2300903,06,Litoral Oeste / Vale do Curu,2016,14644
2304608,06,Litoral Oeste / Vale do Curu,2016,6845
2306108,06,Litoral Oeste / Vale do Curu,2016,23704
2306306,06,Litoral Oeste / Vale do Curu,2016,51538
2306405,06,Litoral Oeste / Vale do Curu,2016,126234
2308377,06,Litoral Oeste / Vale do Curu,2016,13507
2310704,06,Litoral Oeste / Vale do Curu,2016,36928
2313351,06,Litoral Oeste / Vale do Curu,2016,18709
2313559,06,Litoral Oeste / Vale do Curu,2016,15768
2313757,06,Litoral Oeste / Vale do Curu,2016,19602
2313807,06,Litoral Oeste / Vale do Curu,2016,21411
2300150,07,Maciço do Baturité,2016,16418
2301208,07,Maciço do Baturité,2016,26203
2301406,07,Maciço do Baturité,2016,11300
2301950,07,Maciço do Baturité,2016,20835
2302107,07,Maciço do Baturité,2016,35154
2302909,07,Maciço do Baturité,2016,17621
2305100,07,Maciço do Baturité,2016,3632
2306504,07,Maciço do Baturité,2016,19872
2309102,07,Maciço do Baturité,2016,12682
2309458,07,Maciço do Baturité,2016,25261
2309805,07,Maciço do Baturité,2016,11936
2310100,07,Maciço do Baturité,2016,13022
2311603,07,Maciço do Baturité,2016,27358
2303402,08,Serra da Ibiapaba,2016,17549
2304236,08,Serra da Ibiapaba,2016,17802
2305001,08,Serra da Ibiapaba,2016,39301
2305308,08,Serra da Ibiapaba,2016,24739
2305803,08,Serra da Ibiapaba,2016,41485
2312304,08,Serra da Ibiapaba,2016,46414
2313401,08,Serra da Ibiapaba,2016,74107
2313609,08,Serra da Ibiapaba,2016,34068
2314102,08,Serra da Ibiapaba,2016,59487
2301851,09,Sertão Central,2016,17968
2303931,09,Sertão Central,2016,13340
2304269,09,Sertão Central,2016,9483
2305266,09,Sertão Central,2016,13203
2305332,09,Sertão Central,2016,12242
2308351,09,Sertão Central,2016,13152
2308500,09,Sertão Central,2016,43678
2310506,09,Sertão Central,2016,42795
2310902,09,Sertão Central,2016,16599
2311306,09,Sertão Central,2016,85991
2311405,09,Sertão Central,2016,77931
2312700,09,Sertão Central,2016,26496
2313005,09,Sertão Central,2016,18127
2302404,10,Sertão de Canindé,2016,53945
2302800,10,Sertão de Canindé,2016,77261
2303006,10,Sertão de Canindé,2016,22065
2306603,10,Sertão de Canindé,2016,20484
2307635,10,Sertão de Canindé,2016,19616
2310407,10,Sertão de Canindé,2016,11564
2300507,11,Sertão de Sobral,2016,11391
2303105,11,Sertão de Sobral,2016,18653
2304004,11,Sertão de Sobral,2016,23000
2304350,11,Sertão de Sobral,2016,23801
2304509,11,Sertão de Sobral,2016,13606
2304657,11,Sertão de Sobral,2016,15300
2304905,11,Sertão de Sobral,2016,10931
2308005,11,Sertão de Sobral,2016,37892
2308203,11,Sertão de Sobral,2016,14814
2308807,11,Sertão de Sobral,2016,8579
2309003,11,Sertão de Sobral,2016,14367
2309904,11,Sertão de Sobral,2016,6186
2310951,11,Sertão de Sobral,2016,10730
2311702,11,Sertão de Sobral,2016,18889
2312007,11,Sertão de Sobral,2016,31814
2312809,11,Sertão de Sobral,2016,7442
2312908,11,Sertão de Sobral,2016,203682
2313955,11,Sertão de Sobral,2016,18188
2301257,12,Sertão dos Crateús,2016,10800
2303659,12,Sertão dos Crateús,2016,10331
2304103,12,Sertão dos Crateús,2016,74350
2305209,12,Sertão dos Crateús,2016,20136
2305605,12,Sertão dos Crateús,2016,25962
2305654,12,Sertão dos Crateús,2016,11499
2305902,12,Sertão dos Crateús,2016,37957
2308609,12,Sertão dos Crateús,2016,17025
2309300,12,Sertão dos Crateús,2016,31954
2309409,12,Sertão dos Crateús,2016,28288
2311009,12,Sertão dos Crateús,2016,12234
2312205,12,Sertão dos Crateús,2016,43359
2313203,12,Sertão dos Crateús,2016,25560
2300408,13,Sertão dos Inhamuns,2016,17098
2301505,13,Sertão dos Inhamuns,2016,7774
2310308,13,Sertão dos Inhamuns,2016,31213
2311264,13,Sertão dos Inhamuns,2016,20777
2313302,13,Sertão dos Inhamuns,2016,57914
2300705,14,Vale do Jaguaribe,2016,16927
2304277,14,Vale do Jaguaribe,2016,7134
2306009,14,Vale do Jaguaribe,2016,14098
2306702,14,Vale do Jaguaribe,2016,17977
2306801,14,Vale do Jaguaribe,2016,11200
2306900,14,Vale do Jaguaribe,2016,34503
2307601,14,Vale do Jaguaribe,2016,58552
2308708,14,Vale do Jaguaribe,2016,61722
2310001,14,Vale do Jaguaribe,2016,9248
2310803,14,Vale do Jaguaribe,2016,16139
2311231,14,Vale do Jaguaribe,2016,6337
2311504,14,Vale do Jaguaribe,2016,21728
2311801,14,Vale do Jaguaribe,2016,75762
2312502,14,Vale do Jaguaribe,2016,7670
2313104,14,Vale do Jaguaribe,2016,30378
2300101,01,Cariri,2017,11605
2300606,01,Cariri,2017,7479
2300804,01,Cariri,2017,7278
2301307,01,Cariri,2017,21398
2301604,01,Cariri,2017,23254
2301703,01,Cariri,2017,24496
2301901,01,Cariri,2017,59811
2302008,01,Cariri,2017,22440
2302503,01,Cariri,2017,48830
2302701,01,Cariri,2017,27209
2303204,01,Cariri,2017,26892
2304202,01,Cariri,2017,130604
2304301,01,Cariri,2017,18720
2304806,01,Cariri,2017,4425
2307106,01,Cariri,2017,27076
2307205,01,Cariri,2017,7847
2307304,01,Cariri,2017,270383
2307502,01,Cariri,2017,31335
2308104,01,Cariri,2017,46548
2308302,01,Cariri,2017,28231
2308401,01,Cariri,2017,35409
2309201,01,Cariri,2017,15433
2310605,01,Cariri,2017,8956
2311108,01,Cariri,2017,14921
2311207,01,Cariri,2017,10918
2311959,01,Cariri,2017,16331
2312106,01,Cariri,2017,17489
2313252,01,Cariri,2017,8852
2314003,01,Cariri,2017,40440
2300309,02,Centro Sul,2017,53572
2301802,02,Centro Sul,2017,6228
2303303,02,Centro Sul,2017,18804
2303600,02,Centro Sul,2017,20451
2303808,02,Centro Sul,2017,25063
2305407,02,Centro Sul,2017,67486
2305506,02,Centro Sul,2017,102614
2305704,02,Centro Sul,2017,12349
2307403,02,Centro Sul,2017,24597
2309508,02,Centro Sul,2017,21292
2311355,02,Centro Sul,2017,14860
2311900,02,Centro Sul,2017,15678
2313708,02,Centro Sul,2017,7671
2301000,03,Grande Fortaleza,2017,79128
2303501,03,Grande Fortaleza,2017,71079
2303709,03,Grande Fortaleza,2017,362223
2303956,03,Grande Fortaleza,2017,19197
2304285,03,Grande Fortaleza,2017,52667
2304400,03,Grande Fortaleza,2017,2627482
2304954,03,Grande Fortaleza,2017,26331
2305233,03,Grande Fortaleza,2017,65928
2306256,03,Grande Fortaleza,2017,39310
2307650,03,Grande Fortaleza,2017,224804
2307700,03,Grande Fortaleza,2017,126486
2309607,03,Grande Fortaleza,2017,70911
2309706,03,Grande Fortaleza,2017,82824
2310209,03,Grande Fortaleza,2017,33894
2310258,03,Grande Fortaleza,2017,32515
2310852,03,Grande Fortaleza,2017,20644
2312403,03,Grande Fortaleza,2017,48265
2312601,03,Grande Fortaleza,2017,12849
2313500,03,Grande Fortaleza,2017,55207
2301109,04,Litoral Leste,2017,73629
2302206,04,Litoral Leste,2017,53110
2304459,04,Litoral Leste,2017,16272
2305357,04,Litoral Leste,2017,19685
2306207,04,Litoral Leste,2017,7738
2307007,04,Litoral Leste,2017,33740
2300200,05,Litoral Norte,2017,62199
2302057,05,Litoral Norte,2017,14880
2302305,05,Litoral Norte,2017,32378
2302602,05,Litoral Norte,2017,62985
2303907,05,Litoral Norte,2017,12952
2304251,05,Litoral Norte,2017,23983
2304707,05,Litoral Norte,2017,54365
2306553,05,Litoral Norte,2017,41230
2307254,05,Litoral Norte,2017,19510
2307809,05,Litoral Norte,2017,26981
2307908,05,Litoral Norte,2017,11082
2308906,05,Litoral Norte,2017,22222
2313906,05,Litoral Norte,2017,13677
2300754,06,Litoral Oeste / Vale do Curu,2017,42901
2300903,06,Litoral Oeste / Vale do Curu,2017,14719
2304608,06,Litoral Oeste / Vale do Curu,2017,6922
2306108,06,Litoral Oeste / Vale do Curu,2017,23858
2306306,06,Litoral Oeste / Vale do Curu,2017,51945
2306405,06,Litoral Oeste / Vale do Curu,2017,127465
2308377,06,Litoral Oeste / Vale do Curu,2017,13583
2310704,06,Litoral Oeste / Vale do Curu,2017,37077
2313351,06,Litoral Oeste / Vale do Curu,2017,18902
2313559,06,Litoral Oeste / Vale do Curu,2017,15935
2313757,06,Litoral Oeste / Vale do Curu,2017,19679
2313807,06,Litoral Oeste / Vale do Curu,2017,21609
2300150,07,Maciço do Baturité,2017,16543
2301208,07,Maciço do Baturité,2017,26269
2301406,07,Maciço do Baturité,2017,11244
2301950,07,Maciço do Baturité,2017,20978
2302107,07,Maciço do Baturité,2017,35351
2302909,07,Maciço do Baturité,2017,17668
2305100,07,Maciço do Baturité,2017,3547
2306504,07,Maciço do Baturité,2017,20014
2309102,07,Maciço do Baturité,2017,12831
2309458,07,Maciço do Baturité,2017,25394
2309805,07,Maciço do Baturité,2017,11960
2310100,07,Maciço do Baturité,2017,13145
2311603,07,Maciço do Baturité,2017,27441
2303402,08,Serra da Ibiapaba,2017,17631
2304236,08,Serra da Ibiapaba,2017,17874
2305001,08,Serra da Ibiapaba,2017,39445
2305308,08,Serra da Ibiapaba,2017,24825
2305803,08,Serra da Ibiapaba,2017,41576
2312304,08,Serra da Ibiapaba,2017,46648
2313401,08,Serra da Ibiapaba,2017,74719
2313609,08,Serra da Ibiapaba,2017,34332
2314102,08,Serra da Ibiapaba,2017,60030
2301851,09,Sertão Central,2017,18027
2303931,09,Sertão Central,2017,13384
2304269,09,Sertão Central,2017,9521
2305266,09,Sertão Central,2017,13218
2305332,09,Sertão Central,2017,12350
2308351,09,Sertão Central,2017,13136
2308500,09,Sertão Central,2017,43735
2310506,09,Sertão Central,2017,42841
2310902,09,Sertão Central,2017,16731
2311306,09,Sertão Central,2017,86605
2311405,09,Sertão Central,2017,78658
2312700,09,Sertão Central,2017,26447
2313005,09,Sertão Central,2017,18158
2302404,10,Sertão de Canindé,2017,54049
2302800,10,Sertão de Canindé,2017,77514
2303006,10,Sertão de Canindé,2017,22320
2306603,10,Sertão de Canindé,2017,20675
2307635,10,Sertão de Canindé,2017,19800
2310407,10,Sertão de Canindé,2017,11578
2300507,11,Sertão de Sobral,2017,11459
2303105,11,Sertão de Sobral,2017,18660
2304004,11,Sertão de Sobral,2017,23107
2304350,11,Sertão de Sobral,2017,24047
2304509,11,Sertão de Sobral,2017,13669
2304657,11,Sertão de Sobral,2017,15307
2304905,11,Sertão de Sobral,2017,11012
2308005,11,Sertão de Sobral,2017,38210
2308203,11,Sertão de Sobral,2017,14948
2308807,11,Sertão de Sobral,2017,8636
2309003,11,Sertão de Sobral,2017,14377
2309904,11,Sertão de Sobral,2017,6202
2310951,11,Sertão de Sobral,2017,10784
2311702,11,Sertão de Sobral,2017,18769
2312007,11,Sertão de Sobral,2017,32023
2312809,11,Sertão de Sobral,2017,7513
2312908,11,Sertão de Sobral,2017,205529
2313955,11,Sertão de Sobral,2017,18239
2301257,12,Sertão dos Crateús,2017,10823
2303659,12,Sertão dos Crateús,2017,10365
2304103,12,Sertão dos Crateús,2017,74426
2305209,12,Sertão dos Crateús,2017,20215
2305605,12,Sertão dos Crateús,2017,25967
2305654,12,Sertão dos Crateús,2017,11499
2305902,12,Sertão dos Crateús,2017,37896
2308609,12,Sertão dos Crateús,2017,17038
2309300,12,Sertão dos Crateús,2017,32035
2309409,12,Sertão dos Crateús,2017,28353
2311009,12,Sertão dos Crateús,2017,12243
2312205,12,Sertão dos Crateús,2017,43360
2313203,12,Sertão dos Crateús,2017,25525
2300408,13,Sertão dos Inhamuns,2017,17194
2301505,13,Sertão dos Inhamuns,2017,7777
2310308,13,Sertão dos Inhamuns,2017,31137
2311264,13,Sertão dos Inhamuns,2017,20860
2313302,13,Sertão dos Inhamuns,2017,58119
2300705,14,Vale do Jaguaribe,2017,16976
2304277,14,Vale do Jaguaribe,2017,7163
2306009,14,Vale do Jaguaribe,2017,14125
2306702,14,Vale do Jaguaribe,2017,17958
2306801,14,Vale do Jaguaribe,2017,11295
2306900,14,Vale do Jaguaribe,2017,34448
2307601,14,Vale do Jaguaribe,2017,58915
2308708,14,Vale do Jaguaribe,2017,61548
2310001,14,Vale do Jaguaribe,2017,9285
2310803,14,Vale do Jaguaribe,2017,16163
2311231,14,Vale do Jaguaribe,2017,6356
2311504,14,Vale do Jaguaribe,2017,21876
2311801,14,Vale do Jaguaribe,2017,76475
2312502,14,Vale do Jaguaribe,2017,7621
2313104,14,Vale do Jaguaribe,2017,30489
2300101,01,Cariri,2018,11663
2300606,01,Cariri,2018,7521
2300804,01,Cariri,2018,7328
2301307,01,Cariri,2018,21550
2301604,01,Cariri,2018,23417
2301703,01,Cariri,2018,24699
2301901,01,Cariri,2018,60155
2302008,01,Cariri,2018,22593
2302503,01,Cariri,2018,49109
2302701,01,Cariri,2018,27409
2303204,01,Cariri,2018,27095
2304202,01,Cariri,2018,131372
2304301,01,Cariri,2018,18882
2304806,01,Cariri,2018,4469
2307106,01,Cariri,2018,27284
2307205,01,Cariri,2018,7902
2307304,01,Cariri,2018,271926
2307502,01,Cariri,2018,31584
2308104,01,Cariri,2018,46854
2308302,01,Cariri,2018,28466
2308401,01,Cariri,2018,35662
2309201,01,Cariri,2018,15520
2310605,01,Cariri,2018,9010
2311108,01,Cariri,2018,15047
2311207,01,Cariri,2018,10986
2311959,01,Cariri,2018,16435
2312106,01,Cariri,2018,17622
2313252,01,Cariri,2018,8926
2314003,01,Cariri,2018,40704
2300309,02,Centro Sul,2018,53931
2301802,02,Centro Sul,2018,6272
2303303,02,Centro Sul,2018,18950
2303600,02,Centro Sul,2018,20562
2303808,02,Centro Sul,2018,25249
2305407,02,Centro Sul,2018,67972
2305506,02,Centro Sul,2018,103255
2305704,02,Centro Sul,2018,12439
2307403,02,Centro Sul,2018,24773
2309508,02,Centro Sul,2018,21471
2311355,02,Centro Sul,2018,14986
2311900,02,Centro Sul,2018,15808
2313708,02,Centro Sul,2018,7729
2301000,03,Grande Fortaleza,2018,79563
2303501,03,Grande Fortaleza,2018,71499
2303709,03,Grande Fortaleza,2018,363982
2303956,03,Grande Fortaleza,2018,19345
2304285,03,Grande Fortaleza,2018,52880
2304400,03,Grande Fortaleza,2018,2643247
2304954,03,Grande Fortaleza,2018,26472
2305233,03,Grande Fortaleza,2018,66114
2306256,03,Grande Fortaleza,2018,39518
2307650,03,Grande Fortaleza,2018,226128
2307700,03,Grande Fortaleza,2018,127098
2309607,03,Grande Fortaleza,2018,71193
2309706,03,Grande Fortaleza,2018,83157
2310209,03,Grande Fortaleza,2018,34097
2310258,03,Grande Fortaleza,2018,32700
2310852,03,Grande Fortaleza,2018,20748
2312403,03,Grande Fortaleza,2018,48516
2312601,03,Grande Fortaleza,2018,12938
2313500,03,Grande Fortaleza,2018,55535
2301109,04,Litoral Leste,2018,74084
2302206,04,Litoral Leste,2018,53421
2304459,04,Litoral Leste,2018,16357
2305357,04,Litoral Leste,2018,19804
2306207,04,Litoral Leste,2018,7787
2307007,04,Litoral Leste,2018,33967
2300200,05,Litoral Norte,2018,62557
2302057,05,Litoral Norte,2018,14989
2302305,05,Litoral Norte,2018,32593
2302602,05,Litoral Norte,2018,63408
2303907,05,Litoral Norte,2018,13047
2304251,05,Litoral Norte,2018,24131
2304707,05,Litoral Norte,2018,54729
2306553,05,Litoral Norte,2018,41445
2307254,05,Litoral Norte,2018,19587
2307809,05,Litoral Norte,2018,27127
2307908,05,Litoral Norte,2018,11143
2308906,05,Litoral Norte,2018,22354
2313906,05,Litoral Norte,2018,13763
2300754,06,Litoral Oeste / Vale do Curu,2018,43131
2300903,06,Litoral Oeste / Vale do Curu,2018,14814
2304608,06,Litoral Oeste / Vale do Curu,2018,6956
2306108,06,Litoral Oeste / Vale do Curu,2018,24003
2306306,06,Litoral Oeste / Vale do Curu,2018,52240
2306405,06,Litoral Oeste / Vale do Curu,2018,128135
2308377,06,Litoral Oeste / Vale do Curu,2018,13669
2310704,06,Litoral Oeste / Vale do Curu,2018,37326
2313351,06,Litoral Oeste / Vale do Curu,2018,18998
2313559,06,Litoral Oeste / Vale do Curu,2018,16015
2313757,06,Litoral Oeste / Vale do Curu,2018,19811
2313807,06,Litoral Oeste / Vale do Curu,2018,21725
2300150,07,Maciço do Baturité,2018,15399
2301208,07,Maciço do Baturité,2018,26437
2301406,07,Maciço do Baturité,2018,11346
2301950,07,Maciço do Baturité,2018,22362
2302107,07,Maciço do Baturité,2018,35575
2302909,07,Maciço do Baturité,2018,17793
2305100,07,Maciço do Baturité,2018,3595
2306504,07,Maciço do Baturité,2018,20133
2309102,07,Maciço do Baturité,2018,12892
2309458,07,Maciço do Baturité,2018,25557
2309805,07,Maciço do Baturité,2018,12046
2310100,07,Maciço do Baturité,2018,13214
2311603,07,Maciço do Baturité,2018,27633
2303402,08,Serra da Ibiapaba,2018,17747
2304236,08,Serra da Ibiapaba,2018,17994
2305001,08,Serra da Ibiapaba,2018,39713
2305308,08,Serra da Ibiapaba,2018,24995
2305803,08,Serra da Ibiapaba,2018,41873
2312304,08,Serra da Ibiapaba,2018,46949
2313401,08,Serra da Ibiapaba,2018,75140
2313609,08,Serra da Ibiapaba,2018,34530
2314102,08,Serra da Ibiapaba,2018,60355
2301851,09,Sertão Central,2018,18151
2303931,09,Sertão Central,2018,13476
2304269,09,Sertão Central,2018,9585
2305266,09,Sertão Central,2018,13317
2305332,09,Sertão Central,2018,12419
2308351,09,Sertão Central,2018,13241
2308500,09,Sertão Central,2018,44060
2310506,09,Sertão Central,2018,43160
2310902,09,Sertão Central,2018,16827
2311306,09,Sertão Central,2018,87116
2311405,09,Sertão Central,2018,79081
2312700,09,Sertão Central,2018,26664
2313005,09,Sertão Central,2018,18291
2302404,10,Sertão de Canindé,2018,54440
2302800,10,Sertão de Canindé,2018,78049
2303006,10,Sertão de Canindé,2018,22427
2306603,10,Sertão de Canindé,2018,20786
2307635,10,Sertão de Canindé,2018,19906
2310407,10,Sertão de Canindé,2018,11664
2300507,11,Sertão de Sobral,2018,11529
2303105,11,Sertão de Sobral,2018,18802
2304004,11,Sertão de Sobral,2018,23258
2304350,11,Sertão de Sobral,2018,24169
2304509,11,Sertão de Sobral,2018,13758
2304657,11,Sertão de Sobral,2018,15423
2304905,11,Sertão de Sobral,2018,11076
2308005,11,Sertão de Sobral,2018,38424
2308203,11,Sertão de Sobral,2018,15030
2308807,11,Sertão de Sobral,2018,8689
2309003,11,Sertão de Sobral,2018,14485
2309904,11,Sertão de Sobral,2018,6246
2310951,11,Sertão de Sobral,2018,10853
2311702,11,Sertão de Sobral,2018,18945
2312007,11,Sertão de Sobral,2018,32216
2312809,11,Sertão de Sobral,2018,7553
2312908,11,Sertão de Sobral,2018,206644
2313955,11,Sertão de Sobral,2018,18368
2301257,12,Sertão dos Crateús,2018,10901
2303659,12,Sertão dos Crateús,2018,10437
2304103,12,Sertão dos Crateús,2018,74982
2305209,12,Sertão dos Crateús,2018,20352
2305605,12,Sertão dos Crateús,2018,26168
2305654,12,Sertão dos Crateús,2018,11587
2305902,12,Sertão dos Crateús,2018,38205
2308609,12,Sertão dos Crateús,2018,17167
2309300,12,Sertão dos Crateús,2018,32262
2309409,12,Sertão dos Crateús,2018,28557
2311009,12,Sertão dos Crateús,2018,12334
2312205,12,Sertão dos Crateús,2018,43695
2313203,12,Sertão dos Crateús,2018,25731
2300408,13,Sertão dos Inhamuns,2018,17303
2301505,13,Sertão dos Inhamuns,2018,7836
2310308,13,Sertão dos Inhamuns,2018,31398
2311264,13,Sertão dos Inhamuns,2018,21000
2313302,13,Sertão dos Inhamuns,2018,58517
2300705,14,Vale do Jaguaribe,2018,17096
2304277,14,Vale do Jaguaribe,2018,7211
2306009,14,Vale do Jaguaribe,2018,14227
2306702,14,Vale do Jaguaribe,2018,18102
2306801,14,Vale do Jaguaribe,2018,11359
2306900,14,Vale do Jaguaribe,2018,34729
2307601,14,Vale do Jaguaribe,2018,59278
2308708,14,Vale do Jaguaribe,2018,62069
2310001,14,Vale do Jaguaribe,2018,9348
2310803,14,Vale do Jaguaribe,2018,16281
2311231,14,Vale do Jaguaribe,2018,6400
2311504,14,Vale do Jaguaribe,2018,22008
2311801,14,Vale do Jaguaribe,2018,76884
2312502,14,Vale do Jaguaribe,2018,7691
2313104,14,Vale do Jaguaribe,2018,30695
2300101,01,Cariri,2019,11737
2300606,01,Cariri,2019,7586
2300804,01,Cariri,2019,7353
2301307,01,Cariri,2019,21600
2301604,01,Cariri,2019,23417
2301703,01,Cariri,2019,24654
2301901,01,Cariri,2019,60781
2302008,01,Cariri,2019,22680
2302503,01,Cariri,2019,49477
2302701,01,Cariri,2019,27426
2303204,01,Cariri,2019,26965
2304202,01,Cariri,2019,132123
2304301,01,Cariri,2019,19450
2304806,01,Cariri,2019,4844
2307106,01,Cariri,2019,27174
2307205,01,Cariri,2019,8111
2307304,01,Cariri,2019,274207
2307502,01,Cariri,2019,31508
2308104,01,Cariri,2019,47962
2308302,01,Cariri,2019,27512
2308401,01,Cariri,2019,35393
2309201,01,Cariri,2019,15565
2310605,01,Cariri,2019,9077
2311108,01,Cariri,2019,14996
2311207,01,Cariri,2019,11045
2311959,01,Cariri,2019,16554
2312106,01,Cariri,2019,17700
2313252,01,Cariri,2019,8592
2314003,01,Cariri,2019,40721
2300309,02,Centro Sul,2019,54270
2301802,02,Centro Sul,2019,6288
2303303,02,Centro Sul,2019,18699
2303600,02,Centro Sul,2019,20698
2303808,02,Centro Sul,2019,25557
2305407,02,Centro Sul,2019,68018
2305506,02,Centro Sul,2019,102498
2305704,02,Centro Sul,2019,12463
2307403,02,Centro Sul,2019,24833
2309508,02,Centro Sul,2019,21427
2311355,02,Centro Sul,2019,16178
2311900,02,Centro Sul,2019,15819
2313708,02,Centro Sul,2019,7733
2301000,03,Grande Fortaleza,2019,80271
2303501,03,Grande Fortaleza,2019,71743
2303709,03,Grande Fortaleza,2019,361400
2303956,03,Grande Fortaleza,2019,20264
2304285,03,Grande Fortaleza,2019,53618
2304400,03,Grande Fortaleza,2019,2669342
2304954,03,Grande Fortaleza,2019,26064
2305233,03,Grande Fortaleza,2019,67337
2306256,03,Grande Fortaleza,2019,37980
2307650,03,Grande Fortaleza,2019,227886
2307700,03,Grande Fortaleza,2019,128978
2309607,03,Grande Fortaleza,2019,72203
2309706,03,Grande Fortaleza,2019,83432
2310209,03,Grande Fortaleza,2019,35076
2310258,03,Grande Fortaleza,2019,32744
2310852,03,Grande Fortaleza,2019,20567
2312403,03,Grande Fortaleza,2019,48422
2312601,03,Grande Fortaleza,2019,13000
2313500,03,Grande Fortaleza,2019,55918
2301109,04,Litoral Leste,2019,74547
2302206,04,Litoral Leste,2019,53573
2304459,04,Litoral Leste,2019,16480
2305357,04,Litoral Leste,2019,19934
2306207,04,Litoral Leste,2019,7827
2307007,04,Litoral Leste,2019,33705
2300200,05,Litoral Norte,2019,62641
2302057,05,Litoral Norte,2019,15017
2302305,05,Litoral Norte,2019,32591
2302602,05,Litoral Norte,2019,63661
2303907,05,Litoral Norte,2019,13069
2304251,05,Litoral Norte,2019,24827
2304707,05,Litoral Norte,2019,54748
2306553,05,Litoral Norte,2019,41826
2307254,05,Litoral Norte,2019,19816
2307809,05,Litoral Norte,2019,27361
2307908,05,Litoral Norte,2019,11233
2308906,05,Litoral Norte,2019,22534
2313906,05,Litoral Norte,2019,13840
2300754,06,Litoral Oeste / Vale do Curu,2019,43452
2300903,06,Litoral Oeste / Vale do Curu,2019,14600
2304608,06,Litoral Oeste / Vale do Curu,2019,7618
2306108,06,Litoral Oeste / Vale do Curu,2019,24156
2306306,06,Litoral Oeste / Vale do Curu,2019,52675
2306405,06,Litoral Oeste / Vale do Curu,2019,129358
2308377,06,Litoral Oeste / Vale do Curu,2019,13818
2310704,06,Litoral Oeste / Vale do Curu,2019,37751
2313351,06,Litoral Oeste / Vale do Curu,2019,19187
2313559,06,Litoral Oeste / Vale do Curu,2019,16271
2313757,06,Litoral Oeste / Vale do Curu,2019,19825
2313807,06,Litoral Oeste / Vale do Curu,2019,21850
2300150,07,Maciço do Baturité,2019,14929
2301208,07,Maciço do Baturité,2019,26469
2301406,07,Maciço do Baturité,2019,11847
2301950,07,Maciço do Baturité,2019,22425
2302107,07,Maciço do Baturité,2019,35750
2302909,07,Maciço do Baturité,2019,17738
2305100,07,Maciço do Baturité,2019,5193
2306504,07,Maciço do Baturité,2019,20382
2309102,07,Maciço do Baturité,2019,10823
2309458,07,Maciço do Baturité,2019,25703
2309805,07,Maciço do Baturité,2019,12261
2310100,07,Maciço do Baturité,2019,13322
2311603,07,Maciço do Baturité,2019,29053
2303402,08,Serra da Ibiapaba,2019,17606
2304236,08,Serra da Ibiapaba,2019,18063
2305001,08,Serra da Ibiapaba,2019,40642
2305308,08,Serra da Ibiapaba,2019,24997
2305803,08,Serra da Ibiapaba,2019,41964
2312304,08,Serra da Ibiapaba,2019,47903
2313401,08,Serra da Ibiapaba,2019,75946
2313609,08,Serra da Ibiapaba,2019,34792
2314102,08,Serra da Ibiapaba,2019,60889
2301851,09,Sertão Central,2019,18197
2303931,09,Sertão Central,2019,13521
2304269,09,Sertão Central,2019,9625
2305266,09,Sertão Central,2019,13353
2305332,09,Sertão Central,2019,12525
2308351,09,Sertão Central,2019,13155
2308500,09,Sertão Central,2019,43797
2310506,09,Sertão Central,2019,43258
2310902,09,Sertão Central,2019,16959
2311306,09,Sertão Central,2019,87728
2311405,09,Sertão Central,2019,81082
2312700,09,Sertão Central,2019,25496
2313005,09,Sertão Central,2019,18324
2302404,10,Sertão de Canindé,2019,54470
2302800,10,Sertão de Canindé,2019,76997
2303006,10,Sertão de Canindé,2019,22547
2306603,10,Sertão de Canindé,2019,21647
2307635,10,Sertão de Canindé,2019,19691
2310407,10,Sertão de Canindé,2019,12226
2300507,11,Sertão de Sobral,2019,11714
2303105,11,Sertão de Sobral,2019,18448
2304004,11,Sertão de Sobral,2019,23136
2304350,11,Sertão de Sobral,2019,24218
2304509,11,Sertão de Sobral,2019,14072
2304657,11,Sertão de Sobral,2019,14399
2304905,11,Sertão de Sobral,2019,11068
2308005,11,Sertão de Sobral,2019,38737
2308203,11,Sertão de Sobral,2019,15057
2308807,11,Sertão de Sobral,2019,8724
2309003,11,Sertão de Sobral,2019,14537
2309904,11,Sertão de Sobral,2019,6533
2310951,11,Sertão de Sobral,2019,10951
2311702,11,Sertão de Sobral,2019,18491
2312007,11,Sertão de Sobral,2019,32452
2312809,11,Sertão de Sobral,2019,7623
2312908,11,Sertão de Sobral,2019,208935
2313955,11,Sertão de Sobral,2019,18420
2301257,12,Sertão dos Crateús,2019,10935
2303659,12,Sertão dos Crateús,2019,10342
2304103,12,Sertão dos Crateús,2019,75074
2305209,12,Sertão dos Crateús,2019,19978
2305605,12,Sertão dos Crateús,2019,26178
2305654,12,Sertão dos Crateús,2019,11593
2305902,12,Sertão dos Crateús,2019,38166
2308609,12,Sertão dos Crateús,2019,17234
2309300,12,Sertão dos Crateús,2019,32328
2309409,12,Sertão dos Crateús,2019,28607
2311009,12,Sertão dos Crateús,2019,12336
2312205,12,Sertão dos Crateús,2019,43703
2313203,12,Sertão dos Crateús,2019,26251
2300408,13,Sertão dos Inhamuns,2019,17399
2301505,13,Sertão dos Inhamuns,2019,7840
2310308,13,Sertão dos Inhamuns,2019,31521
2311264,13,Sertão dos Inhamuns,2019,21084
2313302,13,Sertão dos Inhamuns,2019,58859
2300705,14,Vale do Jaguaribe,2019,17146
2304277,14,Vale do Jaguaribe,2019,7198
2306009,14,Vale do Jaguaribe,2019,14297
2306702,14,Vale do Jaguaribe,2019,18162
2306801,14,Vale do Jaguaribe,2019,11401
2306900,14,Vale do Jaguaribe,2019,34682
2307601,14,Vale do Jaguaribe,2019,59540
2308708,14,Vale do Jaguaribe,2019,61890
2310001,14,Vale do Jaguaribe,2019,9386
2310803,14,Vale do Jaguaribe,2019,16307
2311231,14,Vale do Jaguaribe,2019,6419
2311504,14,Vale do Jaguaribe,2019,22149
2311801,14,Vale do Jaguaribe,2019,78194
2312502,14,Vale do Jaguaribe,2019,7645
2313104,14,Vale do Jaguaribe,2019,30697
2300101,01,Cariri,2020,11853
2300606,01,Cariri,2020,7650
2300804,01,Cariri,2020,7378
2301307,01,Cariri,2020,21654
2301604,01,Cariri,2020,23478
2301703,01,Cariri,2020,24610
2301901,01,Cariri,2020,61228
2302008,01,Cariri,2020,22758
2302503,01,Cariri,2020,49842
2302701,01,Cariri,2020,27470
2303204,01,Cariri,2020,26987
2304202,01,Cariri,2020,133031
2304301,01,Cariri,2020,19389
2304806,01,Cariri,2020,4814
2307106,01,Cariri,2020,27181
2307205,01,Cariri,2020,8130
2307304,01,Cariri,2020,276264
2307502,01,Cariri,2020,31492
2308104,01,Cariri,2020,48168
2308302,01,Cariri,2020,27462
2308401,01,Cariri,2020,35480
2309201,01,Cariri,2020,15684
2310605,01,Cariri,2020,9143
2311108,01,Cariri,2020,14958
2311207,01,Cariri,2020,11106
2311959,01,Cariri,2020,16635
2312106,01,Cariri,2020,17712
2313252,01,Cariri,2020,8573
2314003,01,Cariri,2020,40903
2300309,02,Centro Sul,2020,54481
2301802,02,Centro Sul,2020,6303
2303303,02,Centro Sul,2020,18699
2303600,02,Centro Sul,2020,20871
2303808,02,Centro Sul,2020,25585
2305407,02,Centro Sul,2020,68162
2305506,02,Centro Sul,2020,103074
2305704,02,Centro Sul,2020,12485
2307403,02,Centro Sul,2020,24892
2309508,02,Centro Sul,2020,21384
2311355,02,Centro Sul,2020,16147
2311900,02,Centro Sul,2020,15788
2313708,02,Centro Sul,2020,7736
2301000,03,Grande Fortaleza,2020,80935
2303501,03,Grande Fortaleza,2020,72232
2303709,03,Grande Fortaleza,2020,365212
2303956,03,Grande Fortaleza,2020,20274
2304285,03,Grande Fortaleza,2020,54337
2304400,03,Grande Fortaleza,2020,2686612
2304954,03,Grande Fortaleza,2020,26290
2305233,03,Grande Fortaleza,2020,68529
2306256,03,Grande Fortaleza,2020,38325
2307650,03,Grande Fortaleza,2020,229458
2307700,03,Grande Fortaleza,2020,130346
2309607,03,Grande Fortaleza,2020,73188
2309706,03,Grande Fortaleza,2020,84554
2310209,03,Grande Fortaleza,2020,35304
2310258,03,Grande Fortaleza,2020,32992
2310852,03,Grande Fortaleza,2020,20769
2312403,03,Grande Fortaleza,2020,48869
2312601,03,Grande Fortaleza,2020,13044
2313500,03,Grande Fortaleza,2020,56291
2301109,04,Litoral Leste,2020,74975
2302206,04,Litoral Leste,2020,53949
2304459,04,Litoral Leste,2020,16631
2305357,04,Litoral Leste,2020,20060
2306207,04,Litoral Leste,2020,7866
2307007,04,Litoral Leste,2020,33834
2300200,05,Litoral Norte,2020,63104
2302057,05,Litoral Norte,2020,15044
2302305,05,Litoral Norte,2020,32722
2302602,05,Litoral Norte,2020,63907
2303907,05,Litoral Norte,2020,13091
2304251,05,Litoral Norte,2020,24977
2304707,05,Litoral Norte,2020,54962
2306553,05,Litoral Norte,2020,42215
2307254,05,Litoral Norte,2020,20087
2307809,05,Litoral Norte,2020,27595
2307908,05,Litoral Norte,2020,11321
2308906,05,Litoral Norte,2020,22685
2313906,05,Litoral Norte,2020,13915
2300754,06,Litoral Oeste / Vale do Curu,2020,43829
2300903,06,Litoral Oeste / Vale do Curu,2020,14672
2304608,06,Litoral Oeste / Vale do Curu,2020,7694
2306108,06,Litoral Oeste / Vale do Curu,2020,24305
2306306,06,Litoral Oeste / Vale do Curu,2020,53067
2306405,06,Litoral Oeste / Vale do Curu,2020,130539
2308377,06,Litoral Oeste / Vale do Curu,2020,13894
2310704,06,Litoral Oeste / Vale do Curu,2020,37900
2313351,06,Litoral Oeste / Vale do Curu,2020,19371
2313559,06,Litoral Oeste / Vale do Curu,2020,16431
2313757,06,Litoral Oeste / Vale do Curu,2020,19903
2313807,06,Litoral Oeste / Vale do Curu,2020,22040
2300150,07,Maciço do Baturité,2020,15036
2301208,07,Maciço do Baturité,2020,26535
2301406,07,Maciço do Baturité,2020,11802
2301950,07,Maciço do Baturité,2020,22573
2302107,07,Maciço do Baturité,2020,35941
2302909,07,Maciço do Baturité,2020,17786
2305100,07,Maciço do Baturité,2020,5132
2306504,07,Maciço do Baturité,2020,20520
2309102,07,Maciço do Baturité,2020,10941
2309458,07,Maciço do Baturité,2020,25833
2309805,07,Maciço do Baturité,2020,12288
2310100,07,Maciço do Baturité,2020,13439
2311603,07,Maciço do Baturité,2020,29146
2303402,08,Serra da Ibiapaba,2020,17685
2304236,08,Serra da Ibiapaba,2020,18133
2305001,08,Serra da Ibiapaba,2020,40784
2305308,08,Serra da Ibiapaba,2020,25082
2305803,08,Serra da Ibiapaba,2020,42058
2312304,08,Serra da Ibiapaba,2020,48131
2313401,08,Serra da Ibiapaba,2020,76537
2313609,08,Serra da Ibiapaba,2020,35047
2314102,08,Serra da Ibiapaba,2020,61410
2301851,09,Sertão Central,2020,18256
2303931,09,Sertão Central,2020,13565
2304269,09,Sertão Central,2020,9662
2305266,09,Sertão Central,2020,13369
2305332,09,Sertão Central,2020,12629
2308351,09,Sertão Central,2020,13142
2308500,09,Sertão Central,2020,43858
2310506,09,Sertão Central,2020,43309
2310902,09,Sertão Central,2020,17086
2311306,09,Sertão Central,2020,88321
2311405,09,Sertão Central,2020,81778
2312700,09,Sertão Central,2020,25456
2313005,09,Sertão Central,2020,18357
2302404,10,Sertão de Canindé,2020,54577
2302800,10,Sertão de Canindé,2020,77244
2303006,10,Sertão de Canindé,2020,22782
2306603,10,Sertão de Canindé,2020,21836
2307635,10,Sertão de Canindé,2020,19864
2310407,10,Sertão de Canindé,2020,12252
2300507,11,Sertão de Sobral,2020,11781
2303105,11,Sertão de Sobral,2020,18459
2304004,11,Sertão de Sobral,2020,23239
2304350,11,Sertão de Sobral,2020,24452
2304509,11,Sertão de Sobral,2020,14134
2304657,11,Sertão de Sobral,2020,14407
2304905,11,Sertão de Sobral,2020,11144
2308005,11,Sertão de Sobral,2020,39044
2308203,11,Sertão de Sobral,2020,15185
2308807,11,Sertão de Sobral,2020,8779
2309003,11,Sertão de Sobral,2020,14549
2309904,11,Sertão de Sobral,2020,6549
2310951,11,Sertão de Sobral,2020,11001
2311702,11,Sertão de Sobral,2020,18385
2312007,11,Sertão de Sobral,2020,32654
2312809,11,Sertão de Sobral,2020,7691
2312908,11,Sertão de Sobral,2020,210711
2313955,11,Sertão de Sobral,2020,18471
2301257,12,Sertão dos Crateús,2020,10959
2303659,12,Sertão dos Crateús,2020,10376
2304103,12,Sertão dos Crateús,2020,75159
2305209,12,Sertão dos Crateús,2020,20053
2305605,12,Sertão dos Crateús,2020,26187
2305654,12,Sertão dos Crateús,2020,11596
2305902,12,Sertão dos Crateús,2020,38114
2308609,12,Sertão dos Crateús,2020,17249
2309300,12,Sertão dos Crateús,2020,32408
2309409,12,Sertão dos Crateús,2020,28673
2311009,12,Sertão dos Crateús,2020,12347
2312205,12,Sertão dos Crateús,2020,43711
2313203,12,Sertão dos Crateús,2020,26225
2300408,13,Sertão dos Inhamuns,2020,17493
2301505,13,Sertão dos Inhamuns,2020,7844
2310308,13,Sertão dos Inhamuns,2020,31455
2311264,13,Sertão dos Inhamuns,2020,21166
2313302,13,Sertão dos Inhamuns,2020,59062
2300705,14,Vale do Jaguaribe,2020,17196
2304277,14,Vale do Jaguaribe,2020,7225
2306009,14,Vale do Jaguaribe,2020,14326
2306702,14,Vale do Jaguaribe,2020,18147
2306801,14,Vale do Jaguaribe,2020,11492
2306900,14,Vale do Jaguaribe,2020,34636
2307601,14,Vale do Jaguaribe,2020,59890
2308708,14,Vale do Jaguaribe,2020,61738
2310001,14,Vale do Jaguaribe,2020,9422
2310803,14,Vale do Jaguaribe,2020,16331
2311231,14,Vale do Jaguaribe,2020,6437
2311504,14,Vale do Jaguaribe,2020,22293
2311801,14,Vale do Jaguaribe,2020,78882
2312502,14,Vale do Jaguaribe,2020,7601
2313104,14,Vale do Jaguaribe,2020,30807
2300101,01,Cariri,2021,11965
2300606,01,Cariri,2021,7712
2300804,01,Cariri,2021,7402
2301307,01,Cariri,2021,21707
2301604,01,Cariri,2021,23537
2301703,01,Cariri,2021,24567
2301901,01,Cariri,2021,61662
2302008,01,Cariri,2021,22834
2302503,01,Cariri,2021,50195
2302701,01,Cariri,2021,27513
2303204,01,Cariri,2021,27008
2304202,01,Cariri,2021,133913
2304301,01,Cariri,2021,19330
2304806,01,Cariri,2021,4784
2307106,01,Cariri,2021,27187
2307205,01,Cariri,2021,8150
2307304,01,Cariri,2021,278264
2307502,01,Cariri,2021,31476
2308104,01,Cariri,2021,48370
2308302,01,Cariri,2021,27413
2308401,01,Cariri,2021,35566
2309201,01,Cariri,2021,15798
2310605,01,Cariri,2021,9207
2311108,01,Cariri,2021,14920
2311207,01,Cariri,2021,11165
2311959,01,Cariri,2021,16714
2312106,01,Cariri,2021,17726
2313252,01,Cariri,2021,8555
2314003,01,Cariri,2021,41078
2300309,02,Centro Sul,2021,54687
2301802,02,Centro Sul,2021,6318
2303303,02,Centro Sul,2021,18700
2303600,02,Centro Sul,2021,21041
2303808,02,Centro Sul,2021,25612
2305407,02,Centro Sul,2021,68303
2305506,02,Centro Sul,2021,103633
2305704,02,Centro Sul,2021,12507
2307403,02,Centro Sul,2021,24949
2309508,02,Centro Sul,2021,21342
2311355,02,Centro Sul,2021,16116
2311900,02,Centro Sul,2021,15757
2313708,02,Centro Sul,2021,7740
2301000,03,Grande Fortaleza,2021,81581
2303501,03,Grande Fortaleza,2021,72706
2303709,03,Grande Fortaleza,2021,368918
2303956,03,Grande Fortaleza,2021,20286
2304285,03,Grande Fortaleza,2021,55035
2304400,03,Grande Fortaleza,2021,2703391
2304954,03,Grande Fortaleza,2021,26508
2305233,03,Grande Fortaleza,2021,69688
2306256,03,Grande Fortaleza,2021,38661
2307650,03,Grande Fortaleza,2021,230986
2307700,03,Grande Fortaleza,2021,131677
2309607,03,Grande Fortaleza,2021,74145
2309706,03,Grande Fortaleza,2021,85647
2310209,03,Grande Fortaleza,2021,35526
2310258,03,Grande Fortaleza,2021,33232
2310852,03,Grande Fortaleza,2021,20964
2312403,03,Grande Fortaleza,2021,49306
2312601,03,Grande Fortaleza,2021,13086
2313500,03,Grande Fortaleza,2021,56653
2301109,04,Litoral Leste,2021,75392
2302206,04,Litoral Leste,2021,54315
2304459,04,Litoral Leste,2021,16776
2305357,04,Litoral Leste,2021,20183
2306207,04,Litoral Leste,2021,7904
2307007,04,Litoral Leste,2021,33960
2300200,05,Litoral Norte,2021,63556
2302057,05,Litoral Norte,2021,15069
2302305,05,Litoral Norte,2021,32851
2302602,05,Litoral Norte,2021,64147
2303907,05,Litoral Norte,2021,13112
2304251,05,Litoral Norte,2021,25121
2304707,05,Litoral Norte,2021,55170
2306553,05,Litoral Norte,2021,42595
2307254,05,Litoral Norte,2021,20351
2307809,05,Litoral Norte,2021,27822
2307908,05,Litoral Norte,2021,11407
2308906,05,Litoral Norte,2021,22830
2313906,05,Litoral Norte,2021,13988
2300754,06,Litoral Oeste / Vale do Curu,2021,44195
2300903,06,Litoral Oeste / Vale do Curu,2021,14742
2304608,06,Litoral Oeste / Vale do Curu,2021,7767
2306108,06,Litoral Oeste / Vale do Curu,2021,24450
2306306,06,Litoral Oeste / Vale do Curu,2021,53448
2306405,06,Litoral Oeste / Vale do Curu,2021,131687
2308377,06,Litoral Oeste / Vale do Curu,2021,13965
2310704,06,Litoral Oeste / Vale do Curu,2021,38045
2313351,06,Litoral Oeste / Vale do Curu,2021,19551
2313559,06,Litoral Oeste / Vale do Curu,2021,16588
2313757,06,Litoral Oeste / Vale do Curu,2021,19976
2313807,06,Litoral Oeste / Vale do Curu,2021,22223
2300150,07,Maciço do Baturité,2021,15140
2301208,07,Maciço do Baturité,2021,26600
2301406,07,Maciço do Baturité,2021,11759
2301950,07,Maciço do Baturité,2021,22715
2302107,07,Maciço do Baturité,2021,36127
2302909,07,Maciço do Baturité,2021,17830
2305100,07,Maciço do Baturité,2021,5073
2306504,07,Maciço do Baturité,2021,20653
2309102,07,Maciço do Baturité,2021,11056
2309458,07,Maciço do Baturité,2021,25958
2309805,07,Maciço do Baturité,2021,12313
2310100,07,Maciço do Baturité,2021,13553
2311603,07,Maciço do Baturité,2021,29238
2303402,08,Serra da Ibiapaba,2021,17763
2304236,08,Serra da Ibiapaba,2021,18201
2305001,08,Serra da Ibiapaba,2021,40921
2305308,08,Serra da Ibiapaba,2021,25165
2305803,08,Serra da Ibiapaba,2021,42148
2312304,08,Serra da Ibiapaba,2021,48354
2313401,08,Serra da Ibiapaba,2021,77111
2313609,08,Serra da Ibiapaba,2021,35295
2314102,08,Serra da Ibiapaba,2021,61916
2301851,09,Sertão Central,2021,18313
2303931,09,Sertão Central,2021,13608
2304269,09,Sertão Central,2021,9698
2305266,09,Sertão Central,2021,13385
2305332,09,Sertão Central,2021,12730
2308351,09,Sertão Central,2021,13129
2308500,09,Sertão Central,2021,43917
2310506,09,Sertão Central,2021,43359
2310902,09,Sertão Central,2021,17210
2311306,09,Sertão Central,2021,88899
2311405,09,Sertão Central,2021,82455
2312700,09,Sertão Central,2021,25418
2313005,09,Sertão Central,2021,18389
2302404,10,Sertão de Canindé,2021,54680
2302800,10,Sertão de Canindé,2021,77484
2303006,10,Sertão de Canindé,2021,23011
2306603,10,Sertão de Canindé,2021,22018
2307635,10,Sertão de Canindé,2021,20031
2310407,10,Sertão de Canindé,2021,12276
2300507,11,Sertão de Sobral,2021,11846
2303105,11,Sertão de Sobral,2021,18470
2304004,11,Sertão de Sobral,2021,23340
2304350,11,Sertão de Sobral,2021,24680
2304509,11,Sertão de Sobral,2021,14195
2304657,11,Sertão de Sobral,2021,14415
2304905,11,Sertão de Sobral,2021,11219
2308005,11,Sertão de Sobral,2021,39341
2308203,11,Sertão de Sobral,2021,15309
2308807,11,Sertão de Sobral,2021,8833
2309003,11,Sertão de Sobral,2021,14561
2309904,11,Sertão de Sobral,2021,6565
2310951,11,Sertão de Sobral,2021,11052
2311702,11,Sertão de Sobral,2021,18279
2312007,11,Sertão de Sobral,2021,32851
2312809,11,Sertão de Sobral,2021,7758
2312908,11,Sertão de Sobral,2021,212437
2313955,11,Sertão de Sobral,2021,18520
2301257,12,Sertão dos Crateús,2021,10983
2303659,12,Sertão dos Crateús,2021,10410
2304103,12,Sertão dos Crateús,2021,75241
2305209,12,Sertão dos Crateús,2021,20126
2305605,12,Sertão dos Crateús,2021,26196
2305654,12,Sertão dos Crateús,2021,11597
2305902,12,Sertão dos Crateús,2021,38064
2308609,12,Sertão dos Crateús,2021,17264
2309300,12,Sertão dos Crateús,2021,32487
2309409,12,Sertão dos Crateús,2021,28737
2311009,12,Sertão dos Crateús,2021,12358
2312205,12,Sertão dos Crateús,2021,43719
2313203,12,Sertão dos Crateús,2021,26199
2300408,13,Sertão dos Inhamuns,2021,17584
2301505,13,Sertão dos Inhamuns,2021,7848
2310308,13,Sertão dos Inhamuns,2021,31391
2311264,13,Sertão dos Inhamuns,2021,21246
2313302,13,Sertão dos Inhamuns,2021,59259
2300705,14,Vale do Jaguaribe,2021,16077
2304277,14,Vale do Jaguaribe,2021,7254
2306009,14,Vale do Jaguaribe,2021,14351
2306702,14,Vale do Jaguaribe,2021,18133
2306801,14,Vale do Jaguaribe,2021,11580
2306900,14,Vale do Jaguaribe,2021,34592
2307601,14,Vale do Jaguaribe,2021,60232
2308708,14,Vale do Jaguaribe,2021,61590
2310001,14,Vale do Jaguaribe,2021,9458
2310803,14,Vale do Jaguaribe,2021,16356
2311231,14,Vale do Jaguaribe,2021,6455
2311504,14,Vale do Jaguaribe,2021,22432
2311801,14,Vale do Jaguaribe,2021,79550
2312502,14,Vale do Jaguaribe,2021,7557
2313104,14,Vale do Jaguaribe,2021,32079
2300101,01,Cariri,2024,10282
2300606,01,Cariri,2024,6970
2300804,01,Cariri,2024,7484
2301307,01,Cariri,2024,20223
2301604,01,Cariri,2024,22212
2301703,01,Cariri,2024,24267
2301901,01,Cariri,2024,80217
2302008,01,Cariri,2024,19669
2302503,01,Cariri,2024,53778
2302701,01,Cariri,2024,26082
2303204,01,Cariri,2024,27482
2304202,01,Cariri,2024,138232
2304301,01,Cariri,2024,18557
2304806,01,Cariri,2024,4960
2307106,01,Cariri,2024,28707
2307205,01,Cariri,2024,8100
2307304,01,Cariri,2024,303004
2307502,01,Cariri,2024,32123
2308104,01,Cariri,2024,47406
2308302,01,Cariri,2024,26860
2308401,01,Cariri,2024,38767
2309201,01,Cariri,2024,15960
2310605,01,Cariri,2024,9308
2311108,01,Cariri,2024,17745
2311207,01,Cariri,2024,8926
2311959,01,Cariri,2024,17220
2312106,01,Cariri,2024,17388
2313252,01,Cariri,2024,7626
2314003,01,Cariri,2024,40771
2300309,02,Centro Sul,2024,46215
2301802,02,Centro Sul,2024,5832
2303303,02,Centro Sul,2024,17333
2303600,02,Centro Sul,2024,9577
2303808,02,Centro Sul,2024,22678
2305407,02,Centro Sul,2024,64802
2305506,02,Centro Sul,2024,102251
2305704,02,Centro Sul,2024,12441
2307403,02,Centro Sul,2024,24591
2309508,02,Centro Sul,2024,20019
2311355,02,Centro Sul,2024,16992
2311900,02,Centro Sul,2024,14036
2313708,02,Centro Sul,2024,6993
2301000,03,Grande Fortaleza,2024,84737
2303501,03,Grande Fortaleza,2024,76365
2303709,03,Grande Fortaleza,2024,375730
2303956,03,Grande Fortaleza,2024,20763
2304285,03,Grande Fortaleza,2024,80304
2304400,03,Grande Fortaleza,2024,2574412
2304954,03,Grande Fortaleza,2024,25085
2305233,03,Grande Fortaleza,2024,79934
2306256,03,Grande Fortaleza,2024,70679
2307650,03,Grande Fortaleza,2024,249684
2307700,03,Grande Fortaleza,2024,108937
2309607,03,Grande Fortaleza,2024,74825
2309706,03,Grande Fortaleza,2024,85873
2310209,03,Grande Fortaleza,2024,41447
2310258,03,Grande Fortaleza,2024,33896
2310852,03,Grande Fortaleza,2024,24607
2312403,03,Grande Fortaleza,2024,57499
2312601,03,Grande Fortaleza,2024,10962
2313500,03,Grande Fortaleza,2024,61516
2301109,04,Litoral Leste,2024,78752
2302206,04,Litoral Leste,2024,55666
2304459,04,Litoral Leste,2024,18052
2305357,04,Litoral Leste,2024,22367
2306207,04,Litoral Leste,2024,7779
2307007,04,Litoral Leste,2024,33070
2300200,05,Litoral Norte,2024,68758
2302057,05,Litoral Norte,2024,14977
2302305,05,Litoral Norte,2024,34441
2302602,05,Litoral Norte,2024,65031
2303907,05,Litoral Norte,2024,12805
2304251,05,Litoral Norte,2024,31847
2304707,05,Litoral Norte,2024,55633
2306553,05,Litoral Norte,2024,45465
2307254,05,Litoral Norte,2024,27662
2307809,05,Litoral Norte,2024,27064
2307908,05,Litoral Norte,2024,11232
2308906,05,Litoral Norte,2024,23608
2313906,05,Litoral Norte,2024,14243
2300754,06,Litoral Oeste / Vale do Curu,2024,44342
2300903,06,Litoral Oeste / Vale do Curu,2024,13219
2304608,06,Litoral Oeste / Vale do Curu,2024,6924
2306108,06,Litoral Oeste / Vale do Curu,2024,24751
2306306,06,Litoral Oeste / Vale do Curu,2024,49086
2306405,06,Litoral Oeste / Vale do Curu,2024,137892
2308377,06,Litoral Oeste / Vale do Curu,2024,14736
2310704,06,Litoral Oeste / Vale do Curu,2024,39715
2313351,06,Litoral Oeste / Vale do Curu,2024,17626
2313559,06,Litoral Oeste / Vale do Curu,2024,15457
2313757,06,Litoral Oeste / Vale do Curu,2024,17804
2313807,06,Litoral Oeste / Vale do Curu,2024,21279
2300150,07,Maciço do Baturité,2024,14306
2301208,07,Maciço do Baturité,2024,26696
2301406,07,Maciço do Baturité,2024,11459
2301950,07,Maciço do Baturité,2024,23351
2302107,07,Maciço do Baturité,2024,36978
2302909,07,Maciço do Baturité,2024,17760
2305100,07,Maciço do Baturité,2024,5819
2306504,07,Maciço do Baturité,2024,18228
2309102,07,Maciço do Baturité,2024,10993
2309458,07,Maciço do Baturité,2024,25218
2309805,07,Maciço do Baturité,2024,11442
2310100,07,Maciço do Baturité,2024,10339
2311603,07,Maciço do Baturité,2024,28359
2303402,08,Serra da Ibiapaba,2024,17758
2304236,08,Serra da Ibiapaba,2024,18007
2305001,08,Serra da Ibiapaba,2024,44294
2305308,08,Serra da Ibiapaba,2024,24649
2305803,08,Serra da Ibiapaba,2024,42968
2312304,08,Serra da Ibiapaba,2024,49829
2313401,08,Serra da Ibiapaba,2024,86137
2313609,08,Serra da Ibiapaba,2024,34312
2314102,08,Serra da Ibiapaba,2024,62609
2301851,09,Sertão Central,2024,17654
2303931,09,Sertão Central,2024,12380
2304269,09,Sertão Central,2024,9172
2305266,09,Sertão Central,2024,12191
2305332,09,Sertão Central,2024,11979
2308351,09,Sertão Central,2024,14635
2308500,09,Sertão Central,2024,38649
2310506,09,Sertão Central,2024,42257
2310902,09,Sertão Central,2024,17202
2311306,09,Sertão Central,2024,88483
2311405,09,Sertão Central,2024,85797
2312700,09,Sertão Central,2024,25143
2313005,09,Sertão Central,2024,18736
2302404,10,Sertão de Canindé,2024,52169
2302800,10,Sertão de Canindé,2024,77207
2303006,10,Sertão de Canindé,2024,16419
2306603,10,Sertão de Canindé,2024,21087
2307635,10,Sertão de Canindé,2024,17264
2310407,10,Sertão de Canindé,2024,10528
2300507,11,Sertão de Sobral,2024,11754
2303105,11,Sertão de Sobral,2024,18075
2304004,11,Sertão de Sobral,2024,21438
2304350,11,Sertão de Sobral,2024,25127
2304509,11,Sertão de Sobral,2024,16362
2304657,11,Sertão de Sobral,2024,14174
2304905,11,Sertão de Sobral,2024,11313
2308005,11,Sertão de Sobral,2024,39633
2308203,11,Sertão de Sobral,2024,15749
2308807,11,Sertão de Sobral,2024,8516
2309003,11,Sertão de Sobral,2024,14009
2309904,11,Sertão de Sobral,2024,6345
2310951,11,Sertão de Sobral,2024,10952
2311702,11,Sertão de Sobral,2024,19059
2312007,11,Sertão de Sobral,2024,32043
2312809,11,Sertão de Sobral,2024,7519
2312908,11,Sertão de Sobral,2024,215286
2313955,11,Sertão de Sobral,2024,18660
2301257,12,Sertão dos Crateús,2024,11485
2303659,12,Sertão dos Crateús,2024,10817
2304103,12,Sertão dos Crateús,2024,79809
2305209,12,Sertão dos Crateús,2024,18225
2305605,12,Sertão dos Crateús,2024,24530
2305654,12,Sertão dos Crateús,2024,11937
2305902,12,Sertão dos Crateús,2024,38285
2308609,12,Sertão dos Crateús,2024,17664
2309300,12,Sertão dos Crateús,2024,32014
2309409,12,Sertão dos Crateús,2024,29043
2311009,12,Sertão dos Crateús,2024,12423
2312205,12,Sertão dos Crateús,2024,41647
2313203,12,Sertão dos Crateús,2024,25331
2300408,13,Sertão dos Inhamuns,2024,14220
2301505,13,Sertão dos Inhamuns,2024,7619
2310308,13,Sertão dos Inhamuns,2024,32816
2311264,13,Sertão dos Inhamuns,2024,20506
2313302,13,Sertão dos Inhamuns,2024,64255
2300705,14,Vale do Jaguaribe,2024,14418
2304277,14,Vale do Jaguaribe,2024,6393
2306009,14,Vale do Jaguaribe,2024,14411
2306702,14,Vale do Jaguaribe,2024,17625
2306801,14,Vale do Jaguaribe,2024,10656
2306900,14,Vale do Jaguaribe,2024,35124
2307601,14,Vale do Jaguaribe,2024,62285
2308708,14,Vale do Jaguaribe,2024,65323
2310001,14,Vale do Jaguaribe,2024,9671
2310803,14,Vale do Jaguaribe,2024,15869
2311231,14,Vale do Jaguaribe,2024,6129
2311504,14,Vale do Jaguaribe,2024,21607
2311801,14,Vale do Jaguaribe,2024,74582
2312502,14,Vale do Jaguaribe,2024,5792
2313104,14,Vale do Jaguaribe,2024,32044
2300101,01,Cariri,2025,10269
2300606,01,Cariri,2025,6974
2300804,01,Cariri,2025,7507
2301307,01,Cariri,2025,20194
2301604,01,Cariri,2025,22195
2301703,01,Cariri,2025,24244
2301901,01,Cariri,2025,81441
2302008,01,Cariri,2025,19569
2302503,01,Cariri,2025,54192
2302701,01,Cariri,2025,26049
2303204,01,Cariri,2025,27532
2304202,01,Cariri,2025,139027
2304301,01,Cariri,2025,18498
2304806,01,Cariri,2025,4955
2307106,01,Cariri,2025,28801
2307205,01,Cariri,2025,8114
2307304,01,Cariri,2025,305531
2307502,01,Cariri,2025,32163
2308104,01,Cariri,2025,47501
2308302,01,Cariri,2025,26819
2308401,01,Cariri,2025,38997
2309201,01,Cariri,2025,16045
2310605,01,Cariri,2025,9357
2311108,01,Cariri,2025,17877
2311207,01,Cariri,2025,8854
2311959,01,Cariri,2025,17303
2312106,01,Cariri,2025,17391
2313252,01,Cariri,2025,7574
2314003,01,Cariri,2025,40878
2300309,02,Centro Sul,2025,45937
2301802,02,Centro Sul,2025,5821
2303303,02,Centro Sul,2025,17277
2303600,02,Centro Sul,2025,9110
2303808,02,Centro Sul,2025,22564
2305407,02,Centro Sul,2025,64745
2305506,02,Centro Sul,2025,102588
2305704,02,Centro Sul,2025,12459
2307403,02,Centro Sul,2025,24624
2309508,02,Centro Sul,2025,19943
2311355,02,Centro Sul,2025,16998
2311900,02,Centro Sul,2025,13943
2313708,02,Centro Sul,2025,6963
2301000,03,Grande Fortaleza,2025,85316
2303501,03,Grande Fortaleza,2025,76866
2303709,03,Grande Fortaleza,2025,378406
2303956,03,Grande Fortaleza,2025,20808
2304285,03,Grande Fortaleza,2025,82016
2304400,03,Grande Fortaleza,2025,2578483
2304954,03,Grande Fortaleza,2025,25158
2305233,03,Grande Fortaleza,2025,81161
2306256,03,Grande Fortaleza,2025,72512
2307650,03,Grande Fortaleza,2025,251613
2307700,03,Grande Fortaleza,2025,108622
2309607,03,Grande Fortaleza,2025,75454
2309706,03,Grande Fortaleza,2025,86564
2310209,03,Grande Fortaleza,2025,41894
2310258,03,Grande Fortaleza,2025,34086
2310852,03,Grande Fortaleza,2025,24919
2312403,03,Grande Fortaleza,2025,58191
2312601,03,Grande Fortaleza,2025,10888
2313500,03,Grande Fortaleza,2025,62004
2301109,04,Litoral Leste,2025,79205
2302206,04,Litoral Leste,2025,55977
2304459,04,Litoral Leste,2025,18213
2305357,04,Litoral Leste,2025,22562
2306207,04,Litoral Leste,2025,7801
2307007,04,Litoral Leste,2025,33115
2300200,05,Litoral Norte,2025,69317
2302057,05,Litoral Norte,2025,14998
2302305,05,Litoral Norte,2025,34613
2302602,05,Litoral Norte,2025,65251
2303907,05,Litoral Norte,2025,12811
2304251,05,Litoral Norte,2025,32288
2304707,05,Litoral Norte,2025,55809
2306553,05,Litoral Norte,2025,45852
2307254,05,Litoral Norte,2025,28198
2307809,05,Litoral Norte,2025,27177
2307908,05,Litoral Norte,2025,11280
2308906,05,Litoral Norte,2025,23747
2313906,05,Litoral Norte,2025,14308
2300754,06,Litoral Oeste / Vale do Curu,2025,44584
2300903,06,Litoral Oeste / Vale do Curu,2025,13193
2304608,06,Litoral Oeste / Vale do Curu,2025,6929
2306108,06,Litoral Oeste / Vale do Curu,2025,24867
2306306,06,Litoral Oeste / Vale do Curu,2025,49073
2306405,06,Litoral Oeste / Vale do Curu,2025,138978
2308377,06,Litoral Oeste / Vale do Curu,2025,14826
2310704,06,Litoral Oeste / Vale do Curu,2025,39903
2313351,06,Litoral Oeste / Vale do Curu,2025,17646
2313559,06,Litoral Oeste / Vale do Curu,2025,15524
2313757,06,Litoral Oeste / Vale do Curu,2025,17751
2313807,06,Litoral Oeste / Vale do Curu,2025,21331
2300150,07,Maciço do Baturité,2025,14340
2301208,07,Maciço do Baturité,2025,26752
2301406,07,Maciço do Baturité,2025,11427
2301950,07,Maciço do Baturité,2025,23474
2302107,07,Maciço do Baturité,2025,37147
2302909,07,Maciço do Baturité,2025,17795
2305100,07,Maciço do Baturité,2025,5826
2306504,07,Maciço do Baturité,2025,18197
2309102,07,Maciço do Baturité,2025,11064
2309458,07,Maciço do Baturité,2025,25272
2309805,07,Maciço do Baturité,2025,11421
2310100,07,Maciço do Baturité,2025,10252
2311603,07,Maciço do Baturité,2025,28382
2303402,08,Serra da Ibiapaba,2025,17815
2304236,08,Serra da Ibiapaba,2025,18050
2305001,08,Serra da Ibiapaba,2025,44565
2305308,08,Serra da Ibiapaba,2025,24689
2305803,08,Serra da Ibiapaba,2025,43084
2312304,08,Serra da Ibiapaba,2025,50058
2313401,08,Serra da Ibiapaba,2025,86968
2313609,08,Serra da Ibiapaba,2025,34424
2314102,08,Serra da Ibiapaba,2025,62972
2301851,09,Sertão Central,2025,17667
2303931,09,Sertão Central,2025,12352
2304269,09,Sertão Central,2025,9173
2305266,09,Sertão Central,2025,12149
2305332,09,Sertão Central,2025,12008
2308351,09,Sertão Central,2025,14713
2308500,09,Sertão Central,2025,38451
2310506,09,Sertão Central,2025,42227
2310902,09,Sertão Central,2025,17285
2311306,09,Sertão Central,2025,88846
2311405,09,Sertão Central,2025,86431
2312700,09,Sertão Central,2025,25108
2313005,09,Sertão Central,2025,18785
2302404,10,Sertão de Canindé,2025,52133
2302800,10,Sertão de Canindé,2025,77376
2303006,10,Sertão de Canindé,2025,16234
2306603,10,Sertão de Canindé,2025,21160
2307635,10,Sertão de Canindé,2025,17235
2310407,10,Sertão de Canindé,2025,10462
2300507,11,Sertão de Sobral,2025,11795
2303105,11,Sertão de Sobral,2025,18074
2304004,11,Sertão de Sobral,2025,21417
2304350,11,Sertão de Sobral,2025,25298
2304509,11,Sertão de Sobral,2025,16516
2304657,11,Sertão de Sobral,2025,14176
2304905,11,Sertão de Sobral,2025,11369
2308005,11,Sertão de Sobral,2025,39840
2308203,11,Sertão de Sobral,2025,15853
2308807,11,Sertão de Sobral,2025,8537
2309003,11,Sertão de Sobral,2025,13999
2309904,11,Sertão de Sobral,2025,6348
2310951,11,Sertão de Sobral,2025,10984
2311702,11,Sertão de Sobral,2025,19051
2312007,11,Sertão de Sobral,2025,32133
2312809,11,Sertão de Sobral,2025,7551
2312908,11,Sertão de Sobral,2025,216519
2313955,11,Sertão de Sobral,2025,18708
2301257,12,Sertão dos Crateús,2025,11532
2303659,12,Sertão dos Crateús,2025,10864
2304103,12,Sertão dos Crateús,2025,80130
2305209,12,Sertão dos Crateús,2025,18186
2305605,12,Sertão dos Crateús,2025,24463
2305654,12,Sertão dos Crateús,2025,11963
2305902,12,Sertão dos Crateús,2025,38287
2308609,12,Sertão dos Crateús,2025,17705
2309300,12,Sertão dos Crateús,2025,32053
2309409,12,Sertão dos Crateús,2025,29097
2311009,12,Sertão dos Crateús,2025,12441
2312205,12,Sertão dos Crateús,2025,41569
2313203,12,Sertão dos Crateús,2025,25287
2300408,13,Sertão dos Inhamuns,2025,14115
2301505,13,Sertão dos Inhamuns,2025,7615
2310308,13,Sertão dos Inhamuns,2025,32867
2311264,13,Sertão dos Inhamuns,2025,20545
2313302,13,Sertão dos Inhamuns,2025,64655
2300705,14,Vale do Jaguaribe,2025,14372
2304277,14,Vale do Jaguaribe,2025,6381
2306009,14,Vale do Jaguaribe,2025,14440
2306702,14,Vale do Jaguaribe,2025,17604
2306801,14,Vale do Jaguaribe,2025,10668
2306900,14,Vale do Jaguaribe,2025,35143
2307601,14,Vale do Jaguaribe,2025,62623
2308708,14,Vale do Jaguaribe,2025,65390
2310001,14,Vale do Jaguaribe,2025,9709
2310803,14,Vale do Jaguaribe,2025,15858
2311231,14,Vale do Jaguaribe,2025,6128
2311504,14,Vale do Jaguaribe,2025,21659
2311801,14,Vale do Jaguaribe,2025,74834
2312502,14,Vale do Jaguaribe,2025,5683
2313104,14,Vale do Jaguaribe,2025,32122
