ano,elemento,cod,regiao,empenhado,pago
2015,equip,01,REGIÃO METROPOLITANA DE FORTALEZA,257553669.6,240358904.85
2015,equip,02,LITORAL OESTE,2610485.84,1495879.74
2015,equip,03,SOBRAL / IBIAPABA,6294801.04,4330098.35
2015,equip,04,SERTÃO DE INHAMUNS,8486376.21,7433327.64
2015,equip,05,SERTÃO CENTRAL,30173497.81,12294176.2
2015,equip,06,BATURITÉ,2300867.22,967435.17
2015,equip,07,LITORAL LESTE / JAGUARIBE,1714931.16,1323429.19
2015,equip,08,CARIRI / CENTRO SUL,8751245.44,6309044.34
2015,equip,22,ESTADO DO CEARÁ,11836827.9,5520247.66
2016,equip,01,CARIRI,7667621.22,5881860.79
2016,equip,02,CENTRO SUL,2990984.47,2276447.96
2016,equip,03,GRANDE FORTALEZA,137739065.49,116831523.53
2016,equip,04,LITORAL LESTE,2865054.72,1942848.68
2016,equip,05,LITORAL NORTE,5614374.84,5153435.22
2016,equip,06,LITORAL OESTE / VALE DO CURU,2817200.78,2378698.83
2016,equip,07,MACIÇO DO BATURITÉ,2086227.91,312335.55
2016,equip,08,SERRA DA IBIAPABA,672899.16,557246.3
2016,equip,09,SERTÃO CENTRAL,13632660.61,10962980.08
2016,equip,10,SERTÃO DE CANINDÉ,3391502.85,2148298.2
2016,equip,11,SERTÃO DE SOBRAL,4196855.77,1701482.7
2016,equip,12,SERTÃO DOS CRATEÚS,1211751.0,860007.05
2016,equip,13,SERTÃO DOS INHAMUNS,1244074.0,1207191.32
2016,equip,14,VALE DO JAGUARIBE,1781693.18,1338274.58
2016,equip,15,ESTADO DO CEARÁ,25214985.66,9425379.03
2017,equip,01,CARIRI,10888032.14,7405513.98
2017,equip,02,CENTRO SUL,2198283.43,1664082.82
2017,equip,03,GRANDE FORTALEZA,199573139.59,133239456.36
2017,equip,04,LITORAL LESTE,6120577.34,4792911.6
2017,equip,05,LITORAL NORTE,11415778.65,10437157.73
2017,equip,06,LITORAL OESTE / VALE DO CURU,6282554.95,3777864.15
2017,equip,07,MACIÇO DO BATURITÉ,2067409.29,1516392.2
2017,equip,08,SERRA DA IBIAPABA,2212289.72,1984561.2
2017,equip,09,SERTÃO CENTRAL,4262480.25,3494151.47
2017,equip,10,SERTÃO DE CANINDÉ,4547640.64,2499328.94
2017,equip,11,SERTÃO DE SOBRAL,6420683.51,4305480.03
2017,equip,12,SERTÃO DOS CRATEÚS,2522493.11,1516434.24
2017,equip,13,SERTÃO DOS INHAMUNS,2068290.86,1296235.9
2017,equip,14,VALE DO JAGUARIBE,3415971.08,2797680.12
2017,equip,15,ESTADO DO CEARÁ,21317804.6,7956718.7
2018,equip,01,CARIRI,16176972.55,14114509.09
2018,equip,02,CENTRO SUL,5142613.92,4628811.77
2018,equip,03,GRANDE FORTALEZA,225283446.01,197591171.0
2018,equip,04,LITORAL LESTE,1529474.55,1298896.92
2018,equip,05,LITORAL NORTE,8344112.85,7704595.15
2018,equip,06,LITORAL OESTE / VALE DO CURU,4321409.72,3567973.94
2018,equip,07,MACIÇO DO BATURITÉ,5029771.2,4421344.19
2018,equip,08,SERRA DA IBIAPABA,4395739.89,3162896.09
2018,equip,09,SERTÃO CENTRAL,9422527.55,8400598.98
2018,equip,10,SERTÃO DE CANINDÉ,2980213.38,2611200.93
2018,equip,11,SERTÃO DE SOBRAL,4932043.89,3376105.43
2018,equip,12,SERTÃO DOS CRATEÚS,6365601.88,4896465.42
2018,equip,13,SERTÃO DOS INHAMUNS,2029353.22,1313925.96
2018,equip,14,VALE DO JAGUARIBE,4484868.58,3951692.88
2018,equip,15,ESTADO DO CEARÁ,39725496.75,27048616.61
2019,equip,01,CARIRI,7297081.33,3008027.03
2019,equip,02,CENTRO SUL,3730808.86,1492790.43
2019,equip,03,GRANDE FORTALEZA,103041220.06,67792073.77
2019,equip,04,LITORAL LESTE,1679922.17,787302.1
2019,equip,05,LITORAL NORTE,2945911.71,1550447.19
2019,equip,06,LITORAL OESTE / VALE DO CURU,1931275.6,896175.56
2019,equip,07,MACIÇO DO BATURITÉ,692367.98,435043.68
2019,equip,08,SERRA DA IBIAPABA,1493573.3,722044.12
2019,equip,09,SERTÃO CENTRAL,3876312.2,2734450.19
2019,equip,10,SERTÃO DE CANINDÉ,1579473.09,993259.55
2019,equip,11,SERTÃO DE SOBRAL,4647023.38,3832950.42
2019,equip,12,SERTÃO DOS CRATEÚS,5273405.83,3674903.91
2019,equip,13,SERTÃO DOS INHAMUNS,887875.34,589790.74
2019,equip,14,VALE DO JAGUARIBE,2494756.39,1135464.31
2019,equip,15,ESTADO DO CEARÁ,46841133.85,32560507.47
2020,equip,01,CARIRI,6673313.86,2697613.39
2020,equip,02,CENTRO SUL,4001317.06,2064826.35
2020,equip,03,GRANDE FORTALEZA,264666663.82,194613741.46
2020,equip,04,LITORAL LESTE,2262530.98,1552339.56
2020,equip,05,LITORAL NORTE,2310467.96,1083313.61
2020,equip,06,LITORAL OESTE / VALE DO CURU,2696071.09,1823569.23
2020,equip,07,MACIÇO DO BATURITÉ,1589959.83,1076645.23
2020,equip,08,SERRA DA IBIAPABA,2820159.64,1569946.17
2020,equip,09,SERTÃO CENTRAL,4322014.97,1831970.92
2020,equip,10,SERTÃO DE CANINDÉ,758127.89,227896.58
2020,equip,11,SERTÃO DE SOBRAL,4853084.28,3293765.99
2020,equip,12,SERTÃO DOS CRATEÚS,2495529.87,1582277.03
2020,equip,13,SERTÃO DOS INHAMUNS,1083718.41,351439.36
2020,equip,14,VALE DO JAGUARIBE,6753134.54,1669512.08
2020,equip,15,ESTADO DO CEARÁ,15586331.59,5485841.57
2021,equip,01,CARIRI,78217528.43,32538859.68
2021,equip,02,CENTRO SUL,26647401.1,9835306.35
2021,equip,03,GRANDE FORTALEZA,409550452.88,136044965.67
2021,equip,04,LITORAL LESTE,12281565.28,3718297.16
2021,equip,05,LITORAL NORTE,33722938.53,8982433.76
2021,equip,06,LITORAL OESTE / VALE DO CURU,28300057.23,9211120.86
2021,equip,07,MACIÇO DO BATURITÉ,20631207.31,4850047.28
2021,equip,08,SERRA DA IBIAPABA,24925225.19,6876212.53
2021,equip,09,SERTÃO CENTRAL,33520774.08,8907259.69
2021,equip,10,SERTÃO DE CANINDÉ,16727751.71,4420790.32
2021,equip,11,SERTÃO DE SOBRAL,35629221.14,9767091.0
2021,equip,12,SERTÃO DOS CRATEÚS,29913350.73,8624238.64
2021,equip,13,SERTÃO DOS INHAMUNS,8558541.4,1949007.43
2021,equip,14,VALE DO JAGUARIBE,44985316.53,15067023.54
2021,equip,15,ESTADO DO CEARÁ,22628730.31,12849142.38
2022,equip,01,CARIRI,65828030.41,49150127.47
2022,equip,02,CENTRO SUL,12235017.32,10211183.95
2022,equip,03,GRANDE FORTALEZA,458843666.73,331299592.68
2022,equip,04,LITORAL LESTE,5013579.48,3935866.59
2022,equip,05,LITORAL NORTE,14269270.23,11468032.03
2022,equip,06,LITORAL OESTE / VALE DO CURU,11387394.84,9534956.79
2022,equip,07,MACIÇO DO BATURITÉ,6134127.68,5159213.53
2022,equip,08,SERRA DA IBIAPABA,11708622.58,7241752.59
2022,equip,09,SERTÃO CENTRAL,14702423.37,11872815.39
2022,equip,10,SERTÃO DE CANINDÉ,7794416.21,5992075.81
2022,equip,11,SERTÃO DE SOBRAL,20292492.65,13558429.45
2022,equip,12,SERTÃO DOS CRATEÚS,13653637.82,8964881.11
2022,equip,13,SERTÃO DOS INHAMUNS,5611049.24,4191238.3
2022,equip,14,VALE DO JAGUARIBE,25348404.04,15968928.95
2022,equip,15,ESTADO DO CEARÁ,60334557.76,26297015.01
2023,equip,01,CARIRI,25457898.54,18736734.21
2023,equip,02,CENTRO SUL,7578869.92,5463997.82
2023,equip,03,GRANDE FORTALEZA,289031069.28,180950063.16
2023,equip,04,LITORAL LESTE,677212.38,468001.13
2023,equip,05,LITORAL NORTE,4458304.06,3002069.94
2023,equip,06,LITORAL OESTE / VALE DO CURU,6350777.34,4658895.26
2023,equip,07,MACIÇO DO BATURITÉ,2421122.08,1582014.22
2023,equip,08,SERRA DA IBIAPABA,5668843.47,3871843.97
2023,equip,09,SERTÃO CENTRAL,9518999.82,7491422.22
2023,equip,10,SERTÃO DE CANINDÉ,4772049.07,3800697.75
2023,equip,11,SERTÃO DE SOBRAL,12587151.93,8412724.79
2023,equip,12,SERTÃO DOS CRATEÚS,11734295.35,8741497.18
2023,equip,13,SERTÃO DOS INHAMUNS,3753744.39,2763611.48
2023,equip,14,VALE DO JAGUARIBE,18901587.49,7744606.63
2023,equip,15,ESTADO DO CEARÁ,67883292.27,48670420.65
2024,equip,01,CARIRI,61637092.01,29619932.15
2024,equip,02,CENTRO SUL,6575485.8,4955654.2
2024,equip,03,GRANDE FORTALEZA,390646726.1,224748057.16
2024,equip,04,LITORAL LESTE,3883597.91,1175002.05
2024,equip,05,LITORAL NORTE,10667512.73,5727341.43
2024,equip,06,LITORAL OESTE / VALE DO CURU,8699831.67,3400466.34
2024,equip,07,MACIÇO DO BATURITÉ,5258173.27,2961887.83
2024,equip,08,SERRA DA IBIAPABA,8138999.32,7369453.92
2024,equip,09,SERTÃO CENTRAL,17525492.85,11169746.81
2024,equip,10,SERTÃO DE CANINDÉ,5018407.51,4192038.95
2024,equip,11,SERTÃO DE SOBRAL,24356604.83,17297704.42
2024,equip,12,SERTÃO DOS CRATEÚS,11761369.8,9611057.27
2024,equip,13,SERTÃO DOS INHAMUNS,4368454.41,2592926.67
2024,equip,14,VALE DO JAGUARIBE,18237365.59,15299433.87
2024,equip,15,ESTADO DO CEARÁ,79540094.58,44033485.42
2025,equip,01,CARIRI,56153475.89,24655367.6
2025,equip,02,CENTRO SUL,16621335.49,7050466.16
2025,equip,03,GRANDE FORTALEZA,371766943.95,186383643.25
2025,equip,04,LITORAL LESTE,3109619.98,1138245.41
2025,equip,05,LITORAL NORTE,9239138.25,2499237.61
2025,equip,06,LITORAL OESTE / VALE DO CURU,8391763.07,2202120.14
2025,equip,07,MACIÇO DO BATURITÉ,4125035.13,602968.98
2025,equip,08,SERRA DA IBIAPABA,7830679.75,1545421.45
2025,equip,09,SERTÃO CENTRAL,9334255.61,2674577.57
2025,equip,10,SERTÃO DE CANINDÉ,7650720.61,2713654.56
2025,equip,11,SERTÃO DE SOBRAL,13089616.64,4227608.44
2025,equip,12,SERTÃO DOS CRATEÚS,11408547.23,4090436.67
2025,equip,13,SERTÃO DOS INHAMUNS,6055368.86,1407539.64
2025,equip,14,VALE DO JAGUARIBE,9525009.12,7247992.48
2025,equip,15,ESTADO DO CEARÁ,35527274.36,14585997.33
2015,obras,01,REGIÃO METROPOLITANA DE FORTALEZA,468767238.31,452178869.49
2015,obras,02,LITORAL OESTE,111895794.94,105952257.13
2015,obras,03,SOBRAL / IBIAPABA,178542132.25,172644438.01
2015,obras,04,SERTÃO DE INHAMUNS,37968510.96,32599819.35
2015,obras,05,SERTÃO CENTRAL,104168953.89,92317723.39
2015,obras,06,BATURITÉ,13050784.37,10529377.04
2015,obras,07,LITORAL LESTE / JAGUARIBE,222047642.87,217027529.38
2015,obras,08,CARIRI / CENTRO SUL,324049450.44,309733147.4
2015,obras,22,ESTADO DO CEARÁ,5835756.78,3299115.46
2016,obras,01,CARIRI,258145445.29,202126992.6
2016,obras,02,CENTRO SUL,50095735.77,49126717.33
2016,obras,03,GRANDE FORTALEZA,363943369.7,352993876.87
2016,obras,04,LITORAL LESTE,29780978.43,28433125.31
2016,obras,05,LITORAL NORTE,25309323.91,24163017.94
2016,obras,06,LITORAL OESTE / VALE DO CURU,60529907.17,58199524.59
2016,obras,07,MACIÇO DO BATURITÉ,53373742.61,50336453.92
2016,obras,08,SERRA DA IBIAPABA,52066648.22,51266312.01
2016,obras,09,SERTÃO CENTRAL,95342282.98,94056926.95
2016,obras,10,SERTÃO DE CANINDÉ,17187403.89,16757312.85
2016,obras,11,SERTÃO DE SOBRAL,22648345.82,20636229.42
2016,obras,12,SERTÃO DOS CRATEÚS,27540700.34,26990427.24
2016,obras,13,SERTÃO DOS INHAMUNS,14545345.79,14337643.7
2016,obras,14,VALE DO JAGUARIBE,73999041.17,72707059.34
2016,obras,15,ESTADO DO CEARÁ,6346690.45,2087706.67
2017,obras,01,CARIRI,340706712.11,296586284.1
2017,obras,02,CENTRO SUL,78002311.26,73954446.96
2017,obras,03,GRANDE FORTALEZA,432611404.57,406553922.91
2017,obras,04,LITORAL LESTE,64705022.96,55446784.13
2017,obras,05,LITORAL NORTE,29652902.3,24855676.68
2017,obras,06,LITORAL OESTE / VALE DO CURU,27465873.35,25431796.68
2017,obras,07,MACIÇO DO BATURITÉ,54821669.65,51248319.55
2017,obras,08,SERRA DA IBIAPABA,30586232.27,27015106.73
2017,obras,09,SERTÃO CENTRAL,66331437.85,61036161.98
2017,obras,10,SERTÃO DE CANINDÉ,14180914.37,12492749.22
2017,obras,11,SERTÃO DE SOBRAL,72011767.97,69733847.52
2017,obras,12,SERTÃO DOS CRATEÚS,65938168.85,61332310.8
2017,obras,13,SERTÃO DOS INHAMUNS,4897543.65,3830778.91
2017,obras,14,VALE DO JAGUARIBE,29249347.47,26012479.08
2017,obras,15,ESTADO DO CEARÁ,6209883.56,3583146.82
2018,obras,01,CARIRI,352716985.5,343386481.82
2018,obras,02,CENTRO SUL,41955442.57,41026091.17
2018,obras,03,GRANDE FORTALEZA,510855499.08,458336522.6
2018,obras,04,LITORAL LESTE,57857267.53,56076926.51
2018,obras,05,LITORAL NORTE,39410913.96,39038387.07
2018,obras,06,LITORAL OESTE / VALE DO CURU,37765130.21,37550422.65
2018,obras,07,MACIÇO DO BATURITÉ,33592650.58,33323692.73
2018,obras,08,SERRA DA IBIAPABA,69061780.9,59384550.05
2018,obras,09,SERTÃO CENTRAL,25053003.08,24602096.32
2018,obras,10,SERTÃO DE CANINDÉ,20191403.18,19269194.75
2018,obras,11,SERTÃO DE SOBRAL,81907538.12,81287210.91
2018,obras,12,SERTÃO DOS CRATEÚS,44561753.68,43767657.92
2018,obras,13,SERTÃO DOS INHAMUNS,14624233.7,14479830.74
2018,obras,14,VALE DO JAGUARIBE,77347167.43,77048512.19
2018,obras,15,ESTADO DO CEARÁ,30712835.56,9909552.21
2019,obras,01,CARIRI,257035725.53,172385582.67
2019,obras,02,CENTRO SUL,29518178.4,27168646.93
2019,obras,03,GRANDE FORTALEZA,586619958.08,417719605.75
2019,obras,04,LITORAL LESTE,51381820.78,46090303.36
2019,obras,05,LITORAL NORTE,16949945.32,14219757.22
2019,obras,06,LITORAL OESTE / VALE DO CURU,21436371.7,20494358.38
2019,obras,07,MACIÇO DO BATURITÉ,12539552.94,10149253.26
2019,obras,08,SERRA DA IBIAPABA,14650645.48,11955786.03
2019,obras,09,SERTÃO CENTRAL,19220042.19,17316010.82
2019,obras,10,SERTÃO DE CANINDÉ,8584298.08,5321201.23
2019,obras,11,SERTÃO DE SOBRAL,37547867.48,34535996.97
2019,obras,12,SERTÃO DOS CRATEÚS,47901033.82,43572071.15
2019,obras,13,SERTÃO DOS INHAMUNS,30487169.34,27770482.04
2019,obras,14,VALE DO JAGUARIBE,109981993.26,103201710.16
2019,obras,15,ESTADO DO CEARÁ,17876741.89,4830440.85
2020,obras,01,CARIRI,410420941.33,227222127.03
2020,obras,02,CENTRO SUL,13248440.99,12537414.12
2020,obras,03,GRANDE FORTALEZA,583701077.84,319606598.03
2020,obras,04,LITORAL LESTE,29386471.33,28093468.3
2020,obras,05,LITORAL NORTE,41906444.91,28164268.35
2020,obras,06,LITORAL OESTE / VALE DO CURU,25659901.79,23102994.64
2020,obras,07,MACIÇO DO BATURITÉ,15168995.78,13916409.6
2020,obras,08,SERRA DA IBIAPABA,4527244.17,2713012.83
2020,obras,09,SERTÃO CENTRAL,25357670.6,23485707.16
2020,obras,10,SERTÃO DE CANINDÉ,27514631.15,26791060.64
2020,obras,11,SERTÃO DE SOBRAL,42488930.79,13590707.44
2020,obras,12,SERTÃO DOS CRATEÚS,29675398.81,21006333.85
2020,obras,13,SERTÃO DOS INHAMUNS,15365649.25,14910006.23
2020,obras,14,VALE DO JAGUARIBE,68877255.18,59955532.7
2020,obras,15,ESTADO DO CEARÁ,13028362.15,2747660.84
2021,obras,01,CARIRI,329460562.94,216471722.96
2021,obras,02,CENTRO SUL,19680287.11,5636768.23
2021,obras,03,GRANDE FORTALEZA,725657935.79,463870956.29
2021,obras,04,LITORAL LESTE,30961312.89,24503763.62
2021,obras,05,LITORAL NORTE,45369419.93,35221906.39
2021,obras,06,LITORAL OESTE / VALE DO CURU,27163412.15,19861405.59
2021,obras,07,MACIÇO DO BATURITÉ,6489604.93,5385156.17
2021,obras,08,SERRA DA IBIAPABA,19969599.07,14326243.18
2021,obras,09,SERTÃO CENTRAL,28827772.55,25167309.95
2021,obras,10,SERTÃO DE CANINDÉ,20478095.01,18346873.86
2021,obras,11,SERTÃO DE SOBRAL,50523628.83,29459613.09
2021,obras,12,SERTÃO DOS CRATEÚS,65084794.82,42288953.41
2021,obras,13,SERTÃO DOS INHAMUNS,12485653.7,9904937.28
2021,obras,14,VALE DO JAGUARIBE,45199292.15,29290420.31
2021,obras,15,ESTADO DO CEARÁ,17784040.97,10340598.46
2022,obras,01,CARIRI,314542897.42,302258459.77
2022,obras,02,CENTRO SUL,20208799.65,18413160.61
2022,obras,03,GRANDE FORTALEZA,600119912.51,572243702.46
2022,obras,04,LITORAL LESTE,12734085.49,11106869.64
2022,obras,05,LITORAL NORTE,15508186.89,14043379.43
2022,obras,06,LITORAL OESTE / VALE DO CURU,58893826.73,57322826.22
2022,obras,07,MACIÇO DO BATURITÉ,14029895.48,11037661.93
2022,obras,08,SERRA DA IBIAPABA,12435758.92,11987814.57
2022,obras,09,SERTÃO CENTRAL,103219382.25,101583930.35
2022,obras,10,SERTÃO DE CANINDÉ,18012131.48,16307399.27
2022,obras,11,SERTÃO DE SOBRAL,61642785.21,58858980.66
2022,obras,12,SERTÃO DOS CRATEÚS,59735576.3,55236002.06
2022,obras,13,SERTÃO DOS INHAMUNS,16616730.51,16217367.77
2022,obras,14,VALE DO JAGUARIBE,55253076.67,49445904.36
2022,obras,15,ESTADO DO CEARÁ,21745391.99,18747329.31
2023,obras,01,CARIRI,253249042.72,238254734.5
2023,obras,02,CENTRO SUL,17538394.14,12532981.14
2023,obras,03,GRANDE FORTALEZA,602949972.89,526501539.71
2023,obras,04,LITORAL LESTE,10407771.4,7655764.96
2023,obras,05,LITORAL NORTE,21066046.94,16466044.1
2023,obras,06,LITORAL OESTE / VALE DO CURU,31814421.41,29500137.97
2023,obras,07,MACIÇO DO BATURITÉ,11494100.5,8500630.17
2023,obras,08,SERRA DA IBIAPABA,13266247.15,10518319.01
2023,obras,09,SERTÃO CENTRAL,78772927.33,73359607.62
2023,obras,10,SERTÃO DE CANINDÉ,19475858.49,19187409.57
2023,obras,11,SERTÃO DE SOBRAL,16916903.65,10834464.31
2023,obras,12,SERTÃO DOS CRATEÚS,60248877.75,50889856.13
2023,obras,13,SERTÃO DOS INHAMUNS,21224683.4,19841703.61
2023,obras,14,VALE DO JAGUARIBE,42307492.72,36724337.48
2023,obras,15,ESTADO DO CEARÁ,5928508.06,2207982.76
2024,obras,01,CARIRI,326183714.36,304622065.69
2024,obras,02,CENTRO SUL,21687617.7,14541493.59
2024,obras,03,GRANDE FORTALEZA,655525670.98,561652135.24
2024,obras,04,LITORAL LESTE,15416955.55,10794639.94
2024,obras,05,LITORAL NORTE,19992178.28,18195996.66
2024,obras,06,LITORAL OESTE / VALE DO CURU,43565104.78,42430391.46
2024,obras,07,MACIÇO DO BATURITÉ,16269939.49,15200162.31
2024,obras,08,SERRA DA IBIAPABA,7143916.46,5479437.05
2024,obras,09,SERTÃO CENTRAL,342040315.97,333500230.75
2024,obras,10,SERTÃO DE CANINDÉ,22472044.32,20002352.4
2024,obras,11,SERTÃO DE SOBRAL,35149704.43,33882712.49
2024,obras,12,SERTÃO DOS CRATEÚS,37284429.95,36270883.56
2024,obras,13,SERTÃO DOS INHAMUNS,27727082.81,26608042.06
2024,obras,14,VALE DO JAGUARIBE,34775918.66,34067006.69
2024,obras,15,ESTADO DO CEARÁ,37875370.93,30280024.85
2025,obras,01,CARIRI,510503609.16,484979864.29
2025,obras,02,CENTRO SUL,46085351.74,39669453.96
2025,obras,03,GRANDE FORTALEZA,792016631.33,710103994.2
2025,obras,04,LITORAL LESTE,16267650.54,11949028.57
2025,obras,05,LITORAL NORTE,114789895.57,106852540.05
2025,obras,06,LITORAL OESTE / VALE DO CURU,81539839.26,68409242.22
2025,obras,07,MACIÇO DO BATURITÉ,170398227.2,162798405.23
2025,obras,08,SERRA DA IBIAPABA,20600808.88,16667269.24
2025,obras,09,SERTÃO CENTRAL,271228392.03,260772661.75
2025,obras,10,SERTÃO DE CANINDÉ,22213373.48,21031187.62
2025,obras,11,SERTÃO DE SOBRAL,54675114.02,45362958.53
2025,obras,12,SERTÃO DOS CRATEÚS,77152369.35,67435598.03
2025,obras,13,SERTÃO DOS INHAMUNS,12173952.16,10714585.88
2025,obras,14,VALE DO JAGUARIBE,376087898.41,367696084.89
2025,obras,15,ESTADO DO CEARÁ,15116299.24,1931172.3
