data,IBCR_NE_ajuste_sazonal,credito_PF_brasil,credito_PF_nordeste,credito_PJ_brasil,credito_PJ_nordeste,credito_total_nordeste,ibc_br,inadimplencia_PF,inadimplencia_PJ,ipca_mensal,pib_trimestral_indice,selic_mensal,credito_PF_brasil_real,credito_PF_nordeste_real,credito_PJ_brasil_real,credito_PJ_nordeste_real,credito_total_nordeste_real
2015-01-01,102.85,3021469.0,215094.0,1430120.0,171232.0,139754.0,101.8155,3.75,4.41,1.24,173.86,11.82,5442264.832329444,387426.94756923517,2575929.7156485748,308422.78764714627,251724.66749695895
2015-02-01,102.8,3033503.0,215539.0,1433769.0,171608.0,139766.0,101.08609,3.81,4.42,1.22,,12.15,5398083.829970012,383549.18080776796,2551375.507066344,305374.4696786171,248711.9955311034
2015-03-01,103.26,3070618.0,217754.0,1445141.0,172289.0,140341.0,100.90693,3.67,4.38,1.32,,12.58,5392942.703511998,382442.50683756545,2538108.8144132653,302592.0858424521,246481.64374519308
2015-04-01,102.34,3070707.0,218977.0,1453221.0,170416.0,140616.0,99.65606,3.75,4.57,0.71,169.75,12.68,5355077.961160497,381879.12643604295,2534306.187401018,297192.4595310224,245223.54056787066
2015-05-01,101.0,3092373.0,221212.0,1461804.0,170524.0,141030.0,99.00041,3.86,4.68,0.74,,13.15,5353247.773217734,382943.01703224075,2530548.225547428,295196.35027216346,244138.89704020086
2015-06-01,101.87,3109967.0,222944.0,1469882.0,169187.0,141165.0,97.92509,3.66,4.59,0.79,,13.58,5341507.07328451,382916.26661837305,2524587.9135995917,290586.2207566146,242457.18555862742
2015-07-01,101.61,3119102.0,224729.0,1475360.0,170207.0,140375.0,96.93495,3.78,4.77,0.62,166.95,13.69,5324186.884656508,383603.74056442286,2518382.650566357,290536.7881770876,239614.71408554685
2015-08-01,100.74,3143987.0,226651.0,1486592.0,170371.0,141185.0,97.38494,3.89,4.91,0.22,,14.15,5354883.875908807,386035.2429442638,2531984.874891348,290178.33751299203,240468.32255355536
2015-09-01,99.84,3174090.0,227829.0,1493068.0,170434.0,142025.0,96.65598,3.95,4.92,0.54,,14.15,5377119.294267692,385957.4592068006,2529356.3668496083,288726.5168281995,240599.7838020878
2015-10-01,99.79,3166774.0,228285.0,1496614.0,168395.0,141627.0,97.2129,4.08,5.02,0.82,165.67,14.15,5321092.545440522,383584.5601030859,2514742.6367659713,282952.1081041643,237974.15727586017
2015-11-01,98.91,3186591.0,230706.0,1508221.0,168528.0,142042.0,96.03792,4.2,5.22,1.01,,14.15,5300852.206666509,383776.3959012009,2508905.791797808,280344.1108962818,236284.9983381376
2015-12-01,98.87,3229576.0,232617.0,1518662.0,172196.0,144711.0,95.70125,4.23,5.28,0.96,,14.15,5321272.968174295,383275.8709000191,2502252.6326655606,283722.048971054,238435.86046511072
2016-01-01,98.29,3208123.0,233207.0,1521900.0,170377.0,143853.0,95.25534,4.3,5.44,1.27,163.3,14.15,5219636.141406268,379429.2443366204,2476140.797471356,277204.4422437593,234049.72871978907
2016-02-01,96.58,3192287.0,233345.0,1522813.0,168732.0,143248.0,95.22152,4.3,5.47,0.9,,14.15,5147542.983727597,376267.36491359206,2455526.515529203,272079.3032488385,230986.51134218535
2016-03-01,96.08,3170854.0,234048.0,1527590.0,166657.0,144411.0,94.49125,4.25,5.51,0.43,,14.15,5091090.714119321,375785.07224179944,2452682.8620874793,267582.77269876935,231864.82288893944
2016-04-01,95.74,3150823.0,234089.0,1526375.0,165386.0,144601.0,94.43174,4.3,5.65,0.61,163.75,14.15,5028256.779275196,373572.11154157226,2435873.2437417707,263932.082410598,230762.2353080362
2016-05-01,96.0,3157795.0,235531.0,1533354.0,165238.0,144176.0,94.09936,4.32,5.79,0.78,,14.15,5000380.115743531,372964.21364945784,2428071.756398312,261654.98696566105,228303.23170675721
2016-06-01,96.01,3140231.0,236775.0,1536798.0,162636.0,143681.0,94.35527,4.05,5.62,0.35,,14.15,4955224.17188037,373626.3998721669,2425037.7112057707,256636.4826084246,226725.8568684735
2016-07-01,94.84,3126702.0,237538.0,1538189.0,161280.0,144144.0,94.0857,4.1,5.7,0.52,162.86,14.15,4908352.238229664,372891.3641161191,2414676.3653748417,253180.20360804457,226279.80697468985
2016-08-01,95.38,3125535.0,238925.0,1546795.0,160014.0,144060.0,93.79533,4.12,5.76,0.44,,14.15,4885026.145895989,373425.62854301714,2417549.0011601807,250092.40776679854,225157.25038362268
2016-09-01,95.85,3121960.0,239167.0,1550208.0,158243.0,144087.0,93.85792,4.18,5.77,0.08,,14.15,4875538.202005762,373505.05616955756,2420946.5608319603,247126.73823495422,225019.43423759565
2016-10-01,96.34,3105525.0,238401.0,1547944.0,157669.0,143555.0,93.59054,4.18,5.79,0.26,162.7,14.05,4837294.836645756,371343.30792738264,2411141.9224178772,245591.78869888335,223607.23558003287
2016-11-01,95.58,3114587.0,240416.0,1558281.0,157104.0,145051.0,93.43476,4.09,5.74,0.18,,13.9,4842693.3365472285,373809.09931215225,2422882.075590809,244272.03155503946,225531.51064956991
2016-12-01,95.69,3117809.0,242314.0,1569164.0,155672.0,146712.0,93.2166,3.95,5.62,0.3,,13.65,4833203.429929342,375633.2911733524,2432505.912620576,241321.53199376888,227431.80920056158
2017-01-01,96.01,3086116.0,243162.0,1574530.0,153011.0,144842.0,93.9009,3.98,5.67,0.38,164.35,13.17,4765962.5285168355,375520.87489880837,2431584.2243213197,236298.5359107984,223682.9544176031
2017-02-01,96.58,3083038.0,243594.0,1575512.0,153486.0,145001.0,95.10675,4.0,5.57,0.33,,12.82,4745548.788717878,374950.6855377529,2425097.927177829,236252.45663048985,223191.9684132602
2017-03-01,97.34,3090455.0,244567.0,1584667.0,152945.0,146580.0,95.10838,4.01,5.71,0.25,,12.15,4745102.607462298,375509.59628897096,2433106.941747884,234832.6438334553,225059.7857602921
2017-04-01,97.23,3082414.0,244558.0,1586373.0,151282.0,146492.0,94.9326,4.04,5.73,0.14,165.73,11.59,4726139.813488331,374970.81849066325,2432321.094552167,231954.5276086021,224610.21574568911
2017-05-01,96.95,3077588.0,246826.0,1596592.0,149538.0,146310.0,94.7918,4.1,5.93,0.31,,11.15,4704157.416301466,377278.6865675411,2440424.1560623418,228571.95041015517,223637.88511622333
2017-06-01,95.87,3090213.0,248553.0,1604318.0,149951.0,146609.0,95.24586,3.85,5.54,-0.23,,10.15,4734343.983155378,380794.26888865547,2457886.6474148775,229731.61222806718,224611.51934395035
2017-07-01,96.22,3065064.0,249959.0,1609007.0,148480.0,145674.0,95.34516,3.95,5.61,0.24,166.12,10.01,4684571.622887422,382031.44804980163,2459168.4001466925,226933.33469262777,222644.7103853304
2017-08-01,96.69,3063766.0,251709.0,1620808.0,147661.0,145771.0,95.07244,3.93,5.6,0.19,,9.15,4673707.745544063,383976.55138256337,2472507.007271372,225253.61251961862,222370.4590284322
2017-09-01,96.66,3063640.0,252340.0,1624211.0,145257.0,145539.0,95.04257,3.87,5.41,0.16,,8.35,4666049.855542448,384324.2092894666,2473740.224674066,221232.39149068735,221661.8891011321
2017-10-01,96.25,3068523.0,253981.0,1636329.0,142402.0,145685.0,95.32205,3.87,5.38,0.42,167.02,8.01,4653940.316256024,385205.65609676746,2481772.991031484,215977.00552203465,220956.2369171614
2017-11-01,96.98,3080362.0,256849.0,1650998.0,141377.0,146547.0,95.35002,3.77,5.25,0.28,,7.4,4658851.402109862,388467.75923755585,2497029.3579717507,213823.71119890647,221643.00703131448
2017-12-01,97.45,3105277.0,258210.0,1660162.0,145183.0,147268.0,96.86882,3.53,4.9,0.44,,7.0,4675959.531364208,388815.3973360677,2499889.809349912,218618.12412936104,221757.73957200735
2018-01-01,97.84,3080974.0,260340.0,1670402.0,141485.0,145966.0,96.22121,3.72,5.05,0.29,168.01,6.9,4625948.561541671,390889.1955958598,2508036.0071510924,212433.57854682425,219161.60530208677
2018-02-01,97.91,3074312.0,259769.0,1669009.0,141478.0,145925.0,95.90327,3.7,4.97,0.32,,6.72,4601221.947839811,388787.74313355313,2497951.0348794055,211745.4828060655,218401.16186597993
2018-03-01,98.24,3094386.0,261564.0,1678623.0,140921.0,146698.0,95.91081,3.64,4.77,0.09,,6.58,4627101.6538212905,391122.25074057083,2510080.920558216,210722.18920268837,219360.66102040134
2018-04-01,98.28,3103899.0,263238.0,1688992.0,139178.0,147577.0,96.45372,3.62,4.64,0.22,167.85,6.4,4631138.142533976,392761.34383379057,2520041.816320294,207658.9941881465,220190.62916052892
2018-05-01,94.74,3117593.0,265481.0,1698149.0,141499.0,148898.0,93.55124,3.59,4.59,0.4,,6.4,4633037.971753262,394529.86768286553,2523609.9768939787,210280.8929725961,221276.50656070796
2018-06-01,98.24,3138842.0,267413.0,1706124.0,139806.0,151479.0,96.16264,3.47,4.4,1.26,,6.4,4606573.172903985,392456.05605053494,2503912.286138531,205179.6710414269,222310.9980235777
2018-07-01,98.13,3134446.0,269124.0,1713564.0,137643.0,152319.0,96.49733,3.5,4.28,0.33,169.46,6.4,4584991.120486722,393668.01990203967,2506559.603957353,201340.8215669225,222808.516235857
2018-08-01,98.51,3166304.0,272262.0,1731984.0,138167.0,155361.0,97.28302,3.49,4.22,-0.09,,6.4,4635764.413444031,398616.964995496,2535786.1379875233,202289.3764187903,227462.99630012727
2018-09-01,98.26,3181647.0,273229.0,1740771.0,138490.0,155595.0,96.6876,3.41,4.1,0.48,,6.4,4635975.315148681,398121.7587566311,2536476.0406565173,201793.66893779885,226717.35084393685
2018-10-01,97.8,3177146.0,275945.0,1759757.0,137943.0,156553.0,97.02722,3.37,4.08,0.45,169.01,6.4,4608677.861250137,400277.9892465342,2552653.5850351094,200096.2027600959,227091.34084876577
2018-11-01,98.23,3212535.0,280724.0,1784716.0,138685.0,158699.0,97.17266,3.3,3.96,-0.21,,6.4,4669818.760163942,408067.2122259407,2594306.4459577096,201595.87825606143,230688.7138721469
2018-12-01,97.6,3265064.0,283382.0,1803027.0,139186.0,162328.0,97.58103,3.25,3.85,0.15,,6.4,4739067.586688244,411313.97450429393,2616998.262093406,202021.11233372148,235610.50050226558
2019-01-01,97.56,3237076.0,284600.0,1814074.0,135726.0,161611.0,97.45533,3.34,3.97,0.32,169.54,6.4,4683457.422251651,411764.19162627624,2624633.5704857535,196370.71915905824,233821.5838823406
2019-02-01,98.02,3247396.0,285949.0,1823184.0,135632.0,161870.0,96.71471,3.3,3.87,0.43,,6.4,4678272.006725274,411944.5863858567,2626520.039536112,195394.52189266798,233193.57717032975
2019-03-01,97.83,3273000.0,288044.0,1836305.0,133839.0,163337.0,96.15153,3.36,3.88,0.75,,6.4,4680057.277703865,411873.63840480667,2625729.477340054,191376.1643723213,233555.30570373245
2019-04-01,97.88,3272570.0,290939.0,1852546.0,131847.0,164096.0,96.23963,3.36,3.86,0.57,170.49,6.4,4652920.773010079,413655.3585649136,2633939.004011138,187459.28892554165,233310.72740013566
2019-05-01,98.19,3291212.0,294493.0,1870663.0,135120.0,165181.0,97.54391,3.41,3.88,0.13,,6.4,4673350.503282301,418164.8006154313,2656244.5301370984,191863.39865177465,234548.461017605
2019-06-01,98.38,3301611.0,296829.0,1882338.0,137101.0,166486.0,96.96174,3.35,3.87,0.01,,6.4,4687647.779672036,421439.65560820786,2672555.169670897,194656.85031968207,236377.85561245057
2019-07-01,97.57,3296187.0,299930.0,1899265.0,135316.0,166877.0,96.69014,3.44,4.0,0.19,170.53,6.4,4671071.714566037,425034.9083197621,2691474.4278662787,191758.1557503315,236483.68084445348
2019-08-01,97.17,3333007.0,303974.0,1921792.0,136876.0,168648.0,96.9505,3.48,3.89,0.11,,5.9,4718059.974571182,430292.3944385057,2720405.3020744035,193755.72180898665,238730.7853213272
2019-09-01,97.43,3368801.0,307198.0,1941277.0,138445.0,170008.0,97.30916,3.54,3.9,-0.04,,5.71,4770636.661294138,435030.1609018273,2749087.0567680015,196055.1521365812,240752.24316108128
2019-10-01,98.09,3380309.0,310925.0,1964732.0,137143.0,172438.0,98.49866,3.53,3.89,0.1,172.02,5.38,4782151.253807082,439868.1832311682,2779522.699609679,194017.34261597524,243949.47263814806
2019-11-01,98.58,3423121.0,315317.0,1987974.0,138442.0,175645.0,98.0823,3.54,3.85,0.51,,4.9,4818145.205693496,443818.10979619366,2798132.8726455546,194861.25631159957,247225.5916907507
2019-12-01,99.16,3475872.0,319437.0,2017046.0,141079.0,177154.0,97.79923,3.51,3.72,1.15,,4.59,4836770.950242965,444505.3218394584,2806774.673550629,196315.28689472086,246514.6360163269
2020-01-01,99.86,3465268.0,321943.0,2033634.0,138812.0,177072.0,97.93784,3.57,3.8,0.21,168.1,4.4,4811910.182848297,447053.67665552255,2823927.0823458717,192755.9069894559,245884.1740082769
2020-02-01,99.54,3484672.0,322579.0,2042663.0,138566.0,178824.0,98.07742,3.66,3.84,0.25,,4.19,4826787.826278764,446819.7839604925,2829391.3750246963,191934.47243704522,247697.77650420865
2020-03-01,94.13,3583416.0,323368.0,2049113.0,142185.0,181976.0,91.44603,3.94,3.87,0.07,,3.95,4960090.855749638,447599.3465012293,2836340.144068595,196809.5577864145,251887.4430336573
2020-04-01,84.65,3584113.0,319501.0,2029785.0,142660.0,184462.0,83.18811,4.07,4.03,-0.31,153.16,3.65,4976482.725287858,443621.9525478678,2818323.5262248754,198081.09442686822,256122.4929214143
2020-05-01,86.03,3596014.0,317949.0,2027853.0,143663.0,186124.0,85.81248,3.98,4.06,-0.38,,3.01,5012052.871529646,443150.9995372597,2826381.224236059,200234.63526075357,259415.93349207868
2020-06-01,88.98,3623049.0,319273.0,2041232.0,146794.0,187719.0,89.62007,3.62,3.7,0.26,,2.58,5036638.457438516,443842.37426039984,2837650.71677312,204067.98409881553,260960.51546415762
2020-07-01,91.64,3670324.0,322698.0,2060528.0,146750.0,190800.0,91.97711,3.46,3.56,0.36,165.3,2.15,5084055.939630592,446994.51154909295,2854200.2333241277,203275.02671175337,264292.1642017209
2020-08-01,94.1,3742022.0,328462.0,2092254.0,150098.0,195294.0,93.73536,3.3,3.35,0.24,,1.94,5170960.203219046,453889.3491993725,2891207.526044973,207414.81065123947,269869.47215368063
2020-09-01,95.45,3820914.0,331665.0,2123244.0,154513.0,201047.0,95.63693,3.14,3.2,0.64,,1.9,5246401.139177505,455400.8893749786,2915373.0600457904,212157.92326593422,276052.59103665245
2020-10-01,97.06,3878657.0,337787.0,2159264.0,158314.0,201875.0,97.51671,3.06,3.11,0.86,171.63,1.9,5280276.22803137,459852.1256811397,2939551.078954372,215523.47907137917,274825.9935162694
2020-11-01,97.9,3957260.0,345416.0,2205910.0,161964.0,205453.0,97.4991,2.97,3.0,0.89,,1.9,5339759.906993417,466089.79648394044,2976562.0091770184,218547.39733459055,277229.6215491321
2020-12-01,98.7,4020169.0,350806.0,2239719.0,165334.0,209442.0,97.67943,2.84,2.89,1.35,,1.9,5352389.404002741,467057.55834159843,2981926.4422823056,220123.0718712047,278847.765243984
2021-01-01,96.69,4017481.0,353655.0,2253131.0,164484.0,210031.0,97.93998,2.88,2.94,0.25,173.16,1.9,5335471.963420705,469676.48066625564,2992302.211364299,218445.28211366557,278934.6139905115
2021-02-01,96.96,4044845.0,356391.0,2270532.0,164316.0,211945.0,98.85452,2.92,2.9,0.86,,1.9,5326009.426173602,469274.30480115715,2989700.4296651175,216361.45881267186,279076.4708735104
2021-03-01,96.43,4106449.0,360172.0,2297064.0,167097.0,216145.0,95.30889,2.87,2.89,0.93,,2.23,5357302.9629422,469882.9871669703,2996766.2506627655,217995.95056428385,281984.32488145883
2021-04-01,96.01,4126914.0,365444.0,2322034.0,167077.0,218093.0,96.45734,2.91,2.93,0.31,171.96,2.65,5367362.92437966,475287.48516130954,3019980.3535399577,217296.24007589702,283646.39589454327
2021-05-01,94.24,4175472.0,372088.0,2360682.0,167745.0,220964.0,97.25997,2.97,2.98,0.83,,3.29,5385814.009527621,479944.965066731,3044971.7271819045,216369.1604274225,285014.7257127484
2021-06-01,95.97,4212400.0,378079.0,2398138.0,170157.0,224841.0,96.80299,2.87,2.9,0.53,,3.76,5404800.86608651,485101.53514602635,3076977.100796451,218323.21265090737,288486.57096471294
2021-07-01,96.04,4269669.0,385066.0,2439145.0,174045.0,228332.0,96.48058,2.9,2.96,0.96,172.18,4.15,5426189.538812811,489368.40325385734,3099833.51933079,221188.37743222617,290180.03732284793
2021-08-01,95.2,4344165.0,394005.0,2495958.0,175665.0,232452.0,97.07685,2.92,2.98,0.87,,5.01,5473246.939895294,496409.9339121431,3144676.7067105365,221321.6863762557,292868.0650188335
2021-09-01,96.57,4439121.0,402186.0,2547929.0,179253.0,237560.0,96.9934,2.97,3.0,1.16,,5.43,5528749.244360166,500906.7208558265,3173344.5728182117,223252.50613788018,295871.5634221732
2021-10-01,98.09,4509925.0,410353.0,2602076.0,181127.0,241789.0,97.47908,2.95,3.02,1.25,174.46,6.3,5547587.970152288,504768.7858037332,3200772.8543206337,222801.4803505099,297420.85460737185
2021-11-01,98.62,4595047.0,420359.0,2665388.0,183466.0,245995.0,98.95021,2.97,3.07,0.95,,7.65,5599103.72121714,512211.00483784295,3247797.872206206,223554.8762214671,299746.9927730468
2021-12-01,98.9,4679575.0,426369.0,2708971.0,185895.0,252908.0,99.13496,3.0,3.07,0.73,,8.76,5660778.125436181,515769.12616297405,3276982.1574055287,224873.05997402733,305937.20031152695
2022-01-01,98.31,4679385.0,431806.0,2735580.0,185292.0,251460.0,97.59851,3.21,3.26,0.54,175.72,9.15,5630145.5009436235,519540.625142078,3291396.931321393,222939.74959548016,302551.8070573983
2022-02-01,100.89,4723686.0,435866.0,2755932.0,186020.0,253105.0,98.58788,3.33,3.26,1.01,,10.49,5626618.757609835,519181.8023899913,3282728.5060643717,221577.73003764043,301486.0303256477
2022-03-01,105.43,4790359.0,442384.0,2800311.0,189204.0,255706.0,99.53411,3.39,3.41,1.62,,11.15,5615072.13548736,518545.28472405515,3282415.4237289405,221777.55536124753,299728.60812246654
2022-04-01,103.59,4828886.0,450056.0,2830339.0,190729.0,259983.0,99.71472,3.48,3.52,1.06,177.74,11.65,5600862.837381575,522004.85270114103,3282815.233636025,221220.1671588334,301545.5579301259
2022-05-01,99.72,4883798.0,457905.0,2875462.0,191845.0,261234.0,99.71896,3.59,3.65,0.47,,12.51,5638054.567135365,528624.1111045377,3319550.002216347,221473.65194712888,301579.128946578
2022-06-01,99.51,4961785.0,464396.0,2914335.0,197348.0,264130.0,99.54987,3.52,3.62,0.67,,12.89,5689963.170945988,532549.5031998834,3342034.936580057,226310.25968675566,302893.00571104226
2022-07-01,98.65,4997242.0,471180.0,2955620.0,200582.0,266271.0,101.43668,3.65,3.8,-0.68,179.56,13.15,5769858.784273477,544028.498514576,3412584.38554194,231593.7100238777,307438.7969098321
2022-08-01,99.82,5068741.0,478519.0,3009898.0,203961.0,271641.0,101.06191,3.72,3.92,-0.36,,13.58,5873556.952380474,554498.3654316036,3487810.3505103304,236345.97813628154,314772.2253122786
2022-09-01,100.2,5160236.0,484856.0,3055514.0,207925.0,276340.0,101.08936,3.74,3.98,-0.29,,13.65,5996970.766382058,563475.6352044634,3550967.074814235,241640.13944323274,321148.6648250231
2022-10-01,98.69,5211491.0,492578.0,3111431.0,208546.0,279773.0,101.38469,3.83,4.13,0.59,180.3,13.65,6021012.813851935,569092.1177493271,3594742.06525851,240940.28719949158,323231.26298592804
2022-11-01,97.81,5278400.0,501820.0,3156588.0,211139.0,283042.0,100.4906,3.85,4.16,0.41,,13.65,6073414.059722798,577402.3650064592,3632022.192321966,242940.0142383699,325672.79143150576
2022-12-01,97.98,5358049.0,507073.0,3187782.0,216702.0,286855.0,100.23388,3.88,4.18,0.62,,13.65,6127071.66787569,579851.4742669822,3645313.578797824,247804.50581396284,328026.3288537453
2023-01-01,100.28,5365320.0,512855.0,3221624.0,215043.0,286813.0,100.28521,4.04,4.39,0.53,182.79,13.65,6103040.137209438,583371.4763646057,3664590.4771751203,244610.95707729066,326249.1800812347
2023-02-01,103.24,5364476.0,514290.0,3235889.0,214404.0,287182.0,103.29712,4.08,4.45,0.84,,13.65,6051249.592420545,580130.6880459457,3650155.5776124503,241852.53463960593,323947.7556522794
2023-03-01,107.04,5417326.0,519505.0,3270928.0,214905.0,291114.0,102.96001,4.03,4.44,0.71,,13.65,6067784.312568788,581881.9634079707,3663668.3127325177,240708.64254663562,326068.05689174886
2023-04-01,105.8,5419040.0,521402.0,3282388.0,214683.0,291867.0,104.36716,4.18,4.69,0.61,184.25,13.65,6032903.401791453,580465.8942360395,3654213.611857348,239002.0743539067,324929.40025736403
2023-05-01,102.43,5446513.0,526211.0,3308931.0,216119.0,291897.0,102.52956,4.25,4.85,0.23,,13.65,6049574.494267678,584475.3595930256,3675310.1628310885,240048.63113824133,324217.09929880867
2023-06-01,102.19,5472241.0,524751.0,3310857.0,219598.0,292330.0,102.39167,4.18,4.85,-0.08,,13.65,6083017.623888908,583320.3583601906,3680393.7328739646,244108.12757894918,324958.00934049586
2023-07-01,102.03,5477495.0,528604.0,3332138.0,220822.0,292790.0,102.85707,4.14,4.87,0.12,184.44,13.65,6081560.169641329,586899.1266834721,3699610.4497673335,245174.5332091654,325079.2564975933
2023-08-01,101.02,5551565.0,534406.0,3387211.0,223986.0,296897.0,102.45143,4.04,4.89,0.23,,13.19,6149654.498836772,591979.4260006617,3752127.078519192,248116.79455729207,328882.7513937315
2023-09-01,100.57,5616177.0,538028.0,3411538.0,229194.0,300804.0,102.47551,3.92,4.81,0.26,,12.97,6205094.130660482,594446.0769186936,3769274.796774603,253227.47915220592,332346.5650885283
2023-10-01,101.59,5644764.0,543032.0,3449675.0,229156.0,304011.0,102.78063,3.89,4.87,0.24,185.03,12.65,6221746.596135464,598538.308703895,3802285.390323423,252579.3041097942,335085.64829951053
2023-11-01,101.14,5702348.0,551129.0,3490967.0,231188.0,307207.0,103.51678,3.79,4.82,0.28,,12.17,6267667.107845022,605766.8008826398,3837054.3222673214,254107.50507132764,337662.8731181867
2023-12-01,102.41,5794196.0,552993.0,3522206.0,236198.0,311667.0,104.50538,3.66,4.52,0.56,,11.87,6333155.062201124,604430.7816497381,3849831.2378482143,258168.44293527195,340657.34724386915
2024-01-01,104.68,5784313.0,558941.0,3560807.0,234050.0,312672.0,104.47437,3.67,4.61,0.42,186.47,11.65,6295909.9528205125,608376.8642774777,3875744.661703637,254750.6894003905,340326.4582619051
2024-02-01,105.25,5802794.0,561040.0,3580901.0,234489.0,314425.0,104.87054,3.67,4.58,0.83,,11.15,6264034.033219429,605634.7431939559,3865531.971941359,253127.558278924,339417.3394566512
2024-03-01,107.67,5899857.0,566914.0,3614106.0,239217.0,317875.0,104.47111,3.62,4.47,0.16,,11.0,6358638.347252805,610998.0462228961,3895144.069192939,257818.8572222639,342593.416185
2024-04-01,105.88,5915624.0,572878.0,3646778.0,239629.0,320086.0,105.27083,3.66,4.55,0.38,189.63,10.65,6351495.728033628,615088.4792009176,3915477.874876263,257285.21113122982,343670.3992010601
2024-05-01,106.49,5951817.0,578144.0,3674815.0,243463.0,322017.0,105.66216,3.69,4.53,0.46,,10.46,6361094.4461425105,617900.1450264038,3927514.1166304657,260204.76387986963,344160.5395904264
2024-06-01,106.01,6040221.0,583624.0,3704064.0,247652.0,326180.0,106.53112,3.62,4.44,0.21,,10.4,6442049.254909202,622449.8332672146,3950478.4231133265,264127.15396949445,347879.262359156
2024-07-01,106.04,6065265.0,590416.0,3744082.0,248922.0,329075.0,106.90838,3.7,4.43,0.38,191.19,10.4,6444271.087461632,627309.8963317756,3978042.0775820217,264476.6300620211,349638.2281905962
2024-08-01,106.43,6134688.0,600831.0,3790764.0,251120.0,334582.0,107.075,3.74,4.44,-0.02,,10.4,6519336.056901,638503.4092041657,4028446.830287419,266865.3516868306,355560.4615247019
2024-09-01,106.49,6216178.0,605801.0,3831806.0,255420.0,339203.0,107.96529,3.75,4.44,0.44,,10.5,6576996.735699095,640964.7856742917,4054223.6007128824,270245.881992482,358892.0754423924
2024-10-01,106.56,6274641.0,612725.0,3877157.0,259653.0,343579.0,108.15165,3.7,4.36,0.56,191.19,10.65,6601882.683934143,644680.4793315742,4079362.574080979,273194.696641856,361497.6937586403
2024-11-01,106.54,6365255.0,622255.0,3929256.0,263047.0,348747.0,107.83412,3.66,4.27,0.39,,11.04,6671204.782018776,652164.0580990225,4118118.035644443,275690.51111003297,365509.73277813726
2024-12-01,107.26,6462746.0,627924.0,3965534.0,268409.0,355097.0,106.90886,3.54,4.08,0.52,,11.77,6738342.3648446305,654701.0962681653,4134639.6332815476,279854.99287850433,370239.70286457706
2025-01-01,106.81,6464424.0,635607.0,4013980.0,268316.0,355226.0,108.32075,3.78,4.44,0.16,194.02,12.24,6729325.0012213765,661653.0840259419,4178466.011573897,279311.12919383304,369782.55183816294
2025-02-01,106.24,6518695.0,641667.0,4040708.0,269139.0,355103.0,109.04864,3.85,4.51,1.31,,13.15,6698075.149206426,659324.2645599832,4151899.397041831,276545.1133366829,364874.6535477806
2025-03-01,108.67,6579532.0,648247.0,4083812.0,272378.0,358304.0,109.87585,3.91,4.54,0.56,,13.57,6722937.797973105,662376.0259426766,4172821.7226720895,278314.6812776833,366113.5024139947
2025-04-01,108.55,6630471.0,652801.0,4116655.0,273049.0,359463.0,110.40313,4.13,4.82,0.43,194.59,14.15,6745979.340235858,664173.33840768,4188370.5668690274,277805.74153360457,365725.1455559043
2025-05-01,109.21,6665994.0,659862.0,4133403.0,277028.0,361138.0,109.03061,4.24,4.91,0.26,,14.55,6764533.393728364,669616.3444270106,4194504.619001607,281123.1388743796,366476.486589138
2025-06-01,111.17,6703448.0,662108.0,4155742.0,281563.0,362066.0,108.8466,4.29,4.99,0.24,,14.74,6786254.044054836,670286.8572413868,4207076.858588078,285041.07847278175,366538.5122275519
2025-07-01,109.13,6732353.0,667504.0,4188077.0,284610.0,365029.0,108.31772,4.54,5.22,0.26,194.64,14.9,6797841.71195794,673997.1201894453,4228816.36234637,287378.5331280682,368579.80594218615
2025-08-01,109.17,6772151.0,676266.0,4226068.0,286098.0,369021.0,108.69252,4.79,5.38,-0.11,,14.9,6845556.958168127,683596.3081556401,4271875.981957824,289199.1266316987,373020.961029983
2025-09-01,109.65,6850359.0,678381.0,4260447.0,289092.0,371881.0,108.54893,4.76,5.3,0.48,,14.9,6891533.32490229,682458.4329785549,4286054.56728326,290829.59768424585,374116.20389500586
2025-10-01,110.04,6919371.0,690199.0,4321868.0,292166.0,377076.0,108.60643,4.86,5.33,0.09,194.92,14.9,6954700.89316374,693723.11468206,4343935.1986959195,293657.78206604,379001.32743144
2025-11-01,109.22,6999002.0,701027.0,4382704.0,294237.0,380488.0,109.25065,4.93,5.26,0.18,,14.9,7022098.7066,703340.3891,4397166.9232,295207.9821,381743.6104
2025-12-01,108.68,7130222.0,707617.0,4428977.0,303329.0,386092.0,109.05574,5.0,5.37,0.33,,14.9,7130222.0,707617.0,4428977.0,303329.0,386092.0
