data,IBCR_NE_ajuste_sazonal,credito_PF_brasil,credito_PF_nordeste,credito_PJ_brasil,credito_PJ_nordeste,credito_total_nordeste,ibc_br,inadimplencia_PF,inadimplencia_PJ,ipca_mensal,pib_trimestral_indice,selic_mensal
2015-01-01,102.85,3021469.0,215094.0,1430120.0,171232.0,139754.0,101.8155,3.75,4.41,1.24,173.86,11.82
2015-02-01,102.8,3033503.0,215539.0,1433769.0,171608.0,139766.0,101.08609,3.81,4.42,1.22,,12.15
2015-03-01,103.26,3070618.0,217754.0,1445141.0,172289.0,140341.0,100.90693,3.67,4.38,1.32,,12.58
2015-04-01,102.34,3070707.0,218977.0,1453221.0,170416.0,140616.0,99.65606,3.75,4.57,0.71,169.75,12.68
2015-05-01,101.0,3092373.0,221212.0,1461804.0,170524.0,141030.0,99.00041,3.86,4.68,0.74,,13.15
2015-06-01,101.87,3109967.0,222944.0,1469882.0,169187.0,141165.0,97.92509,3.66,4.59,0.79,,13.58
2015-07-01,101.61,3119102.0,224729.0,1475360.0,170207.0,140375.0,96.93495,3.78,4.77,0.62,166.95,13.69
2015-08-01,100.74,3143987.0,226651.0,1486592.0,170371.0,141185.0,97.38494,3.89,4.91,0.22,,14.15
2015-09-01,99.84,3174090.0,227829.0,1493068.0,170434.0,142025.0,96.65598,3.95,4.92,0.54,,14.15
2015-10-01,99.79,3166774.0,228285.0,1496614.0,168395.0,141627.0,97.2129,4.08,5.02,0.82,165.67,14.15
2015-11-01,98.91,3186591.0,230706.0,1508221.0,168528.0,142042.0,96.03792,4.2,5.22,1.01,,14.15
2015-12-01,98.87,3229576.0,232617.0,1518662.0,172196.0,144711.0,95.70125,4.23,5.28,0.96,,14.15
2016-01-01,98.29,3208123.0,233207.0,1521900.0,170377.0,143853.0,95.25534,4.3,5.44,1.27,163.3,14.15
2016-02-01,96.58,3192287.0,233345.0,1522813.0,168732.0,143248.0,95.22152,4.3,5.47,0.9,,14.15
2016-03-01,96.08,3170854.0,234048.0,1527590.0,166657.0,144411.0,94.49125,4.25,5.51,0.43,,14.15
2016-04-01,95.74,3150823.0,234089.0,1526375.0,165386.0,144601.0,94.43174,4.3,5.65,0.61,163.75,14.15
2016-05-01,96.0,3157795.0,235531.0,1533354.0,165238.0,144176.0,94.09936,4.32,5.79,0.78,,14.15
2016-06-01,96.01,3140231.0,236775.0,1536798.0,162636.0,143681.0,94.35527,4.05,5.62,0.35,,14.15
2016-07-01,94.84,3126702.0,237538.0,1538189.0,161280.0,144144.0,94.0857,4.1,5.7,0.52,162.86,14.15
2016-08-01,95.38,3125535.0,238925.0,1546795.0,160014.0,144060.0,93.79533,4.12,5.76,0.44,,14.15
2016-09-01,95.85,3121960.0,239167.0,1550208.0,158243.0,144087.0,93.85792,4.18,5.77,0.08,,14.15
2016-10-01,96.34,3105525.0,238401.0,1547944.0,157669.0,143555.0,93.59054,4.18,5.79,0.26,162.7,14.05
2016-11-01,95.58,3114587.0,240416.0,1558281.0,157104.0,145051.0,93.43476,4.09,5.74,0.18,,13.9
2016-12-01,95.69,3117809.0,242314.0,1569164.0,155672.0,146712.0,93.2166,3.95,5.62,0.3,,13.65
2017-01-01,96.01,3086116.0,243162.0,1574530.0,153011.0,144842.0,93.9009,3.98,5.67,0.38,164.35,13.17
2017-02-01,96.58,3083038.0,243594.0,1575512.0,153486.0,145001.0,95.10675,4.0,5.57,0.33,,12.82
2017-03-01,97.34,3090455.0,244567.0,1584667.0,152945.0,146580.0,95.10838,4.01,5.71,0.25,,12.15
2017-04-01,97.23,3082414.0,244558.0,1586373.0,151282.0,146492.0,94.9326,4.04,5.73,0.14,165.73,11.59
2017-05-01,96.95,3077588.0,246826.0,1596592.0,149538.0,146310.0,94.7918,4.1,5.93,0.31,,11.15
2017-06-01,95.87,3090213.0,248553.0,1604318.0,149951.0,146609.0,95.24586,3.85,5.54,-0.23,,10.15
2017-07-01,96.22,3065064.0,249959.0,1609007.0,148480.0,145674.0,95.34516,3.95,5.61,0.24,166.12,10.01
2017-08-01,96.69,3063766.0,251709.0,1620808.0,147661.0,145771.0,95.07244,3.93,5.6,0.19,,9.15
2017-09-01,96.66,3063640.0,252340.0,1624211.0,145257.0,145539.0,95.04257,3.87,5.41,0.16,,8.35
2017-10-01,96.25,3068523.0,253981.0,1636329.0,142402.0,145685.0,95.32205,3.87,5.38,0.42,167.02,8.01
2017-11-01,96.98,3080362.0,256849.0,1650998.0,141377.0,146547.0,95.35002,3.77,5.25,0.28,,7.4
2017-12-01,97.45,3105277.0,258210.0,1660162.0,145183.0,147268.0,96.86882,3.53,4.9,0.44,,7.0
2018-01-01,97.84,3080974.0,260340.0,1670402.0,141485.0,145966.0,96.22121,3.72,5.05,0.29,168.01,6.9
2018-02-01,97.91,3074312.0,259769.0,1669009.0,141478.0,145925.0,95.90327,3.7,4.97,0.32,,6.72
2018-03-01,98.24,3094386.0,261564.0,1678623.0,140921.0,146698.0,95.91081,3.64,4.77,0.09,,6.58
2018-04-01,98.28,3103899.0,263238.0,1688992.0,139178.0,147577.0,96.45372,3.62,4.64,0.22,167.85,6.4
2018-05-01,94.74,3117593.0,265481.0,1698149.0,141499.0,148898.0,93.55124,3.59,4.59,0.4,,6.4
2018-06-01,98.24,3138842.0,267413.0,1706124.0,139806.0,151479.0,96.16264,3.47,4.4,1.26,,6.4
2018-07-01,98.13,3134446.0,269124.0,1713564.0,137643.0,152319.0,96.49733,3.5,4.28,0.33,169.46,6.4
2018-08-01,98.51,3166304.0,272262.0,1731984.0,138167.0,155361.0,97.28302,3.49,4.22,-0.09,,6.4
2018-09-01,98.26,3181647.0,273229.0,1740771.0,138490.0,155595.0,96.6876,3.41,4.1,0.48,,6.4
2018-10-01,97.8,3177146.0,275945.0,1759757.0,137943.0,156553.0,97.02722,3.37,4.08,0.45,169.01,6.4
2018-11-01,98.23,3212535.0,280724.0,1784716.0,138685.0,158699.0,97.17266,3.3,3.96,-0.21,,6.4
2018-12-01,97.6,3265064.0,283382.0,1803027.0,139186.0,162328.0,97.58103,3.25,3.85,0.15,,6.4
2019-01-01,97.56,3237076.0,284600.0,1814074.0,135726.0,161611.0,97.45533,3.34,3.97,0.32,169.54,6.4
2019-02-01,98.02,3247396.0,285949.0,1823184.0,135632.0,161870.0,96.71471,3.3,3.87,0.43,,6.4
2019-03-01,97.83,3273000.0,288044.0,1836305.0,133839.0,163337.0,96.15153,3.36,3.88,0.75,,6.4
2019-04-01,97.88,3272570.0,290939.0,1852546.0,131847.0,164096.0,96.23963,3.36,3.86,0.57,170.49,6.4
2019-05-01,98.19,3291212.0,294493.0,1870663.0,135120.0,165181.0,97.54391,3.41,3.88,0.13,,6.4
2019-06-01,98.38,3301611.0,296829.0,1882338.0,137101.0,166486.0,96.96174,3.35,3.87,0.01,,6.4
2019-07-01,97.57,3296187.0,299930.0,1899265.0,135316.0,166877.0,96.69014,3.44,4.0,0.19,170.53,6.4
2019-08-01,97.17,3333007.0,303974.0,1921792.0,136876.0,168648.0,96.9505,3.48,3.89,0.11,,5.9
2019-09-01,97.43,3368801.0,307198.0,1941277.0,138445.0,170008.0,97.30916,3.54,3.9,-0.04,,5.71
2019-10-01,98.09,3380309.0,310925.0,1964732.0,137143.0,172438.0,98.49866,3.53,3.89,0.1,172.02,5.38
2019-11-01,98.58,3423121.0,315317.0,1987974.0,138442.0,175645.0,98.0823,3.54,3.85,0.51,,4.9
2019-12-01,99.16,3475872.0,319437.0,2017046.0,141079.0,177154.0,97.79923,3.51,3.72,1.15,,4.59
2020-01-01,99.86,3465268.0,321943.0,2033634.0,138812.0,177072.0,97.93784,3.57,3.8,0.21,168.1,4.4
2020-02-01,99.54,3484672.0,322579.0,2042663.0,138566.0,178824.0,98.07742,3.66,3.84,0.25,,4.19
2020-03-01,94.13,3583416.0,323368.0,2049113.0,142185.0,181976.0,91.44603,3.94,3.87,0.07,,3.95
2020-04-01,84.65,3584113.0,319501.0,2029785.0,142660.0,184462.0,83.18811,4.07,4.03,-0.31,153.16,3.65
2020-05-01,86.03,3596014.0,317949.0,2027853.0,143663.0,186124.0,85.81248,3.98,4.06,-0.38,,3.01
2020-06-01,88.98,3623049.0,319273.0,2041232.0,146794.0,187719.0,89.62007,3.62,3.7,0.26,,2.58
2020-07-01,91.64,3670324.0,322698.0,2060528.0,146750.0,190800.0,91.97711,3.46,3.56,0.36,165.3,2.15
2020-08-01,94.1,3742022.0,328462.0,2092254.0,150098.0,195294.0,93.73536,3.3,3.35,0.24,,1.94
2020-09-01,95.45,3820914.0,331665.0,2123244.0,154513.0,201047.0,95.63693,3.14,3.2,0.64,,1.9
2020-10-01,97.06,3878657.0,337787.0,2159264.0,158314.0,201875.0,97.51671,3.06,3.11,0.86,171.63,1.9
2020-11-01,97.9,3957260.0,345416.0,2205910.0,161964.0,205453.0,97.4991,2.97,3.0,0.89,,1.9
2020-12-01,98.7,4020169.0,350806.0,2239719.0,165334.0,209442.0,97.67943,2.84,2.89,1.35,,1.9
2021-01-01,96.69,4017481.0,353655.0,2253131.0,164484.0,210031.0,97.93998,2.88,2.94,0.25,173.16,1.9
2021-02-01,96.96,4044845.0,356391.0,2270532.0,164316.0,211945.0,98.85452,2.92,2.9,0.86,,1.9
2021-03-01,96.43,4106449.0,360172.0,2297064.0,167097.0,216145.0,95.30889,2.87,2.89,0.93,,2.23
2021-04-01,96.01,4126914.0,365444.0,2322034.0,167077.0,218093.0,96.45734,2.91,2.93,0.31,171.96,2.65
2021-05-01,94.24,4175472.0,372088.0,2360682.0,167745.0,220964.0,97.25997,2.97,2.98,0.83,,3.29
2021-06-01,95.97,4212400.0,378079.0,2398138.0,170157.0,224841.0,96.80299,2.87,2.9,0.53,,3.76
2021-07-01,96.04,4269669.0,385066.0,2439145.0,174045.0,228332.0,96.48058,2.9,2.96,0.96,172.18,4.15
2021-08-01,95.2,4344165.0,394005.0,2495958.0,175665.0,232452.0,97.07685,2.92,2.98,0.87,,5.01
2021-09-01,96.57,4439121.0,402186.0,2547929.0,179253.0,237560.0,96.9934,2.97,3.0,1.16,,5.43
2021-10-01,98.09,4509925.0,410353.0,2602076.0,181127.0,241789.0,97.47908,2.95,3.02,1.25,174.46,6.3
2021-11-01,98.62,4595047.0,420359.0,2665388.0,183466.0,245995.0,98.95021,2.97,3.07,0.95,,7.65
2021-12-01,98.9,4679575.0,426369.0,2708971.0,185895.0,252908.0,99.13496,3.0,3.07,0.73,,8.76
2022-01-01,98.31,4679385.0,431806.0,2735580.0,185292.0,251460.0,97.59851,3.21,3.26,0.54,175.72,9.15
2022-02-01,100.89,4723686.0,435866.0,2755932.0,186020.0,253105.0,98.58788,3.33,3.26,1.01,,10.49
2022-03-01,105.43,4790359.0,442384.0,2800311.0,189204.0,255706.0,99.53411,3.39,3.41,1.62,,11.15
2022-04-01,103.59,4828886.0,450056.0,2830339.0,190729.0,259983.0,99.71472,3.48,3.52,1.06,177.74,11.65
2022-05-01,99.72,4883798.0,457905.0,2875462.0,191845.0,261234.0,99.71896,3.59,3.65,0.47,,12.51
2022-06-01,99.51,4961785.0,464396.0,2914335.0,197348.0,264130.0,99.54987,3.52,3.62,0.67,,12.89
2022-07-01,98.65,4997242.0,471180.0,2955620.0,200582.0,266271.0,101.43668,3.65,3.8,-0.68,179.56,13.15
2022-08-01,99.82,5068741.0,478519.0,3009898.0,203961.0,271641.0,101.06191,3.72,3.92,-0.36,,13.58
2022-09-01,100.2,5160236.0,484856.0,3055514.0,207925.0,276340.0,101.08936,3.74,3.98,-0.29,,13.65
2022-10-01,98.69,5211491.0,492578.0,3111431.0,208546.0,279773.0,101.38469,3.83,4.13,0.59,180.3,13.65
2022-11-01,97.81,5278400.0,501820.0,3156588.0,211139.0,283042.0,100.4906,3.85,4.16,0.41,,13.65
2022-12-01,97.98,5358049.0,507073.0,3187782.0,216702.0,286855.0,100.23388,3.88,4.18,0.62,,13.65
2023-01-01,100.28,5365320.0,512855.0,3221624.0,215043.0,286813.0,100.28521,4.04,4.39,0.53,182.79,13.65
2023-02-01,103.24,5364476.0,514290.0,3235889.0,214404.0,287182.0,103.29712,4.08,4.45,0.84,,13.65
2023-03-01,107.04,5417326.0,519505.0,3270928.0,214905.0,291114.0,102.96001,4.03,4.44,0.71,,13.65
2023-04-01,105.8,5419040.0,521402.0,3282388.0,214683.0,291867.0,104.36716,4.18,4.69,0.61,184.25,13.65
2023-05-01,102.43,5446513.0,526211.0,3308931.0,216119.0,291897.0,102.52956,4.25,4.85,0.23,,13.65
2023-06-01,102.19,5472241.0,524751.0,3310857.0,219598.0,292330.0,102.39167,4.18,4.85,-0.08,,13.65
2023-07-01,102.03,5477495.0,528604.0,3332138.0,220822.0,292790.0,102.85707,4.14,4.87,0.12,184.44,13.65
2023-08-01,101.02,5551565.0,534406.0,3387211.0,223986.0,296897.0,102.45143,4.04,4.89,0.23,,13.19
2023-09-01,100.57,5616177.0,538028.0,3411538.0,229194.0,300804.0,102.47551,3.92,4.81,0.26,,12.97
2023-10-01,101.59,5644764.0,543032.0,3449675.0,229156.0,304011.0,102.78063,3.89,4.87,0.24,185.03,12.65
2023-11-01,101.14,5702348.0,551129.0,3490967.0,231188.0,307207.0,103.51678,3.79,4.82,0.28,,12.17
2023-12-01,102.41,5794196.0,552993.0,3522206.0,236198.0,311667.0,104.50538,3.66,4.52,0.56,,11.87
2024-01-01,104.68,5784313.0,558941.0,3560807.0,234050.0,312672.0,104.47437,3.67,4.61,0.42,186.47,11.65
2024-02-01,105.25,5802794.0,561040.0,3580901.0,234489.0,314425.0,104.87054,3.67,4.58,0.83,,11.15
2024-03-01,107.67,5899857.0,566914.0,3614106.0,239217.0,317875.0,104.47111,3.62,4.47,0.16,,11.0
2024-04-01,105.88,5915624.0,572878.0,3646778.0,239629.0,320086.0,105.27083,3.66,4.55,0.38,189.63,10.65
2024-05-01,106.49,5951817.0,578144.0,3674815.0,243463.0,322017.0,105.66216,3.69,4.53,0.46,,10.46
2024-06-01,106.01,6040221.0,583624.0,3704064.0,247652.0,326180.0,106.53112,3.62,4.44,0.21,,10.4
2024-07-01,106.04,6065265.0,590416.0,3744082.0,248922.0,329075.0,106.90838,3.7,4.43,0.38,191.19,10.4
2024-08-01,106.43,6134688.0,600831.0,3790764.0,251120.0,334582.0,107.075,3.74,4.44,-0.02,,10.4
2024-09-01,106.49,6216178.0,605801.0,3831806.0,255420.0,339203.0,107.96529,3.75,4.44,0.44,,10.5
2024-10-01,106.56,6274641.0,612725.0,3877157.0,259653.0,343579.0,108.15165,3.7,4.36,0.56,191.19,10.65
2024-11-01,106.54,6365255.0,622255.0,3929256.0,263047.0,348747.0,107.83412,3.66,4.27,0.39,,11.04
2024-12-01,107.26,6462746.0,627924.0,3965534.0,268409.0,355097.0,106.90886,3.54,4.08,0.52,,11.77
2025-01-01,106.81,6464424.0,635607.0,4013980.0,268316.0,355226.0,108.32075,3.78,4.44,0.16,194.02,12.24
2025-02-01,106.24,6518695.0,641667.0,4040708.0,269139.0,355103.0,109.04864,3.85,4.51,1.31,,13.15
2025-03-01,108.67,6579532.0,648247.0,4083812.0,272378.0,358304.0,109.87585,3.91,4.54,0.56,,13.57
2025-04-01,108.55,6630471.0,652801.0,4116655.0,273049.0,359463.0,110.40313,4.13,4.82,0.43,194.59,14.15
2025-05-01,109.21,6665994.0,659862.0,4133403.0,277028.0,361138.0,109.03061,4.24,4.91,0.26,,14.55
2025-06-01,111.17,6703448.0,662108.0,4155742.0,281563.0,362066.0,108.8466,4.29,4.99,0.24,,14.74
2025-07-01,109.13,6732353.0,667504.0,4188077.0,284610.0,365029.0,108.31772,4.54,5.22,0.26,194.64,14.9
2025-08-01,109.17,6772151.0,676266.0,4226068.0,286098.0,369021.0,108.69252,4.79,5.38,-0.11,,14.9
2025-09-01,109.65,6850359.0,678381.0,4260447.0,289092.0,371881.0,108.54893,4.76,5.3,0.48,,14.9
2025-10-01,110.04,6919371.0,690199.0,4321868.0,292166.0,377076.0,108.60643,4.86,5.33,0.09,194.92,14.9
2025-11-01,109.22,6999002.0,701027.0,4382704.0,294237.0,380488.0,109.25065,4.93,5.26,0.18,,14.9
2025-12-01,108.68,7130222.0,707617.0,4428977.0,303329.0,386092.0,109.05574,5.0,5.37,0.33,,14.9
