ano,mes,indice,indice_dessaz,fbcf_r$_2010_milhoes
1996,1,83.1444973103798,91.6637247578247,32227.98313732245
1996,2,92.8127718527504,97.6747873501136,35975.54309616563
1996,3,102.776012776868,101.181684272062,39837.436196521856
1996,4,99.4453470887013,98.7812788177851,38546.423067491916
1996,5,103.155543964277,97.4097664709497,39984.54785277789
1996,6,100.941232347023,99.9546127012658,39126.249351131526
1996,7,108.065378770931,101.381148607593,41887.66926759857
1996,8,105.473525076351,104.044077042888,40883.030116897935
1996,9,102.240011652717,101.80783974952,39629.67457970386
1996,10,109.327137349072,107.738913548552,42376.74473855729
1996,11,105.340766714431,108.140777047849,40831.571098108936
1996,12,101.624028536495,104.4451771036,39390.91081150919
1997,1,97.6978648443842,105.093147814769,37869.07424611521
1997,2,105.153737914773,111.572957675681,40759.07610359587
1997,3,107.26934844084,106.38731110955,41579.116666561145
1997,4,115.208561748463,110.939568526563,44656.46803632758
1997,5,107.133028109992,103.949900817356,41526.27697821831
1997,6,113.675915141544,112.71682375608,44062.39253382893
1997,7,121.005974916604,114.62970198112,46903.62737854484
1997,8,109.10736771475,109.109162077292,42291.55893395722
1997,9,112.541712168647,110.273106441588,43622.759419438815
1997,10,110.902209179449,109.10603612265,42987.26487179891
1997,11,104.914315324473,109.123120165696,40666.27252121759
1997,12,111.96127409607,113.597499911653,43397.77341282852
1998,1,102.438980320837,112.81085935489,39706.797649555236
1998,2,99.8734353037979,107.571247893727,38712.35611437652
1998,3,118.62881137536,113.248516151383,45982.20515213919
1998,4,114.11363181441,112.900499055866,44232.05769248528
1998,5,115.445651184879,111.865508153602,44748.367240304375
1998,6,113.682236100711,110.106541490533,44064.8426122777
1998,7,118.062255647169,111.93311742334,45762.6001386373
1998,8,106.848153192835,106.741374190344,41415.855417233164
1998,9,113.60266925999,111.863883886316,44034.00137943617
1998,10,107.894898107362,108.449710352188,41821.5885510622
1998,11,104.553932756471,107.209637901625,40526.5831270867
1998,12,99.2695741361656,99.9801860461867,38478.290984906234
1999,1,93.8270575060283,103.888779700016,36368.6945680503
1999,2,95.5379207161181,102.61656685656,37031.84934652635
1999,3,104.621695537854,97.8964988434243,40552.84894725915
1999,4,96.6482208270699,95.5792017510999,37462.217373483654
1999,5,102.963598150474,99.7645650168074,39910.146947978916
1999,6,107.931081922454,105.372288232093,41835.61391749653
1999,7,100.107623661191,96.7411296025467,38803.13084137019
1999,8,100.632651189962,98.9604492755905,39006.638937448595
1999,9,99.3542992488478,97.9622109718653,38511.1316442153
1999,10,97.9659566096878,100.150276971295,37972.990400724135
1999,11,98.9502586744692,99.7731413336569,38354.519802884446
1999,12,99.2156276458415,99.6742337250494,38457.38056953544
2000,1,88.8712886422623,98.5074060105441,34447.768460901396
2000,2,100.116167667429,99.2503332644258,38806.44261706279
2000,3,104.099020320303,104.025255225031,40350.25263823138
2000,4,101.446895158809,104.065052764978,39322.25141434646
2000,5,109.974854580275,103.737338512147,42627.80910438002
2000,6,108.121641660917,106.267856522876,41909.47756525079
2000,7,105.136336614781,103.18934679439,40752.33110562862
2000,8,110.286702277326,106.135675871604,42748.6856824875
2000,9,105.062265507895,104.760342134006,40723.62009694816
2000,10,105.064291449595,105.573850998583,40724.40538060572
2000,11,109.124858318378,109.246253823589,42298.338531039706
2000,12,108.101960232024,110.508895177828,41901.84876504046
2001,1,105.975452770294,111.801065406284,41077.584388528485
2001,2,102.37548750748,110.242945808671,39682.18693550184
2001,3,114.760552422223,109.005823785045,44482.81326823846
2001,4,106.069981266531,106.973970534347,41114.22497066134
2001,5,115.500405896647,110.122424567481,44769.59093925886
2001,6,104.481956036818,105.504778998172,40498.68393092602
2001,7,110.312529252915,106.986316218545,42758.696575900096
2001,8,112.580162605321,108.115053619882,43637.66333622716
2001,9,101.417947941762,102.816288261573,39311.03105658908
2001,10,101.868843270869,101.514993695831,39485.80446352071
2001,11,98.9213144887376,99.148689237574,38343.30061833253
2001,12,97.5181167403915,99.4075586665945,37799.40132453648
2002,1,92.8450424905771,95.5915831013769,35988.051652884365
2002,2,94.6030698207258,100.139855219418,36669.487911271506
2002,3,110.050785978697,108.175418179207,42657.241183812526
2002,4,107.43376282185,104.173719455279,41642.845993515075
2002,5,104.638648420446,101.93860777043,40559.42011793688
2002,6,100.034415457703,104.927247374291,38774.75430013703
2002,7,111.169234281547,107.418162591929,43090.76756512828
2002,8,105.97663933026,103.185625049341,41078.044318882916
2002,9,105.700092988191,105.074745458731,40970.85104527538
2002,10,107.900419289443,106.979229557553,41823.728640659036
2002,11,105.49205340741,106.729416614805,40890.211961290355
2002,12,107.576906903149,108.445325727644,41698.33066403063
2003,1,105.347513614873,108.941773549382,40834.18629945502
2003,2,101.371910623806,103.053242540628,39293.186349675656
2003,3,100.067776061321,101.23959280999,38787.68534773694
2003,4,100.329542836082,100.139097923611,38889.14985203151
2003,5,96.8756974011195,95.158070451318,37550.39051067321
2003,6,93.5950477827975,95.9836924350709,36278.7643175052
2003,7,98.6961505472446,94.9358850005406,38256.02389837764
2003,8,98.0165534592858,96.7028126043579,37992.602454946835
2003,9,103.903545193468,101.335489025102,40274.48371600594
2003,10,105.484377543619,103.787235782058,40887.23669402362
2003,11,103.320791930542,105.466396540497,40048.60030890504
2003,12,96.4694464258415,96.5693103774449,37392.92188669142
2004,1,97.9242970780507,103.828374832243,37956.842579066266
2004,2,98.3485427429555,105.319194747637,38121.28619927227
2004,3,113.307246778994,107.54261092012,43919.49145807747
2004,4,108.352833844406,109.570853233951,41999.09092990255
2004,5,108.754866609809,108.434885737745,42154.92451608459
2004,6,108.416749545782,109.058390528305,42023.86555977327
2004,7,113.493989358101,110.455032257832,43991.87552300799
2004,8,114.956740609828,110.964445555048,44558.85859718702
2004,9,114.78842933207,111.820407287119,44493.61876534988
2004,10,108.518431835357,109.776433829703,42063.27905339684
2004,11,116.750517446647,115.538607067216,45254.15187014098
2004,12,102.004475517993,102.017848403081,39538.37745202992
2005,1,103.157470737222,108.344849060075,39985.29499402446
2005,2,99.1046769361709,106.305305475979,38414.374783138475
2005,3,111.542157026608,107.806975763948,43235.31801530894
2005,4,107.556515898574,108.151027120117,41690.42713047212
2005,5,112.683566529939,112.106219848975,43677.744485961106
2005,6,115.204208971486,117.140837030909,44654.78115504015
2005,7,111.324765416783,110.394893493848,43151.053951970076
2005,8,119.520557830137,112.635726540248,46327.859034682326
2005,9,115.364175053077,111.644457565904,44716.78627125465
2005,10,110.422207379439,109.525990458391,42801.209688491
2005,11,113.981686202377,111.541488101578,44180.914035088594
2005,12,111.296934418185,113.99396124003,43140.26626319711
2006,1,110.216062126013,116.072666085182,42721.304871114386
2006,2,107.44196606814,118.351809576287,41646.02599484089
2006,3,123.754683405844,118.558005038531,47969.066005684144
2006,4,109.069743735678,115.971749738857,42276.97564642411
2006,5,121.276107040907,117.141194397946,47008.33474301439
2006,6,117.190674423414,116.983723763199,45424.76326517695
2006,7,120.901133537506,118.438043311004,46862.98970846699
2006,8,125.257033804567,116.08170447582,48551.398273495564
2006,9,119.977280857924,117.509924813176,46504.89134041521
2006,10,123.68566548822,119.490766467427,47942.313684438865
2006,11,123.615438610159,120.693720241877,47915.092753025434
2006,12,117.438811301623,123.139494690697,45520.94462948312
2007,1,119.84848782416,124.901806072468,46454.9693617104
2007,2,115.744111247705,127.991386956571,44864.054936591536
2007,3,130.402159328134,127.657743870962,50545.72173807734
2007,4,123.518979175872,130.681596399324,47877.703735600684
2007,5,136.108917375157,131.436071483353,52757.74188987192
2007,6,131.124218148971,132.470059317324,50825.60195190658
2007,7,138.415014566896,132.896865140917,53651.61778544884
2007,8,146.492329455076,134.564325878978,56782.49930483709
2007,9,133.327035678033,132.718255980104,51679.44518914587
2007,10,144.094696202721,136.532724274351,55853.14273721658
2007,11,139.121231753003,136.194193243163,53925.35755754717
2007,12,131.330646544277,139.080572382486,50905.616518243005
2008,1,136.784120607601,142.790722071602,53019.46020297058
2008,2,132.714939655385,140.746442791024,51442.188100066014
2008,3,140.51629773701,144.632263237373,54466.10485663472
2008,4,143.708931692705,147.177263146103,55703.61494336636
2008,5,148.489033917833,147.386997867516,57556.450188901596
2008,6,151.835508089457,155.269310986383,58853.59091967168
2008,7,164.210630715966,156.178733129626,63650.36351789837
2008,8,166.978137963527,157.673366533321,64723.08847838138
2008,9,162.134688220505,156.640399037053,62845.698838746765
2008,10,169.004939343419,159.376103503717,65508.70536594969
2008,11,142.058970051849,143.138153585688,55064.066469718964
2008,12,126.396245104733,130.893621310596,48992.97270302376
2009,1,121.504776882963,129.361570389625,47096.97042013203
2009,2,115.456100819815,127.606255360496,44752.41800881868
2009,3,134.143156097221,131.440787349878,51995.78499583931
2009,4,128.868117878334,135.411330095226,49951.1055574392
2009,5,137.642428107213,137.205790831343,53352.15233031319
2009,6,140.727385014454,140.889577673431,54547.925269739775
2009,7,152.468711110381,144.874985039172,59099.02936637662
2009,8,158.966651623194,149.938936282899,61617.72303402157
2009,9,162.868043166424,157.09548387793,63129.957588271594
2009,10,169.008415419949,160.400708445098,65510.05274018011
2009,11,166.073682961616,163.536785937148,64372.50892234119
2009,12,159.018884118434,164.684985017756,61637.96908809775
2010,1,152.772490016812,165.174105513593,59216.77837473144
2010,2,151.015439070428,167.070107447292,58535.72057123761
2010,3,174.938368712755,168.986974239115,67808.58653387314
2010,4,160.469555480491,168.509533018277,62200.2698374177
2010,5,169.889792482091,169.176816938204,65851.68696559178
2010,6,170.234287637413,170.72657444352,65985.21816130396
2010,7,175.520878726869,170.147893214449,68034.37565600536
2010,8,184.769257811686,172.182427194928,71619.17822439213
2010,9,186.389608261444,179.523690590625,72247.24898151704
2010,10,179.113722155195,172.294260587851,69427.01259611727
2010,11,182.972810008223,177.419776883854,70922.84964175442
2010,12,170.52286403658,177.034145028294,66097.07445605814
2011,1,163.612762311812,175.923603434803,63418.62127249175
2011,2,173.254421291975,180.839124013479,67155.864692025
2011,3,181.248911096214,183.881174251718,70254.6420367629
2011,4,170.536827650156,180.814414589242,66102.48695114562
2011,5,189.717549448864,186.105144587857,73537.20606655946
2011,6,181.04838430098,182.253474522901,70176.91501411356
2011,7,187.985387967142,186.822101628044,72865.79577166589
2011,8,199.247621615334,184.397573909043,77231.19685850664
2011,9,190.937217117521,183.218515662915,74009.9665093509
2011,10,191.330348848326,182.535592307174,74162.34992977507
2011,11,192.479909072431,185.389069180577,74607.93573526069
2011,12,177.896033279241,188.25450981225,68955.01916234243
2012,1,177.338302125787,188.640403910876,68738.83470055088
2012,2,172.508892835196,184.593642659616,66866.88733809236
2012,3,184.548004039013,181.267451229506,71533.4171574302
2012,4,174.404161458692,184.566885506821,67601.52026883523
2012,5,192.654158586223,186.084787560779,74675.47733731483
2012,6,180.265459955084,183.869729432401,69873.44248555016
2012,7,187.179390963568,183.057129762338,72553.37995549443
2012,8,198.302634182691,183.945168043299,76864.90638722369
2012,9,184.100752253734,182.065235494365,71360.05603820614
2012,10,199.855318920705,186.536653240568,77466.74895743567
2012,11,189.651265477134,184.394304807506,73511.51348644476
2012,12,175.614638902157,189.625081851928,68070.71845048957
2013,1,184.108645908119,186.921662173881,71363.11572268505
2013,2,176.039418265797,190.121077802371,68235.36893387267
2013,3,190.035560626085,190.491604423748,73660.47171490594
2013,4,203.735872788309,204.507850576186,78970.90652608602
2013,5,198.605043793753,194.619079327227,76982.12462241302
2013,6,191.441989617935,201.720598296588,74205.62348877333
2013,7,199.835489753009,195.140817557842,77459.0628832306
2013,8,206.49418142742,196.630279323145,80040.06597615332
2013,9,205.106780019564,200.290594719015,79502.28956302357
2013,10,214.545679208069,199.607953314673,83160.94041975847
2013,11,199.581425544712,197.403799551559,77360.58400187084
2013,12,176.048317047224,189.117670033769,68238.81822744405
2014,1,194.192456441875,198.185704180459,75271.74331053492
2014,2,189.39324324255,195.495214769176,73411.50038116939
2014,3,189.496428315571,194.877071450365,73451.49637520657
2014,4,188.962231174977,193.85529754987,73244.43400635473
2014,5,191.173530881268,188.50683954214,74101.56505523466
2014,6,175.668601543751,180.154550707988,68091.63509953173
2014,7,183.369056161113,178.788843471158,71076.44024568831
2014,8,186.926889982195,181.6254839891,72455.50696655335
2014,9,195.604337556693,188.71217443974,75819.00840417866
2014,10,199.756338789871,185.548717723922,77428.38281951463
2014,11,185.762916449052,186.546147135493,72004.33435865537
2014,12,166.193532261073,176.049296340587,64418.96420405466
2015,1,173.702197845136,179.315555457278,67329.42920309547
2015,2,163.297710118587,177.380695592517,63296.502570792785
2015,3,182.006918236277,174.947717850204,70548.45631134968
2015,4,165.32056422138,169.870819921311,64080.589437808834
2015,5,164.711455877256,165.65302529993,63844.49042673428
2015,6,157.658006201358,159.13837817876,61110.47354909885
2015,7,165.615327016869,161.383059791338,64194.843667270434
2015,8,160.521992571186,155.5272648469,62220.595182089826
2015,9,155.324001411939,149.855983261762,60205.780274181416
2015,10,161.904521946906,152.687792169968,62756.4831263905
2015,11,153.492368308821,151.809458843546,59495.81337179151
2015,12,129.636433044273,137.477441186487,50248.91537974638
2016,1,141.221074379144,148.05885794021,54739.286271213285
2016,2,133.373801925493,138.790459231988,51697.572453519475
2016,3,147.155825895359,145.194048427803,57039.679917294954
2016,4,139.488214419848,143.035735658464,54067.60523637592
2016,5,140.769875617792,141.567710785992,54564.39524824489
2016,6,155.208572262356,158.313156355545,60161.03833062268
2016,7,141.057270595498,141.841667375035,54675.79360735468
2016,8,147.062675230419,137.428863461329,57003.57340177012
2016,9,142.350130074081,136.708287463635,55176.924231220386
2016,10,143.234351122545,136.063780282965,55519.6608186008
2016,11,136.8570506315,132.099642941335,53047.72892917442
2016,12,130.919880645957,139.998353575701,50746.39785016734
2017,1,131.018327285476,135.906136688224,50784.55717635491
2017,2,127.842033492314,138.310152558882,49553.380766994516
2017,3,140.562679122206,135.509568452895,54484.082972524906
2017,4,125.966629689488,135.122544294278,48826.447721621036
2017,5,138.851212821048,135.713038881811,53820.69442202707
2017,6,137.363682089467,138.866258023912,53244.10646632101
2017,7,135.013206038596,134.385790284362,52333.02869674286
2017,8,147.729638913253,136.859594547751,57262.09797874619
2017,9,143.648963748151,140.016930367887,55680.3705553094
2017,10,147.600444420337,138.675654499851,57212.020365573284
2017,11,145.86069194868,141.034803829792,56537.66769522466
2017,12,133.799446530983,144.274974770357,51862.55834049714
2018,1,132.100532526729,133.633947883784,51204.035218469624
2018,2,138.571699985022,146.771488688649,53712.35127216914
2018,3,142.137277488253,143.258786227567,55094.41955423819
2018,4,141.702387026239,146.581222130583,54925.849858815985
2018,5,134.130704233021,132.080250451162,51990.95849243509
2018,6,142.230374540734,147.930787418255,55130.50528881317
2018,7,163.35765921257,160.654154719389,63319.739712894196
2018,8,160.735794099348,148.640168173624,62303.46770378376
2018,9,141.602505288076,139.765546106987,54887.1342840885
2018,10,155.251782810356,144.501077621374,60177.787346490615
2018,11,159.133919695226,154.897126498286,61682.55852321228
2018,12,130.901363194415,141.743996180339,50739.22022075347
2019,1,143.116116513723,146.538375659131,55473.83140701694
2019,2,141.923745458883,142.448859822318,55011.65151783264
2019,3,139.972206827398,147.05687581855,54255.20753608933
2019,4,145.217463489468,152.011133767931,56288.34322231586
2019,5,156.892749711074,152.109781079102,60813.849330664845
2019,6,146.852958599458,154.799557252967,56922.28426409843
2019,7,161.427853070681,157.070012322518,62571.7195504043
2019,8,165.618325291167,156.919556754625,64196.00586516563
2019,9,161.30048673815,157.421546422856,62522.35055807926
2019,10,165.785350808489,154.113994474557,64260.747318569316
2019,11,151.897719571935,149.374850234255,58877.70498465057
2019,12,131.979322219581,140.944974191186,51157.05238773282
2020,1,159.750000120113,165.69446227804,61921.35999345847
2020,2,152.630123971482,159.872307032688,59161.59527498126
2020,3,142.410272308405,140.907203889271,55200.236192456534
2020,4,100.553306270153,106.127015202784,38975.88401505552
2020,5,150.049274039446,149.599540841444,58161.221330627355
2020,6,133.113678790398,136.743057155773,51596.74502808384
2020,7,146.238464981467,142.60818220779,56684.097829106046
2020,8,146.580217639384,141.808072199313,56816.56599401177
2020,9,152.457770279148,146.141132292898,59094.78854558413
2020,10,157.568424042032,147.642598506944,61075.750243333896
2020,11,155.793188649872,151.665234209955,60387.643891481515
2020,12,183.18491250809,190.743471083099,71005.0635634116
2021,1,158.022252121998,167.983433513837,61251.660440589716
2021,2,148.450798468127,158.838258949189,57541.62959836926
2021,3,201.450914909885,194.158171636974,78085.22451622931
2021,4,149.178779096459,156.808793601978,57823.80518854813
2021,5,160.695163009036,159.168892743079,62287.71851369204
2021,6,176.108622194514,180.430299454946,68262.1933459765
2021,7,165.717593364335,163.77789336836,64234.483571006764
2021,8,172.347546648103,165.380418532749,66804.34725679205
2021,9,173.095316387558,166.23147389889,67094.19338639591
2021,10,171.87916938843,163.977650046479,66622.79760487699
2021,11,172.196605224433,165.963595578642,66745.84022563093
2021,12,160.976138787133,168.308275774878,62396.62870020641
2022,1,154.059384602649,163.733664549057,59715.59692696692
2022,2,154.863544726938,163.282666851921,60027.300767473855
2022,3,168.983882770412,162.926794499023,65500.54355142636
2022,4,157.826933492973,168.226415590808,61175.952175804916
2022,5,172.067321451008,168.428739999346,66695.72800496937
2022,6,165.781917456012,169.200009009845,64259.41649784242
2022,7,172.816063481345,173.602397938649,66985.95100826905
2022,8,182.552965541982,173.302495392135,70760.11199346329
2022,9,181.721110476673,173.747368969216,70437.67320202083
2022,10,185.508142268063,176.133314518426,71905.5802989337
2022,11,177.87355679002,170.887699721562,68946.30696230987
2022,12,157.963823941912,167.766654260013,61229.0128503823
2023,1,156.462036549685,165.17869799132,60630.708176297565
2023,2,150.767684983362,162.815979168025,58424.0862015073
2023,3,177.608507766955,169.440971540655,68825.19134682456
2023,4,151.702657591845,164.566260503833,58786.398060842985
2023,5,173.132633975184,167.950462473444,67090.74250743068
2023,6,163.171115632971,164.989177322723,63230.54788822183
2023,7,163.152991322067,162.691227794331,63223.524524410714
2023,8,171.561316699337,161.838319892408,66481.84030146967
2023,9,165.625188578594,159.462899113262,64181.52733276053
2023,10,172.612888739505,161.098886932448,66889.33568437383
2023,11,170.950613467639,164.342321499588,66245.18628468749
2023,12,154.74010529285,167.759487867964,59963.44144607285
2024,1,163.152395892089,169.327304813611,61024.04964929892
2024,2,161.959356820171,167.750008802489,60577.81608245365
2024,3,172.173489787733,173.892286983901,64398.218191346416
2024,4,170.6307,174.3207,63821.16702338612
2024,5,169.3766,166.5528,63352.09477809833
2024,6,173.5267,181.856,64904.36072592458
2024,7,181.6421,176.2067,67939.77169746479
2024,8,184.3644,177.1883,68957.9962197094
2024,9,185.7255,178.7772,69467.08977928298
2024,10,195.157,180.0668,72994.76291653828
2024,11,182.9661,180.9867,68434.98870787947
2024,12,166.0723,179.4475,62116.18422861706
2025,1,171.1525,177.3589,64016.33638594986
2025,2,194.4903,199.3301,72745.39646575015
2025,3,176.425,180.6965,65988.41469970468
2025,4,176.1194,183.4234,65874.1108338567
2025,5,181.5103,179.4509,67890.47441500811
2025,6,177.0011,180.3737,66203.893944191
2025,7,184.807,178.7312,69123.54232908216
2025,8,178.5677,174.498,66789.85086905175
2025,9,201.1652,190.5871,75242.01581833091
2025,10,192.163,177.4754,71874.91417848575
2025,11,177.3654,178.2488,66340.15342824996
2025,12,157.6826,169.2476,58978.176560734886
2026,1,164.5679,174.7146,61553.49203037851
