ano,bimestre,regiao_codigo,regiao_nome,elemento,empenhado_acum,pago_acum,empenhado_fluxo,pago_fluxo
2015,6,A1,REGIÃO METROPOLITANA DE FORTALEZA,equip,257553669.6,240358904.85,56099152.16,54300789.64
2015,6,A2,LITORAL OESTE,equip,2610485.84,1495879.74,455348.62,1031684.46
2015,6,A22,ESTADO DO CEARÁ (não regionalizado),equip,11836827.9,5520247.66,5990842.7,1842584.08
2015,6,A3,SOBRAL / IBIAPABA,equip,6294801.04,4330098.35,840374.77,1305718.51
2015,6,A4,SERTÃO DE INHAMUNS,equip,8486376.21,7433327.64,472629.73,6662815.74
2015,6,A5,SERTÃO CENTRAL,equip,30173497.81,12294176.2,2353477.22,11204555.38
2015,6,A6,BATURITÉ,equip,2300867.22,967435.17,384994.34,521451.45
2015,6,A7,LITORAL LESTE / JAGUARIBE,equip,1714931.16,1323429.19,110588.27,539799.43
2015,6,A8,CARIRI / CENTRO SUL,equip,8751245.44,6309044.34,1112384.87,1454679.16
2015,6,A1,REGIÃO METROPOLITANA DE FORTALEZA,obras,468767238.31,452178869.49,124354248.13,114853068.74
2015,6,A2,LITORAL OESTE,obras,111895794.94,105952257.13,24318747.82,28231508.09
2015,6,A22,ESTADO DO CEARÁ (não regionalizado),obras,5835756.78,3299115.46,1117971.89,970246.1
2015,6,A3,SOBRAL / IBIAPABA,obras,178542132.25,172644438.01,26780593.11,34609028.15
2015,6,A4,SERTÃO DE INHAMUNS,obras,37968510.96,32599819.35,7832604.3,9013339.3
2015,6,A5,SERTÃO CENTRAL,obras,104168953.89,92317723.39,21776869.29,25381866.96
2015,6,A6,BATURITÉ,obras,13050784.37,10529377.04,5037922.99,3255960.23
2015,6,A7,LITORAL LESTE / JAGUARIBE,obras,222047642.87,217027529.38,69108535.05,75205971.26
2015,6,A8,CARIRI / CENTRO SUL,obras,324049450.44,309733147.4,93116672.61,100466195.25
2016,6,01,Cariri,equip,7667621.22,5881860.79,2524727.17,3883925.34
2016,6,02,Centro Sul,equip,2990984.47,2276447.96,610210.05,1137336.81
2016,6,03,Grande Fortaleza,equip,137739065.49,116831523.53,48132052.51,49681071.99
2016,6,04,Litoral Leste,equip,2865054.72,1942848.68,2229056.55,1431258.17
2016,6,05,Litoral Norte,equip,5614374.84,5153435.22,4518704.67,4686540.8
2016,6,06,Litoral Oeste / Vale do Curu,equip,2817200.78,2378698.83,801348.46,1370439.95
2016,6,07,Maciço do Baturité,equip,2086227.91,312335.55,1248949.97,90867.87
2016,6,08,Serra da Ibiapaba,equip,672899.16,557246.3,64029.48,155007.6
2016,6,09,Sertão Central,equip,13632660.61,10962980.08,3071420.91,3784194.12
2016,6,10,Sertão de Canindé,equip,3391502.85,2148298.2,789710.69,1291719.23
2016,6,11,Sertão de Sobral,equip,4196855.77,1701482.7,712566.54,786242.66
2016,6,12,Sertão dos Crateús,equip,1211751.0,860007.05,260488.53,483393.26
2016,6,13,Sertão dos Inhamuns,equip,1244074.0,1207191.32,34044.0,863383.9
2016,6,14,Vale do Jaguaribe,equip,1781693.18,1338274.58,178179.62,513269.18
2016,6,15,Estado do Ceará (não regionalizado),equip,25214985.66,9425379.03,16675822.34,5748430.32
2016,6,01,Cariri,obras,258145445.29,202126992.6,105553665.4,54342060.17
2016,6,02,Centro Sul,obras,50095735.77,49126717.33,9501163.39,12689534.89
2016,6,03,Grande Fortaleza,obras,363943369.7,352993876.87,114690433.35,125784829.43
2016,6,04,Litoral Leste,obras,29780978.43,28433125.31,9789408.04,8512471.85
2016,6,05,Litoral Norte,obras,25309323.91,24163017.94,8233828.01,7585177.98
2016,6,06,Litoral Oeste / Vale do Curu,obras,60529907.17,58199524.59,6505721.71,6976321.58
2016,6,07,Maciço do Baturité,obras,53373742.61,50336453.92,12032529.85,13077625.5
2016,6,08,Serra da Ibiapaba,obras,52066648.22,51266312.01,7631668.52,7575230.67
2016,6,09,Sertão Central,obras,95342282.98,94056926.95,13262032.27,16567607.18
2016,6,10,Sertão de Canindé,obras,17187403.89,16757312.85,3678851.03,3537915.06
2016,6,11,Sertão de Sobral,obras,22648345.82,20636229.42,8478410.06,7185868.72
2016,6,12,Sertão dos Crateús,obras,27540700.34,26990427.24,13617948.02,14086557.52
2016,6,13,Sertão dos Inhamuns,obras,14545345.79,14337643.7,1330044.92,1226770.05
2016,6,14,Vale do Jaguaribe,obras,73999041.17,72707059.34,10110930.64,10639722.89
2016,6,15,Estado do Ceará (não regionalizado),obras,6346690.45,2087706.67,2599972.03,722061.11
2017,6,01,Cariri,equip,10888032.14,7405513.98,1765141.75,3567545.13
2017,6,02,Centro Sul,equip,2198283.43,1664082.82,500761.02,1333765.82
2017,6,03,Grande Fortaleza,equip,199573139.59,133239456.36,111395477.86,92037733.29
2017,6,04,Litoral Leste,equip,6120577.34,4792911.6,1244905.04,1682050.76
2017,6,05,Litoral Norte,equip,11415778.65,10437157.73,971128.64,1302976.48
2017,6,06,Litoral Oeste / Vale do Curu,equip,6282554.95,3777864.15,2348690.58,2071718.59
2017,6,07,Maciço do Baturité,equip,2067409.29,1516392.2,434942.87,393451.43
2017,6,08,Serra da Ibiapaba,equip,2212289.72,1984561.2,253154.93,1144161.81
2017,6,09,Sertão Central,equip,4262480.25,3494151.47,406557.4,1049998.76
2017,6,10,Sertão de Canindé,equip,4547640.64,2499328.94,1837862.97,1095136.89
2017,6,11,Sertão de Sobral,equip,6420683.51,4305480.03,1792342.0,1819081.94
2017,6,12,Sertão dos Crateús,equip,2522493.11,1516434.24,708772.6,323585.78
2017,6,13,Sertão dos Inhamuns,equip,2068290.86,1296235.9,221380.49,933175.33
2017,6,14,Vale do Jaguaribe,equip,3415971.08,2797680.12,548728.37,1327742.12
2017,6,15,Estado do Ceará (não regionalizado),equip,21317804.6,7956718.7,11944829.45,3084755.3
2017,6,01,Cariri,obras,340706712.11,296586284.1,129643871.34,94375483.71
2017,6,02,Centro Sul,obras,78002311.26,73954446.96,24159407.22,22764077.1
2017,6,03,Grande Fortaleza,obras,432611404.57,406553922.91,147253392.99,135680426.75
2017,6,04,Litoral Leste,obras,64705022.96,55446784.13,31409929.77,26271344.83
2017,6,05,Litoral Norte,obras,29652902.3,24855676.68,10415839.58,6257528.68
2017,6,06,Litoral Oeste / Vale do Curu,obras,27465873.35,25431796.68,7162902.72,7112640.24
2017,6,07,Maciço do Baturité,obras,54821669.65,51248319.55,14325372.89,13332124.06
2017,6,08,Serra da Ibiapaba,obras,30586232.27,27015106.73,17643636.81,14428095.45
2017,6,09,Sertão Central,obras,66331437.85,61036161.98,15002084.36,12503210.27
2017,6,10,Sertão de Canindé,obras,14180914.37,12492749.22,5422227.41,4059336.17
2017,6,11,Sertão de Sobral,obras,72011767.97,69733847.52,22927147.07,23660399.38
2017,6,12,Sertão dos Crateús,obras,65938168.85,61332310.8,16083729.72,17134541.89
2017,6,13,Sertão dos Inhamuns,obras,4897543.65,3830778.91,1272861.12,1702482.56
2017,6,14,Vale do Jaguaribe,obras,29249347.47,26012479.08,10965394.03,8473119.31
2017,6,15,Estado do Ceará (não regionalizado),obras,6209883.56,3583146.82,2596374.45,730802.94
2018,6,01,Cariri,equip,16176972.55,14114509.09,1237274.27,4788189.01
2018,6,02,Centro Sul,equip,5142613.92,4628811.77,431864.68,1481163.9
2018,6,03,Grande Fortaleza,equip,225283446.01,197591171.0,69474985.94,102264184.5
2018,6,04,Litoral Leste,equip,1529474.55,1298896.92,190487.1,80217.3
2018,6,05,Litoral Norte,equip,8344112.85,7704595.15,702974.04,724850.51
2018,6,06,Litoral Oeste / Vale do Curu,equip,4321409.72,3567973.94,425064.07,651524.26
2018,6,07,Maciço do Baturité,equip,5029771.2,4421344.19,411189.43,1291306.32
2018,6,08,Serra da Ibiapaba,equip,4395739.89,3162896.09,260339.32,342272.62
2018,6,09,Sertão Central,equip,9422527.55,8400598.98,387674.73,809458.52
2018,6,10,Sertão de Canindé,equip,2980213.38,2611200.93,275515.35,848944.78
2018,6,11,Sertão de Sobral,equip,4932043.89,3376105.43,741916.73,561001.24
2018,6,12,Sertão dos Crateús,equip,6365601.88,4896465.42,1730625.37,1789984.4
2018,6,13,Sertão dos Inhamuns,equip,2029353.22,1313925.96,505355.87,503871.91
2018,6,14,Vale do Jaguaribe,equip,4484868.58,3951692.88,486395.2,1738912.41
2018,6,15,Estado do Ceará (não regionalizado),equip,39725496.75,27048616.61,12064655.81,15465727.59
2018,6,01,Cariri,obras,352716985.5,343386481.82,109947643.65,107440172.11
2018,6,02,Centro Sul,obras,41955442.57,41026091.17,9927681.19,10585073.61
2018,6,03,Grande Fortaleza,obras,510855499.08,458336522.6,171329810.98,150706402.25
2018,6,04,Litoral Leste,obras,57857267.53,56076926.51,17624794.9,18447143.35
2018,6,05,Litoral Norte,obras,39410913.96,39038387.07,9979190.76,16066716.09
2018,6,06,Litoral Oeste / Vale do Curu,obras,37765130.21,37550422.65,10615731.38,10949298.3
2018,6,07,Maciço do Baturité,obras,33592650.58,33323692.73,11393095.51,13335463.09
2018,6,08,Serra da Ibiapaba,obras,69061780.9,59384550.05,43628463.61,36043866.95
2018,6,09,Sertão Central,obras,25053003.08,24602096.32,4356816.58,5708007.66
2018,6,10,Sertão de Canindé,obras,20191403.18,19269194.75,5415736.33,5128579.05
2018,6,11,Sertão de Sobral,obras,81907538.12,81287210.91,16557728.52,17829283.61
2018,6,12,Sertão dos Crateús,obras,44561753.68,43767657.92,13733665.92,17880571.49
2018,6,13,Sertão dos Inhamuns,obras,14624233.7,14479830.74,6717760.25,7219577.86
2018,6,14,Vale do Jaguaribe,obras,77347167.43,77048512.19,18298000.83,22194133.74
2018,6,15,Estado do Ceará (não regionalizado),obras,30712835.56,9909552.21,9244149.56,3609022.59
2019,6,01,Cariri,equip,7297081.33,3008027.03,4032391.12,494540.14
2019,6,02,Centro Sul,equip,3730808.86,1492790.43,2809378.92,965070.45
2019,6,03,Grande Fortaleza,equip,103041220.06,67792073.77,35762011.1,23983863.06
2019,6,04,Litoral Leste,equip,1679922.17,787302.1,977343.79,154760.04
2019,6,05,Litoral Norte,equip,2945911.71,1550447.19,1813238.54,614675.35
2019,6,06,Litoral Oeste / Vale do Curu,equip,1931275.6,896175.56,1584934.73,631626.2
2019,6,07,Maciço do Baturité,equip,692367.98,435043.68,241046.5,124940.09
2019,6,08,Serra da Ibiapaba,equip,1493573.3,722044.12,597155.92,211576.58
2019,6,09,Sertão Central,equip,3876312.2,2734450.19,1182134.64,418076.49
2019,6,10,Sertão de Canindé,equip,1579473.09,993259.55,564101.31,106788.53
2019,6,11,Sertão de Sobral,equip,4647023.38,3832950.42,674817.01,752497.33
2019,6,12,Sertão dos Crateús,equip,5273405.83,3674903.91,1691093.13,1161090.59
2019,6,13,Sertão dos Inhamuns,equip,887875.34,589790.74,316242.7,59538.05
2019,6,14,Vale do Jaguaribe,equip,2494756.39,1135464.31,1366503.15,216473.01
2019,6,15,Estado do Ceará (não regionalizado),equip,46841133.85,32560507.47,17026479.82,24497901.6
2019,6,01,Cariri,obras,257035725.53,172385582.67,140396522.04,61608955.16
2019,6,02,Centro Sul,obras,29518178.4,27168646.93,3961994.22,2901271.57
2019,6,03,Grande Fortaleza,obras,586619958.08,417719605.75,314385798.03,172930528.85
2019,6,04,Litoral Leste,obras,51381820.78,46090303.36,18266053.2,15818047.18
2019,6,05,Litoral Norte,obras,16949945.32,14219757.22,4270026.18,2204852.85
2019,6,06,Litoral Oeste / Vale do Curu,obras,21436371.7,20494358.38,9871148.21,10532444.44
2019,6,07,Maciço do Baturité,obras,12539552.94,10149253.26,5695446.58,3659391.48
2019,6,08,Serra da Ibiapaba,obras,14650645.48,11955786.03,5266493.3,3569894.46
2019,6,09,Sertão Central,obras,19220042.19,17316010.82,8352002.75,7878912.23
2019,6,10,Sertão de Canindé,obras,8584298.08,5321201.23,3084704.35,538557.88
2019,6,11,Sertão de Sobral,obras,37547867.48,34535996.97,8505329.77,7190911.65
2019,6,12,Sertão dos Crateús,obras,47901033.82,43572071.15,10569377.57,10011149.11
2019,6,13,Sertão dos Inhamuns,obras,30487169.34,27770482.04,10661483.57,8454245.32
2019,6,14,Vale do Jaguaribe,obras,109981993.26,103201710.16,36128337.55,29705713.68
2019,6,15,Estado do Ceará (não regionalizado),obras,17876741.89,4830440.85,5863688.83,1810460.63
2020,6,01,Cariri,equip,6673313.86,2697613.39,4138644.67,922539.68
2020,6,02,Centro Sul,equip,4001317.06,2064826.35,1989243.85,1027828.68
2020,6,03,Grande Fortaleza,equip,264666663.82,194613741.46,53872910.08,24426585.75
2020,6,04,Litoral Leste,equip,2262530.98,1552339.56,748481.26,168515.71
2020,6,05,Litoral Norte,equip,2310467.96,1083313.61,1282403.26,573020.22
2020,6,06,Litoral Oeste / Vale do Curu,equip,2696071.09,1823569.23,1165565.73,739952.96
2020,6,07,Maciço do Baturité,equip,1589959.83,1076645.23,411575.68,226247.12
2020,6,08,Serra da Ibiapaba,equip,2820159.64,1569946.17,1193268.85,954736.61
2020,6,09,Sertão Central,equip,4322014.97,1831970.92,1229522.23,1234009.68
2020,6,10,Sertão de Canindé,equip,758127.89,227896.58,212001.1,61558.82
2020,6,11,Sertão de Sobral,equip,4853084.28,3293765.99,1827878.87,1615579.73
2020,6,12,Sertão dos Crateús,equip,2495529.87,1582277.03,1084525.83,1031042.84
2020,6,13,Sertão dos Inhamuns,equip,1083718.41,351439.36,705553.41,149898.63
2020,6,14,Vale do Jaguaribe,equip,6753134.54,1669512.08,3031333.76,208573.88
2020,6,15,Estado do Ceará (não regionalizado),equip,15586331.59,5485841.57,11334399.63,2773140.21
2020,6,01,Cariri,obras,410420941.33,227222127.03,257084397.59,79365326.82
2020,6,02,Centro Sul,obras,13248440.99,12537414.12,4100274.82,3857605.82
2020,6,03,Grande Fortaleza,obras,583701077.84,319606598.03,397544239.51,139062832.38
2020,6,04,Litoral Leste,obras,29386471.33,28093468.3,9365658.89,9623464.26
2020,6,05,Litoral Norte,obras,41906444.91,28164268.35,22428816.05,8854812.84
2020,6,06,Litoral Oeste / Vale do Curu,obras,25659901.79,23102994.64,12761644.15,11137455.7
2020,6,07,Maciço do Baturité,obras,15168995.78,13916409.6,6011448.53,6222461.84
2020,6,08,Serra da Ibiapaba,obras,4527244.17,2713012.83,3226616.52,1706418.38
2020,6,09,Sertão Central,obras,25357670.6,23485707.16,9428018.72,7716199.48
2020,6,10,Sertão de Canindé,obras,27514631.15,26791060.64,21252323.7,21230878.69
2020,6,11,Sertão de Sobral,obras,42488930.79,13590707.44,34625748.38,6856207.62
2020,6,12,Sertão dos Crateús,obras,29675398.81,21006333.85,14778178.73,9248230.59
2020,6,13,Sertão dos Inhamuns,obras,15365649.25,14910006.23,9814580.64,9388613.68
2020,6,14,Vale do Jaguaribe,obras,68877255.18,59955532.7,23546423.07,15088297.32
2020,6,15,Estado do Ceará (não regionalizado),obras,13028362.15,2747660.84,8760279.08,829620.92
2021,6,01,Cariri,equip,78217528.43,32538859.68,69264576.79,26364151.28
2021,6,02,Centro Sul,equip,26647401.1,9835306.35,24631894.24,8650148.09
2021,6,03,Grande Fortaleza,equip,409550452.88,136044965.67,289858278.54,75762934.1
2021,6,04,Litoral Leste,equip,12281565.28,3718297.16,11136859.68,3146701.13
2021,6,05,Litoral Norte,equip,33722938.53,8982433.76,30707024.61,6940227.34
2021,6,06,Litoral Oeste / Vale do Curu,equip,28300057.23,9211120.86,24734857.53,6804555.21
2021,6,07,Maciço do Baturité,equip,20631207.31,4850047.28,19127419.23,3852259.81
2021,6,08,Serra da Ibiapaba,equip,24925225.19,6876212.53,22852307.85,5599103.02
2021,6,09,Sertão Central,equip,33520774.08,8907259.69,30768444.86,7183935.07
2021,6,10,Sertão de Canindé,equip,16727751.71,4420790.32,14775509.78,3459844.07
2021,6,11,Sertão de Sobral,equip,35629221.14,9767091.0,31022563.62,6992789.35
2021,6,12,Sertão dos Crateús,equip,29913350.73,8624238.64,26187710.57,6562117.35
2021,6,13,Sertão dos Inhamuns,equip,8558541.4,1949007.43,8188557.35,1708814.63
2021,6,14,Vale do Jaguaribe,equip,44985316.53,15067023.54,23021149.1,6565660.0
2021,6,15,Estado do Ceará (não regionalizado),equip,22628730.31,12849142.38,5320462.09,5629261.51
2021,6,01,Cariri,obras,329460562.94,216471722.96,195583877.33,101684940.22
2021,6,02,Centro Sul,obras,19680287.11,5636768.23,15619509.3,2959779.95
2021,6,03,Grande Fortaleza,obras,725657935.79,463870956.29,386961314.21,161024564.91
2021,6,04,Litoral Leste,obras,30961312.89,24503763.62,11908694.23,7676721.61
2021,6,05,Litoral Norte,obras,45369419.93,35221906.39,17933271.91,11201522.6
2021,6,06,Litoral Oeste / Vale do Curu,obras,27163412.15,19861405.59,14668329.81,8236026.98
2021,6,07,Maciço do Baturité,obras,6489604.93,5385156.17,2079590.7,1787007.76
2021,6,08,Serra da Ibiapaba,obras,19969599.07,14326243.18,8540356.29,4406829.97
2021,6,09,Sertão Central,obras,28827772.55,25167309.95,10754538.44,8381403.45
2021,6,10,Sertão de Canindé,obras,20478095.01,18346873.86,4731583.01,3417460.63
2021,6,11,Sertão de Sobral,obras,50523628.83,29459613.09,32625318.23,13632022.05
2021,6,12,Sertão dos Crateús,obras,65084794.82,42288953.41,38099804.12,19217603.91
2021,6,13,Sertão dos Inhamuns,obras,12485653.7,9904937.28,6621805.09,5660200.3
2021,6,14,Vale do Jaguaribe,obras,45199292.15,29290420.31,22594918.94,9934441.17
2021,6,15,Estado do Ceará (não regionalizado),obras,17784040.97,10340598.46,7919202.17,3163042.3
2022,6,01,Cariri,equip,65828030.41,49150127.47,7982336.33,18348461.5
2022,6,02,Centro Sul,equip,12235017.32,10211183.95,2664349.83,3195586.52
2022,6,03,Grande Fortaleza,equip,458843666.73,331299592.68,138833380.15,152101452.95
2022,6,04,Litoral Leste,equip,5013579.48,3935866.59,432213.88,2863599.15
2022,6,05,Litoral Norte,equip,14269270.23,11468032.03,1733358.36,5941534.68
2022,6,06,Litoral Oeste / Vale do Curu,equip,11387394.84,9534956.79,1325365.8,2775619.16
2022,6,07,Maciço do Baturité,equip,6134127.68,5159213.53,598562.24,962547.51
2022,6,08,Serra da Ibiapaba,equip,11708622.58,7241752.59,2673176.96,3467698.37
2022,6,09,Sertão Central,equip,14702423.37,11872815.39,2727283.79,4341363.52
2022,6,10,Sertão de Canindé,equip,7794416.21,5992075.81,1137297.75,1523505.67
2022,6,11,Sertão de Sobral,equip,20292492.65,13558429.45,4074955.5,2913633.06
2022,6,12,Sertão dos Crateús,equip,13653637.82,8964881.11,2453623.2,2025366.85
2022,6,13,Sertão dos Inhamuns,equip,5611049.24,4191238.3,1587752.03,1772728.67
2022,6,14,Vale do Jaguaribe,equip,25348404.04,15968928.95,4434185.09,7134385.51
2022,6,15,Estado do Ceará (não regionalizado),equip,60334557.76,26297015.01,27873097.11,3013257.16
2022,6,01,Cariri,obras,314542897.42,302258459.77,97422400.23,96200146.76
2022,6,02,Centro Sul,obras,20208799.65,18413160.61,6521844.17,6466387.72
2022,6,03,Grande Fortaleza,obras,600119912.51,572243702.46,210248393.68,197674712.19
2022,6,04,Litoral Leste,obras,12734085.49,11106869.64,2604072.69,4516952.62
2022,6,05,Litoral Norte,obras,15508186.89,14043379.43,5972077.91,6381692.58
2022,6,06,Litoral Oeste / Vale do Curu,obras,58893826.73,57322826.22,20278407.62,21272068.54
2022,6,07,Maciço do Baturité,obras,14029895.48,11037661.93,3963136.39,2301449.27
2022,6,08,Serra da Ibiapaba,obras,12435758.92,11987814.57,7074458.33,7512655.02
2022,6,09,Sertão Central,obras,103219382.25,101583930.35,13687917.0,13678754.86
2022,6,10,Sertão de Canindé,obras,18012131.48,16307399.27,7196527.81,6357450.05
2022,6,11,Sertão de Sobral,obras,61642785.21,58858980.66,13998233.81,14234140.77
2022,6,12,Sertão dos Crateús,obras,59735576.3,55236002.06,20428165.66,19158242.44
2022,6,13,Sertão dos Inhamuns,obras,16616730.51,16217367.77,7691564.29,7570412.09
2022,6,14,Vale do Jaguaribe,obras,55253076.67,49445904.36,13833911.32,11892854.25
2022,6,15,Estado do Ceará (não regionalizado),obras,21745391.99,18747329.31,7175047.11,6702617.21
2023,6,01,Cariri,equip,25457898.54,18736734.21,7234626.92,16992200.17
2023,6,02,Centro Sul,equip,7578869.92,5463997.82,2568356.45,4530396.06
2023,6,03,Grande Fortaleza,equip,289031069.28,180950063.16,78474470.72,53539578.75
2023,6,04,Litoral Leste,equip,677212.38,468001.13,514287.16,443198.83
2023,6,05,Litoral Norte,equip,4458304.06,3002069.94,1371337.26,2879821.92
2023,6,06,Litoral Oeste / Vale do Curu,equip,6350777.34,4658895.26,2797160.6,3868857.55
2023,6,07,Maciço do Baturité,equip,2421122.08,1582014.22,1406049.68,1125141.59
2023,6,08,Serra da Ibiapaba,equip,5668843.47,3871843.97,3139195.99,3338995.52
2023,6,09,Sertão Central,equip,9518999.82,7491422.22,4062355.02,4928921.65
2023,6,10,Sertão de Canindé,equip,4772049.07,3800697.75,2386414.49,2456024.5
2023,6,11,Sertão de Sobral,equip,12587151.93,8412724.79,8161343.8,7078627.85
2023,6,12,Sertão dos Crateús,equip,11734295.35,8741497.18,6190339.92,6485340.71
2023,6,13,Sertão dos Inhamuns,equip,3753744.39,2763611.48,2981010.72,2475576.81
2023,6,14,Vale do Jaguaribe,equip,18901587.49,7744606.63,3335041.01,4202743.19
2023,6,15,Estado do Ceará (não regionalizado),equip,67883292.27,48670420.65,13200904.44,33303430.82
2023,6,01,Cariri,obras,253249042.72,238254734.5,94989295.81,93067007.36
2023,6,02,Centro Sul,obras,17538394.14,12532981.14,5924410.53,2174813.58
2023,6,03,Grande Fortaleza,obras,602949972.89,526501539.71,283233922.82,221802644.8
2023,6,04,Litoral Leste,obras,10407771.4,7655764.96,3767704.5,3066357.05
2023,6,05,Litoral Norte,obras,21066046.94,16466044.1,11089714.45,6960711.27
2023,6,06,Litoral Oeste / Vale do Curu,obras,31814421.41,29500137.97,7916223.61,6141050.04
2023,6,07,Maciço do Baturité,obras,11494100.5,8500630.17,6064046.97,4116829.93
2023,6,08,Serra da Ibiapaba,obras,13266247.15,10518319.01,5787953.15,3268032.84
2023,6,09,Sertão Central,obras,78772927.33,73359607.62,31642921.52,28591918.03
2023,6,10,Sertão de Canindé,obras,19475858.49,19187409.57,4278876.72,4136487.48
2023,6,11,Sertão de Sobral,obras,16916903.65,10834464.31,8980840.22,3845954.26
2023,6,12,Sertão dos Crateús,obras,60248877.75,50889856.13,31729250.58,25274938.14
2023,6,13,Sertão dos Inhamuns,obras,21224683.4,19841703.61,4848801.02,4193712.97
2023,6,14,Vale do Jaguaribe,obras,42307492.72,36724337.48,14003425.94,9903135.44
2023,6,15,Estado do Ceará (não regionalizado),obras,5928508.06,2207982.76,214345.47,549579.66
2024,6,01,Cariri,equip,61637092.01,29619932.15,31569905.72,3375785.77
2024,6,02,Centro Sul,equip,6575485.8,4955654.2,2052419.61,769253.51
2024,6,03,Grande Fortaleza,equip,390646726.1,224748057.16,105787523.46,67533757.06
2024,6,04,Litoral Leste,equip,3883597.91,1175002.05,1265733.57,730845.07
2024,6,05,Litoral Norte,equip,10667512.73,5727341.43,4126662.95,3860889.38
2024,6,06,Litoral Oeste / Vale do Curu,equip,8699831.67,3400466.34,2914851.09,2003447.44
2024,6,07,Maciço do Baturité,equip,5258173.27,2961887.83,1878254.57,2253882.13
2024,6,08,Serra da Ibiapaba,equip,8138999.32,7369453.92,2007937.05,5619386.85
2024,6,09,Sertão Central,equip,17525492.85,11169746.81,4951878.73,6197495.24
2024,6,10,Sertão de Canindé,equip,5018407.51,4192038.95,1421628.7,2524333.78
2024,6,11,Sertão de Sobral,equip,24356604.83,17297704.42,8411263.5,7245948.34
2024,6,12,Sertão dos Crateús,equip,11761369.8,9611057.27,4069359.55,5827583.53
2024,6,13,Sertão dos Inhamuns,equip,4368454.41,2592926.67,1441187.32,1761053.82
2024,6,14,Vale do Jaguaribe,equip,18237365.59,15299433.87,2497533.36,5806177.74
2024,6,15,Estado do Ceará (não regionalizado),equip,79540094.58,44033485.42,32504043.88,11193802.55
2024,6,01,Cariri,obras,326183714.36,304622065.69,132360202.96,126189076.27
2024,6,02,Centro Sul,obras,21687617.7,14541493.59,4334965.4,3281018.51
2024,6,03,Grande Fortaleza,obras,655525670.98,561652135.24,220402840.29,161478480.08
2024,6,04,Litoral Leste,obras,15416955.55,10794639.94,670450.07,1705600.68
2024,6,05,Litoral Norte,obras,19992178.28,18195996.66,5788827.23,5816170.57
2024,6,06,Litoral Oeste / Vale do Curu,obras,43565104.78,42430391.46,7665502.64,10957768.27
2024,6,07,Maciço do Baturité,obras,16269939.49,15200162.31,3758174.22,2831681.33
2024,6,08,Serra da Ibiapaba,obras,7143916.46,5479437.05,2314978.25,1701852.27
2024,6,09,Sertão Central,obras,342040315.97,333500230.75,97527069.95,90150607.86
2024,6,10,Sertão de Canindé,obras,22472044.32,20002352.4,8654317.63,6243771.08
2024,6,11,Sertão de Sobral,obras,35149704.43,33882712.49,12257176.3,11711084.63
2024,6,12,Sertão dos Crateús,obras,37284429.95,36270883.56,8990639.74,8201828.36
2024,6,13,Sertão dos Inhamuns,obras,27727082.81,26608042.06,1879698.11,1605997.25
2024,6,14,Vale do Jaguaribe,obras,34775918.66,34067006.69,6007409.03,5664565.91
2024,6,15,Estado do Ceará (não regionalizado),obras,37875370.93,30280024.85,32389657.28,29927178.0
2025,6,01,Cariri,equip,56153475.89,24655367.6,26893911.1,5939957.82
2025,6,02,Centro Sul,equip,16621335.49,7050466.16,6362176.54,2030223.99
2025,6,03,Grande Fortaleza,equip,371766943.95,186383643.25,127997164.87,61594600.14
2025,6,04,Litoral Leste,equip,3109619.98,1138245.41,240537.38,499796.35
2025,6,05,Litoral Norte,equip,9239138.25,2499237.61,2516941.68,804902.6
2025,6,06,Litoral Oeste / Vale do Curu,equip,8391763.07,2202120.14,2032218.61,782101.24
2025,6,07,Maciço do Baturité,equip,4125035.13,602968.98,740959.24,312658.63
2025,6,08,Serra da Ibiapaba,equip,7830679.75,1545421.45,2714246.89,521926.95
2025,6,09,Sertão Central,equip,9334255.61,2674577.57,3249630.33,1037226.7
2025,6,10,Sertão de Canindé,equip,7650720.61,2713654.56,3298963.34,441658.94
2025,6,11,Sertão de Sobral,equip,13089616.64,4227608.44,3524893.2,348728.81
2025,6,12,Sertão dos Crateús,equip,11408547.23,4090436.67,3695207.37,1438200.19
2025,6,13,Sertão dos Inhamuns,equip,6055368.86,1407539.64,3477070.61,157646.5
2025,6,14,Vale do Jaguaribe,equip,9525009.12,7247992.48,-1123590.66,1604238.6
2025,6,15,Estado do Ceará (não regionalizado),equip,35527274.36,14585997.33,20772430.19,1838468.28
2025,6,01,Cariri,obras,510503609.16,484979864.29,220156738.75,213563768.53
2025,6,02,Centro Sul,obras,46085351.74,39669453.96,15002224.89,13738856.29
2025,6,03,Grande Fortaleza,obras,792016631.33,710103994.2,299657267.82,245570745.12
2025,6,04,Litoral Leste,obras,16267650.54,11949028.57,7143644.52,5577932.41
2025,6,05,Litoral Norte,obras,114789895.57,106852540.05,49720729.8,43802682.97
2025,6,06,Litoral Oeste / Vale do Curu,obras,81539839.26,68409242.22,28675721.82,29745478.86
2025,6,07,Maciço do Baturité,obras,170398227.2,162798405.23,91869734.27,85642691.84
2025,6,08,Serra da Ibiapaba,obras,20600808.88,16667269.24,9808258.12,7753268.35
2025,6,09,Sertão Central,obras,271228392.03,260772661.75,92395319.63,83639953.57
2025,6,10,Sertão de Canindé,obras,22213373.48,21031187.62,6922028.86,6076858.45
2025,6,11,Sertão de Sobral,obras,54675114.02,45362958.53,21457747.9,14489341.58
2025,6,12,Sertão dos Crateús,obras,77152369.35,67435598.03,29731263.72,24112900.11
2025,6,13,Sertão dos Inhamuns,obras,12173952.16,10714585.88,4117936.97,4372130.64
2025,6,14,Vale do Jaguaribe,obras,376087898.41,367696084.89,142748524.76,141144591.09
2025,6,15,Estado do Ceará (não regionalizado),obras,15116299.24,1931172.3,12793024.22,632930.84
