ano_bim,bimestre,uf,dcl_nominal,dcl_real
2015,1,AL,9384443731.93,16699510091.99423
2015,1,BA,10536948573.97,18750379252.755985
2015,1,CE,5856319821.07,10421254018.621655
2015,1,MA,4558107464.64,8111100005.5509405
2015,1,PB,2574362994.1,4581049450.395927
2015,1,PE,10278898807.96,18291182650.930923
2015,1,PI,3732678443.13,6642258519.717203
2015,1,RN,305531939.4,543690585.3116076
2015,1,SE,3270330619.32,5819515864.928141
2015,2,AL,9384443731.93,16365751537.547903
2015,2,BA,10536948573.97,18375631763.743095
2015,2,CE,5856319821.07,10212973496.76128
2015,2,MA,4558107464.64,7948990518.631317
2015,2,PB,2574362994.1,4489492007.453677
2015,2,PE,10278898807.96,17925612724.205044
2015,2,PI,3732678443.13,6509505487.467329
2015,2,RN,305531939.4,532824315.4138654
2015,2,SE,3270330619.32,5703206273.092448
2015,3,AL,9677269002.27,16621141261.53176
2015,3,BA,13387754681.93,22994065959.19729
2015,3,CE,7582150182.0,13022681214.256754
2015,3,MA,4846400610.15,8323909269.483112
2015,3,PB,3263430865.44,5605088108.948664
2015,3,PE,11250858264.63,19323851025.121048
2015,3,PI,2902272114.52,4984781841.191553
2015,3,RN,574603482.81,986907117.587913
2015,3,SE,3396670367.95,5833932898.973147
2015,4,AL,9677269002.27,16482463745.266037
2015,4,BA,13387754681.93,22802216319.879692
2015,4,CE,7582150182.0,12914027238.124975
2015,4,MA,4846400610.15,8254459221.201244
2015,4,PB,3263430865.44,5558322385.394017
2015,4,PE,11250858264.63,19162623608.622593
2015,4,PI,2902272114.52,4943191606.562911
2015,4,RN,574603482.81,978672915.9949809
2015,4,SE,3396670367.95,5785257822.3487215
2015,5,AL,10555304801.52,17735952642.727467
2015,5,BA,16136539853.17,27114035268.038322
2015,5,CE,9369812567.0,15743984194.147932
2015,5,MA,6443795620.52,10827432851.441643
2015,5,PB,3297120097.39,5540111536.7386675
2015,5,PE,12215360981.53,20525325223.298004
2015,5,PI,3762714199.03,6322443747.195644
2015,5,RN,722653819.71,1214266585.8040392
2015,5,SE,4385703603.8,7369245406.426798
2015,6,AL,10555304801.52,17391650826.971935
2015,6,BA,16136539853.17,26587680029.991776
2015,6,CE,9369812567.0,15438351761.852608
2015,6,MA,6443795620.52,10617243702.551971
2015,6,PB,3297120097.39,5432563298.422333
2015,6,PE,12215360981.53,20126874297.8975
2015,6,PI,3762714199.03,6199708368.610596
2015,6,RN,722653819.71,1190694455.3002386
2015,6,SE,4385703603.8,7226188835.1057625
2016,1,AL,10434843520.81,16826120443.381466
2016,1,BA,14853964594.4,23951925759.946354
2016,1,CE,7750376405.06,12497433872.679531
2016,1,MA,5097073267.23,8218999023.0437565
2016,1,PB,2788921904.16,4497119269.014038
2016,1,PE,11370281879.9,18334508994.299156
2016,1,PI,3071413759.3,4952635632.951899
2016,1,RN,605931778.52,977061233.8859916
2016,1,SE,4071691937.88,6565577990.554865
2016,2,AL,10434843520.81,16652497672.572763
2016,2,BA,14853964594.4,23704774330.676632
2016,2,CE,7750376405.06,12368477283.769182
2016,2,MA,5097073267.23,8134190086.33986
2016,2,PB,2788921904.16,4450715089.823074
2016,2,PE,11370281879.9,18145321696.863674
2016,2,PI,3071413759.3,4901531141.914142
2016,2,RN,605931778.52,966979285.4506478
2016,2,SE,4071691937.88,6497830119.230839
2016,3,AL,7797749953.78,12304699576.957775
2016,3,BA,14443901287.96,22792198662.567623
2016,3,CE,7623120270.04,12029137291.8914
2016,3,MA,4455144253.72,7030132017.436703
2016,3,PB,2685315436.23,4237376154.407232
2016,3,PE,11088195621.88,17496959608.410294
2016,3,PI,3039999914.75,4797061445.506227
2016,3,RN,386047127.72,609174948.837564
2016,3,SE,4184691111.83,6603362156.8581915
2016,4,AL,7797749953.78,12187421482.522043
2016,4,BA,14443901287.96,22574962507.35485
2016,4,CE,7623120270.04,11914485626.44638
2016,4,MA,4455144253.72,6963126684.922893
2016,4,PB,2685315436.23,4196989032.5853467
2016,4,PE,11088195621.88,17330193238.4994
2016,4,PI,3039999914.75,4751339872.078005
2016,4,RN,386047127.72,603368803.2481633
2016,4,SE,4184691111.83,6540424437.348519
2016,5,AL,7863514895.18,12248537686.974411
2016,5,BA,16015640903.8,24946628041.804302
2016,5,CE,7775059293.02,12110755563.951426
2016,5,MA,5454289371.28,8495827859.464848
2016,5,PB,2675553492.37,4167553342.4496408
2016,5,PE,12654082892.84,19710525543.997337
2016,5,PI,3423691346.48,5332883964.095108
2016,5,RN,1068411173.34,1664201657.437057
2016,5,SE,4101940899.04,6389353661.990241
2016,6,AL,7863514895.18,12189960052.936035
2016,6,BA,16015640903.8,24827322824.702484
2016,6,CE,7775059293.02,12052836861.696234
2016,6,MA,5454289371.28,8455197254.577702
2016,6,PB,2675553492.37,4147622357.9706497
2016,6,PE,12654082892.84,19616261560.693584
2016,6,PI,3423691346.48,5307379880.815837
2016,6,RN,1068411173.34,1656242748.5332556
2016,6,SE,4101940899.04,6358797098.413526
2017,1,AL,7487906612.27,11525717864.616163
2017,1,BA,14936982059.25,22991665077.879192
2017,1,CE,6646764700.04,10230994937.839745
2017,1,MA,4264734373.12,6564468241.573121
2017,1,PB,2231928654.11,3435483546.1049895
2017,1,PE,10609367085.08,16330408227.100903
2017,1,PI,2304397435.66,3547030707.8670115
2017,1,RN,530556999.67,816656858.30981
2017,1,SE,3900751952.28,6004210360.764691
2017,2,AL,7487906612.27,11480902163.022806
2017,2,BA,14936982059.25,22902266082.227222
2017,2,CE,6646764700.04,10191213535.80274
2017,2,MA,4264734373.12,6538943475.715666
2017,2,PB,2231928654.11,3422125280.07422
2017,2,PE,10609367085.08,16266910342.57865
2017,2,PI,2304397435.66,3533238710.56034
2017,2,RN,530556999.67,813481433.53401
2017,2,SE,3900751952.28,5980864057.914622
2017,3,AL,7460792876.25,11430267060.310308
2017,3,BA,14640734480.83,22430257460.664684
2017,3,CE,6907427089.11,10582486022.294384
2017,3,MA,4571244203.6,7003349766.131837
2017,3,PB,2384262254.85,3652795991.898802
2017,3,PE,10583645336.7,16214616150.943682
2017,3,PI,2364034275.93,3621805827.0489044
2017,3,RN,583689782.78,894238750.2524139
2017,3,SE,4065658125.65,6228769371.152684
2017,4,AL,7460792876.25,11381275676.285196
2017,4,BA,14640734480.83,22334118905.787586
2017,4,CE,6907427089.11,10537128321.208044
2017,4,MA,4571244203.6,6973332637.394215
2017,4,PB,2384262254.85,3637139705.806774
2017,4,PE,10583645336.7,16145118519.569084
2017,4,PI,2364034275.93,3606282368.217968
2017,4,RN,583689782.78,890405944.4402143
2017,4,SE,4065658125.65,6202072179.3324175
2017,5,AL,7000340864.15,10617215049.456112
2017,5,BA,17229303588.79,26131187738.493206
2017,5,CE,8146084434.45,12354931271.205236
2017,5,MA,5487449666.98,8322656613.160114
2017,5,PB,2641293135.2,4005973104.636189
2017,5,PE,13176450959.83,19984343069.002
2017,5,PI,3288148476.62,4987039941.097931
2017,5,RN,1204549996.95,1826906232.6571045
2017,5,SE,3992519479.47,6055339122.09325
2017,6,AL,7000340864.15,10541188623.92004
2017,6,BA,17229303588.79,25944070797.796837
2017,6,CE,8146084434.45,12266461624.700178
2017,6,MA,5487449666.98,8263060774.673718
2017,6,PB,2641293135.2,3977287633.491406
2017,6,PE,13176450959.83,19841241684.774067
2017,6,PI,3288148476.62,4951329369.261418
2017,6,RN,1204549996.95,1813824351.0138004
2017,6,SE,3992519479.47,6011978807.103203
2018,1,AL,5919393407.16,8859361985.03043
2018,1,BA,16991423879.68,25430506884.2177
2018,1,CE,8995472796.06,13463229125.875065
2018,1,MA,5844840841.82,8747781605.449512
2018,1,PB,2165135712.51,3240487614.937196
2018,1,PE,11659037114.11,17449698488.677097
2018,1,PI,2453897661.68,3672668154.2650213
2018,1,RN,-680730568.3,-1018827116.9053198
2018,1,SE,3944594536.86,5903745279.70136
2018,2,AL,5919393407.16,8831965404.983482
2018,2,BA,16991423879.68,25351865903.22323
2018,2,CE,8995472796.06,13421595604.741076
2018,2,MA,5844840841.82,8720730075.170937
2018,2,PB,2165135712.51,3230466771.620964
2018,2,PE,11659037114.11,17395737259.61253
2018,2,PI,2453897661.68,3661310841.261646
2018,2,RN,-680730568.3,-1015676508.6888973
2018,2,SE,3944594536.86,5885488611.737524
2018,3,AL,6825579614.11,10017239459.609453
2018,3,BA,20004291324.1,29358353098.54876
2018,3,CE,10288136941.62,15098898139.641672
2018,3,MA,6164499426.56,9047036353.780565
2018,3,PB,2232955251.56,3277091283.3877473
2018,3,PE,13157528500.99,19310025103.00936
2018,3,PI,2555280839.7,3750137205.1850924
2018,3,RN,-666856878.38,-978680993.2171811
2018,3,SE,4255691302.82,6245664288.846466
2018,4,AL,6825579614.11,9993285255.054531
2018,4,BA,20004291324.1,29288148527.88297
2018,4,CE,10288136941.62,15062792174.914637
2018,4,MA,6164499426.56,9025402193.959578
2018,4,PB,2232955251.56,3269254781.5986123
2018,4,PE,13157528500.99,19263849078.851883
2018,4,PI,2555280839.7,3741169509.6354113
2018,4,RN,-666856878.38,-976340675.3281991
2018,4,SE,4255691302.82,6230729044.405156
2018,5,AL,6816346130.58,9887598337.193848
2018,5,BA,20493581886.07,29727408540.88784
2018,5,CE,10962426243.3,15901784536.525618
2018,5,MA,7144367665.42,10363417070.620136
2018,5,PB,3115454034.35,4519189245.899077
2018,5,PE,14133950279.71,20502307336.87078
2018,5,PI,4356652695.42,6319636814.467416
2018,5,RN,4125439551.09,5984245586.143724
2018,5,SE,3400013691.54,4931963412.492769
2018,6,AL,6816346130.58,9893565641.310404
2018,6,BA,20493581886.07,29745349448.40765
2018,6,CE,10962426243.3,15911381486.26906
2018,6,MA,7144367665.42,10369671538.008286
2018,6,PB,3115454034.35,4521916639.920445
2018,6,PE,14133950279.71,20514680766.57514
2018,6,PI,4356652695.42,6323450803.819739
2018,6,RN,4125439551.09,5987857162.191099
2018,6,SE,3400013691.54,4934939921.506426
2019,1,AL,6260746466.73,9019372733.262936
2019,1,BA,18977832876.42,27339894578.32253
2019,1,CE,9538111750.98,13740819167.61218
2019,1,MA,5393054805.31,7769356532.562398
2019,1,PB,2330534820.14,3357421087.468077
2019,1,PE,12447020504.47,17931458803.668385
2019,1,PI,2561991389.73,3690862648.1171503
2019,1,RN,3405235662.71,4905659388.986985
2019,1,SE,3383502728.01,4874350432.508935
2019,2,AL,6260746466.73,8901492493.544056
2019,2,BA,18977832876.42,26982571134.43203
2019,2,CE,9538111750.98,13561231173.489452
2019,2,MA,5393054805.31,7667813594.089272
2019,2,PB,2330534820.14,3313540696.4106846
2019,2,PE,12447020504.47,17697100525.68191
2019,2,PI,2561991389.73,3642624285.36217
2019,2,RN,3405235662.71,4841544031.76039
2019,2,SE,3383502728.01,4810644273.061845
2019,3,AL,6079159179.9,8631227916.290293
2019,3,BA,20621773556.02,29278922024.059364
2019,3,CE,9782658439.52,13889479140.124573
2019,3,MA,3802838692.08,5399293966.303032
2019,3,PB,2352109314.7,3339539396.5550056
2019,3,PE,12642835221.74,17950375878.911514
2019,3,PI,2984879777.83,4237950825.5614486
2019,3,RN,3736269205.27,5304778195.959765
2019,3,SE,3194637346.35,4535765922.598072
2019,4,AL,6079159179.9,8605393749.768051
2019,4,BA,20621773556.02,29191287152.810783
2019,4,CE,9782658439.52,13847906478.56434
2019,4,MA,3802838692.08,5383133315.60758
2019,4,PB,2352109314.7,3329543806.389282
2019,4,PE,12642835221.74,17896648529.328102
2019,4,PI,2984879777.83,4225266196.166599
2019,4,RN,3736269205.27,5288900440.835339
2019,4,SE,3194637346.35,4522189901.516627
2019,5,AL,6404121918.62,9059964536.574038
2019,5,BA,21526711938.65,30454018401.205032
2019,5,CE,10995170453.7,15554959079.475882
2019,5,MA,6549951976.7,9266271532.499567
2019,5,PB,2382452799.0,3370475787.8271017
2019,5,PE,13257592921.29,18755626959.254574
2019,5,PI,5181842289.41,7330795380.343214
2019,5,RN,3253299160.95,4602469378.257009
2019,5,SE,3695263444.12,5227719925.144693
2019,6,AL,6404121918.62,8911510797.231733
2019,6,BA,21526711938.65,29955008400.513813
2019,6,CE,10995170453.7,15300080395.200377
2019,6,MA,6549951976.7,9114437311.382307
2019,6,PB,2382452799.0,3315248227.934815
2019,6,PE,13257592921.29,18448303134.247246
2019,6,PI,5181842289.41,7210675264.842545
2019,6,RN,3253299160.95,4527054757.520637
2019,6,SE,3695263444.12,5142060144.91166
2020,1,AL,6823857146.57,9452054771.103111
2020,1,BA,24459757140.39,33880393333.711044
2020,1,CE,12427826844.33,17214384400.97446
2020,1,MA,3219628628.78,4459663426.151413
2020,1,PB,2015734088.84,2792090836.9648647
2020,1,PE,13928815786.58,19293476824.545845
2020,1,PI,5381235671.25,7453809950.642854
2020,1,RN,3256149861.29,4510250752.729054
2020,1,SE,3838105892.84,5316346215.520112
2020,2,AL,6823857146.57,9474814887.18065
2020,2,BA,24459757140.39,33961975773.053802
2020,2,CE,12427826844.33,17255835852.183502
2020,2,MA,3219628628.78,4470402091.944619
2020,2,PB,2015734088.84,2798814064.145333
2020,2,PE,13928815786.58,19339934635.328793
2020,2,PI,5381235671.25,7471758384.481303
2020,2,RN,3256149861.29,4521111230.493609
2020,2,SE,3838105892.84,5329147734.333096
2020,3,AL,6204201760.54,8624868497.457117
2020,3,BA,23352873783.42,32464364183.11783
2020,3,CE,12043027384.19,16741803620.982365
2020,3,MA,2775465067.4,3858356344.544063
2020,3,PB,1392767239.47,1936177247.5544994
2020,3,PE,13222475854.82,18381432432.44533
2020,3,PI,3567629089.37,4959595598.457899
2020,3,RN,3026630324.48,4207517670.5381527
2020,3,SE,3418540306.16,4752337485.4464
2020,4,AL,6204201760.54,8573354297.88865
2020,4,BA,23352873783.42,32270462590.77638
2020,4,CE,12043027384.19,16641808981.861588
2020,4,MA,2775465067.4,3835311339.4175844
2020,4,PB,1392767239.47,1924612941.2511795
2020,4,PE,13222475854.82,18271644697.251637
2020,4,PI,3567629089.37,4929973164.502741
2020,4,RN,3026630324.48,4182387211.443981
2020,4,SE,3418540306.16,4723952952.77623
2020,5,AL,5813489668.41,7914293864.606046
2020,5,BA,21511870767.47,29285554209.60265
2020,5,CE,11973622896.16,16300496883.84556
2020,5,MA,6816589736.78,9279881346.394396
2020,5,PB,1233663646.5,1679469163.1666439
2020,5,PE,13081473274.29,17808687996.350586
2020,5,PI,4367120256.94,5945254060.277701
2020,5,RN,3996480721.14,5440677571.546339
2020,5,SE,3364371947.53,4580145451.582407
2020,6,AL,5813489668.41,7739988170.018994
2020,6,BA,21511870767.47,28640564403.158855
2020,6,CE,11973622896.16,15941492090.738323
2020,6,MA,6816589736.78,9075499731.124514
2020,6,PB,1233663646.5,1642480261.3099058
2020,6,PE,13081473274.29,17416466557.016594
2020,6,PI,4367120256.94,5814314818.419668
2020,6,RN,3996480721.14,5320851204.297871
2020,6,SE,3364371947.53,4479271583.62836
2021,1,AL,5426243123.63,7144951666.915067
2021,1,BA,19978749864.06,26306820186.965916
2021,1,CE,10006204727.01,13175570558.643934
2021,1,MA,5790095423.85,7624050564.57534
2021,1,PB,127805303.87,168286362.7967454
2021,1,PE,11358409079.68,14956072191.817366
2021,1,PI,4373408462.95,5758642098.319986
2021,1,RN,3393966246.42,4468971300.64266
2021,1,SE,2957874823.68,3894752256.850698
2021,2,AL,5426243123.63,7057238449.9511595
2021,2,BA,19978749864.06,25983871070.68643
2021,2,CE,10006204727.01,13013823953.081158
2021,2,MA,5790095423.85,7530455809.496593
2021,2,PB,127805303.87,166220437.23976666
2021,2,PE,11358409079.68,14772467702.067873
2021,2,PI,4373408462.95,5687947564.985863
2021,2,RN,3393966246.42,4414109089.171887
2021,2,SE,2957874823.68,3846939302.242803
2021,3,AL,3809550539.34,4887917114.809886
2021,3,BA,15821114988.55,20299585982.473007
2021,3,CE,9174393509.02,11771382106.01314
2021,3,MA,5243622810.43,6727931133.615764
2021,3,PB,-617704279.55,-792557360.4351873
2021,3,PE,9477810772.1,12160687463.120817
2021,3,PI,3935666223.62,5049732269.97645
2021,3,RN,3101630366.17,3979606516.322247
2021,3,SE,2587410800.57,3319827209.1544785
2021,4,AL,3809550539.34,4799682063.600053
2021,4,BA,15821114988.55,19933144619.69397
2021,4,CE,9174393509.02,11558889038.20158
2021,4,MA,5243622810.43,6606480762.390738
2021,4,PB,-617704279.55,-778250379.0273308
2021,4,PE,9477810772.1,11941166784.71075
2021,4,PI,3935666223.62,4958576185.498809
2021,4,RN,3101630366.17,3907767985.407155
2021,4,SE,2587410800.57,3259898794.468393
2021,5,AL,4758264282.23,5853066224.13997
2021,5,BA,17279788545.69,21255596725.63183
2021,5,CE,11108323624.65,13664174572.452267
2021,5,MA,7550852448.33,9288185104.353277
2021,5,PB,-400261759.07,-492355708.6933209
2021,5,PE,11325610707.1,13931456002.779627
2021,5,PI,5369389881.72,6604802233.9367695
2021,5,RN,4225103797.82,5197233878.929467
2021,5,SE,2843275395.19,3497468445.3036437
2021,6,AL,4758264282.23,5755966805.509448
2021,6,BA,17279788545.69,20902977089.07425
2021,6,CE,11108323624.65,13437492803.232061
2021,6,MA,7550852448.33,9134098794.848398
2021,6,PB,-400261759.07,-484187775.6403227
2021,6,PE,11325610707.1,13700340169.3439
2021,6,PI,5369389881.72,6495231893.789274
2021,6,RN,4225103797.82,5111014388.357231
2021,6,SE,2843275395.19,3439447206.5694995
2022,1,AL,5273989889.7,6282113256.645476
2022,1,BA,12721590439.33,15153322933.100151
2022,1,CE,7840626652.55,9339362733.817076
2022,1,MA,6901944036.23,8221250899.8746
2022,1,PB,-1400036867.42,-1667653967.5945196
2022,1,PE,8298281421.21,9884498228.820753
2022,1,PI,3927269202.09,4677966858.648734
2022,1,RN,3493688316.82,4161506970.7558346
2022,1,SE,2375399140.12,2829456775.621721
2022,2,AL,5273989889.7,6117123903.514575
2022,2,BA,12721590439.33,14755345875.639256
2022,2,CE,7840626652.55,9094079760.849768
2022,2,MA,6901944036.23,8005333291.820929
2022,2,PB,-1400036867.42,-1623855784.066303
2022,2,PE,8298281421.21,9624898170.341784
2022,2,PI,3927269202.09,4555107767.377212
2022,2,RN,3493688316.82,4052211847.426368
2022,2,SE,2375399140.12,2755145755.738747
2022,3,AL,6098667859.6,6993691889.704209
2022,3,BA,13571968416.25,15563753859.892086
2022,3,CE,8553928005.34,9809279385.807343
2022,3,MA,6746984525.87,7737153759.61328
2022,3,PB,-1955244088.51,-2242190432.2399616
2022,3,PE,7739222872.19,8875010326.828737
2022,3,PI,4422047822.39,5071015622.313544
2022,3,RN,3404401692.92,3904022494.2880383
2022,3,SE,2390252314.0,2741039290.482846
2022,4,AL,6098667859.6,7067015854.038098
2022,4,BA,13571968416.25,15726928925.497158
2022,4,CE,8553928005.34,9912122814.309668
2022,4,MA,6746984525.87,7818272401.27819
2022,4,PB,-1955244088.51,-2265698229.534461
2022,4,PE,7739222872.19,8968058598.175276
2022,4,PI,4422047822.39,5124181671.732235
2022,4,RN,3404401692.92,3944953437.578705
2022,4,SE,2390252314.0,2769777168.894251
2022,5,AL,7245315323.33,8370759232.274929
2022,5,BA,16654259235.6,19241232166.142
2022,5,CE,10217259286.86,11804347179.843876
2022,5,MA,9122675760.38,10539737600.979147
2022,5,PB,-974981251.99,-1126429003.042928
2022,5,PE,12970167751.7,14984875965.591198
2022,5,PI,6891399275.12,7961867983.820264
2022,5,RN,4289752898.32,4956097433.35318
2022,5,SE,3543671294.86,4094123979.95724
2022,6,AL,7245315323.33,8285210949.43343
2022,6,BA,16654259235.6,19044588788.17678
2022,6,CE,10217259286.86,11683707987.71338
2022,6,MA,9122675760.38,10432022586.325846
2022,6,PB,-974981251.99,-1114917016.581576
2022,6,PE,12970167751.7,14831732102.30739
2022,6,PI,6891399275.12,7880498526.722473
2022,6,RN,4289752898.32,4905446636.5432825
2022,6,SE,3543671294.86,4052282461.582764
2023,1,AL,7008878102.31,7906172151.749524
2023,1,BA,14738118819.46,16624929536.32431
2023,1,CE,8257346088.14,9314472121.849844
2023,1,MA,7306884923.74,8242330549.460097
2023,1,PB,-2210464885.99,-2493454111.9033647
2023,1,PE,9357562874.52,10555541404.321463
2023,1,PI,5314846055.66,5995265898.867013
2023,1,RN,3662673860.97,4131578500.55888
2023,1,SE,2742281899.89,3093355665.867757
2023,2,AL,7008878102.31,7802836765.583503
2023,2,BA,14738118819.46,16407638098.61652
2023,2,CE,8257346088.14,9192729949.383867
2023,2,MA,7306884923.74,8134601500.068228
2023,2,PB,-2210464885.99,-2460864125.422515
2023,2,PE,9357562874.52,10417578186.942543
2023,2,PI,5314846055.66,5916906472.21447
2023,2,RN,3662673860.97,4077577872.7410293
2023,2,SE,2742281899.89,3052924835.8597665
2023,3,AL,7114903539.76,7909023675.059204
2023,3,BA,12441447616.81,13830082615.101542
2023,3,CE,8120395096.52,9026741783.680988
2023,3,MA,4593608980.22,5106318304.316753
2023,3,PB,-2610802277.42,-2902203368.9735446
2023,3,PE,8006095369.76,8899684650.728188
2023,3,PI,4674611546.76,5196361860.4837885
2023,3,RN,3399387386.44,3778805316.165749
2023,3,SE,2588306174.96,2877196395.09703
2023,4,AL,7114903539.76,7881416962.977963
2023,4,BA,12441447616.81,13781808248.44123
2023,4,CE,8120395096.52,8995233639.099295
2023,4,MA,4593608980.22,5088494529.2195835
2023,4,PB,-2610802277.42,-2892073130.8935757
2023,4,PE,8006095369.76,8868620003.325338
2023,4,PI,4674611546.76,5178223785.33746
2023,4,RN,3399387386.44,3765615269.6239204
2023,4,SE,2588306174.96,2867153444.6970825
2023,5,AL,10136310099.65,11172398502.376877
2023,5,BA,20841097280.44,22971381277.287346
2023,5,CE,9501906885.65,10473149421.763073
2023,5,MA,4433520205.58,4886694864.119238
2023,5,PB,-195385655.48,-215357105.61440414
2023,5,PE,12069013825.15,13302654581.367594
2023,5,PI,7236756157.34,7976465090.301827
2023,5,RN,4101520827.02,4520759990.052798
2023,5,SE,2884664295.48,3179521811.965247
2023,6,AL,10136310099.65,11079159838.507149
2023,6,BA,20841097280.44,22779674823.468975
2023,6,CE,9501906885.65,10385746304.304861
2023,6,MA,4433520205.58,4845913209.24248
2023,6,PB,-195385655.48,-213559854.2204383
2023,6,PE,12069013825.15,13191637977.473331
2023,6,PI,7236756157.34,7909897920.569649
2023,6,RN,4101520827.02,4483032225.414027
2023,6,SE,2884664295.48,3152987279.9729247
2024,1,AL,11165915982.02,12053448342.89172
2024,1,BA,16150280069.75,17433998863.81275
2024,1,CE,7206112242.94,7778896224.297356
2024,1,MA,-331728952.38,-358096711.25884306
2024,1,PB,-1533790452.02,-1655705095.042197
2024,1,PE,7346348534.17,7930279316.814028
2024,1,PI,6690323334.2,7222109393.969677
2024,1,RN,3403298378.88,3673812454.9147925
2024,1,SE,1975249404.12,2132253788.6928394
2024,2,AL,11165915982.02,11988636813.188677
2024,2,BA,16150280069.75,17340256052.373135
2024,2,CE,7206112242.94,7737069010.262355
2024,2,MA,-331728952.38,-356171221.14364284
2024,2,PB,-1533790452.02,-1646802349.795017
2024,2,PE,7346348534.17,7887638114.157841
2024,2,PI,6690323334.2,7183276029.09431
2024,2,RN,3403298378.88,3654058323.294397
2024,2,SE,1975249404.12,2120788635.6653414
2024,3,AL,11405379817.64,12164127530.463572
2024,3,BA,22346355037.73,23832955751.245697
2024,3,CE,8746744369.42,9328625235.385157
2024,3,MA,900421611.26,960322539.509999
2024,3,PB,-2124008580.19,-2265309148.69402
2024,3,PE,8892591782.12,9484175208.857067
2024,3,PI,8370143206.64,8926970521.081684
2024,3,RN,3514440351.57,3748239981.327563
2024,3,SE,2005967892.42,2139415754.2805212
2024,4,AL,11405379817.64,12120502931.492426
2024,4,BA,22346355037.73,23747482861.03295
2024,4,CE,8746744369.42,9295169688.834316
2024,4,MA,900421611.26,956878504.1228199
2024,4,PB,-2124008580.19,-2257184998.1612377
2024,4,PE,8892591782.12,9450161808.469551
2024,4,PI,8370143206.64,8894955441.65785
2024,4,RN,3514440351.57,3734797548.598744
2024,4,SE,2005967892.42,2131743099.2479835
2024,5,AL,12826319221.78,13495250926.528074
2024,5,BA,24083252428.23,25339267565.864967
2024,5,CE,12002714794.04,12628693013.508318
2024,5,MA,893355845.36,939947080.011993
2024,5,PB,-448693341.72,-472094069.3017837
2024,5,PE,13166810527.22,13853499893.029018
2024,5,PI,10752874948.48,11313670204.379717
2024,5,RN,6932442046.08,7293990062.760966
2024,5,SE,1764039149.17,1856039176.215395
2024,6,AL,12826319221.78,13373282842.485407
2024,6,BA,24083252428.23,25110255009.308666
2024,6,CE,12002714794.04,12514556751.855501
2024,6,MA,893355845.36,931451977.1736158
2024,6,PB,-448693341.72,-467827352.8521135
2024,6,PE,13166810527.22,13728294007.755959
2024,6,PI,10752874948.48,11211418924.590153
2024,6,RN,6932442046.08,7228068058.211023
2024,6,SE,1764039149.17,1839264568.3578913
2025,1,AL,12510011686.54,12854259693.680338
2025,1,BA,20707325875.93,21277145940.419964
2025,1,CE,9855517253.37,10126719411.994698
2025,1,MA,-1898015317.29,-1950244524.3339808
2025,1,PB,-1804452458.75,-1854107021.7087636
2025,1,PE,10078386246.63,10355721269.771975
2025,1,PI,10582064921.84,10873260074.334747
2025,1,RN,5805861451.53,5965625989.285991
2025,1,SE,721566368.13,741422287.5705472
2025,2,AL,12510011686.54,12727946534.040792
2025,2,BA,20707325875.93,21068064780.097095
2025,2,CE,9855517253.37,10027208591.753448
2025,2,MA,-1898015317.29,-1931080328.665874
2025,2,PB,-1804452458.75,-1835887527.0196185
2025,2,PE,10078386246.63,10253960148.937109
2025,2,PI,10582064921.84,10766413327.162914
2025,2,RN,5805861451.53,5907004405.010315
2025,2,SE,721566368.13,734136656.6589314
2025,3,AL,12869822421.75,13028800172.070932
2025,3,BA,21584909096.97,21851542169.025356
2025,3,CE,9932117325.8,10054806327.764063
2025,3,MA,-3741853974.41,-3788076176.0369473
2025,3,PB,-1678640676.51,-1699376511.8310657
2025,3,PE,10119113928.02,10244112853.008982
2025,3,PI,10935740134.5,11070826642.122591
2025,3,RN,5631731086.1,5701298474.766338
2025,3,SE,308042873.63,311848051.46752244
2025,4,AL,12869822421.75,13009323393.64537
2025,4,BA,21584909096.97,21818876256.62651
2025,4,CE,9932117325.8,10039775378.453964
2025,4,MA,-3741853974.41,-3782413373.678678
2025,4,PB,-1678640676.51,-1696836110.6164174
2025,4,PE,10119113928.02,10228798909.010345
2025,4,PI,10935740134.5,11054276842.091223
2025,4,RN,5631731086.1,5692775592.715461
2025,4,SE,308042873.63,311381869.21584463
2025,5,AL,13549741920.48,13618926089.741455
2025,5,BA,24569330296.45,24694779822.783855
2025,5,CE,11968573704.41,12029684523.630295
2025,5,MA,1734670640.67,1743527764.8810227
2025,5,PB,675407206.91,678855795.5840499
2025,5,PE,14981516040.5,15058010762.51183
2025,5,PI,13350546206.89,13418713294.789606
2025,5,RN,9472439843.82,9520805553.316154
2025,5,SE,1159844920.89,1165767019.4653692
2025,6,AL,13549741920.48,13549741920.48
2025,6,BA,24569330296.45,24569330296.45
2025,6,CE,11968573704.41,11968573704.41
2025,6,MA,1734670640.67,1734670640.67
2025,6,PB,675407206.91,675407206.91
2025,6,PE,14981516040.5,14981516040.5
2025,6,PI,13350546206.89,13350546206.89
2025,6,RN,9472439843.82,9472439843.82
2025,6,SE,1159844920.89,1159844920.89
