uf,ano,investimento_publico_nominal,investimento_publico_real,ano_bim,bimestre
AL,2015,462422557.82,761919415.0568312,2015,1
BA,2015,2231841436.93,3677336439.0826793,2015,1
CE,2015,2254572108.43,3714789066.8584,2015,1
MA,2015,727859999.87,1199272518.1025548,2015,1
PB,2015,732527751.37,1206963428.574736,2015,1
PE,2015,1066479955.64,1757206196.4316223,2015,1
PI,2015,479273295.19,789683856.3521546,2015,1
RN,2015,322646347.98,531614456.44447786,2015,1
SE,2015,337967651.29,556858896.3154399,2015,1
AL,2015,462422557.82,761919415.0568312,2015,2
BA,2015,2231841436.93,3677336439.0826793,2015,2
CE,2015,2254572108.43,3714789066.8584,2015,2
MA,2015,727859999.87,1199272518.1025548,2015,2
PB,2015,732527751.37,1206963428.574736,2015,2
PE,2015,1066479955.64,1757206196.4316223,2015,2
PI,2015,479273295.19,789683856.3521546,2015,2
RN,2015,322646347.98,531614456.44447786,2015,2
SE,2015,337967651.29,556858896.3154399,2015,2
AL,2015,462422557.82,761919415.0568312,2015,3
BA,2015,2231841436.93,3677336439.0826793,2015,3
CE,2015,2254572108.43,3714789066.8584,2015,3
MA,2015,727859999.87,1199272518.1025548,2015,3
PB,2015,732527751.37,1206963428.574736,2015,3
PE,2015,1066479955.64,1757206196.4316223,2015,3
PI,2015,479273295.19,789683856.3521546,2015,3
RN,2015,322646347.98,531614456.44447786,2015,3
SE,2015,337967651.29,556858896.3154399,2015,3
AL,2015,462422557.82,761919415.0568312,2015,4
BA,2015,2231841436.93,3677336439.0826793,2015,4
CE,2015,2254572108.43,3714789066.8584,2015,4
MA,2015,727859999.87,1199272518.1025548,2015,4
PB,2015,732527751.37,1206963428.574736,2015,4
PE,2015,1066479955.64,1757206196.4316223,2015,4
PI,2015,479273295.19,789683856.3521546,2015,4
RN,2015,322646347.98,531614456.44447786,2015,4
SE,2015,337967651.29,556858896.3154399,2015,4
AL,2015,462422557.82,761919415.0568312,2015,5
BA,2015,2231841436.93,3677336439.0826793,2015,5
CE,2015,2254572108.43,3714789066.8584,2015,5
MA,2015,727859999.87,1199272518.1025548,2015,5
PB,2015,732527751.37,1206963428.574736,2015,5
PE,2015,1066479955.64,1757206196.4316223,2015,5
PI,2015,479273295.19,789683856.3521546,2015,5
RN,2015,322646347.98,531614456.44447786,2015,5
SE,2015,337967651.29,556858896.3154399,2015,5
AL,2015,462422557.82,761919415.0568312,2015,6
BA,2015,2231841436.93,3677336439.0826793,2015,6
CE,2015,2254572108.43,3714789066.8584,2015,6
MA,2015,727859999.87,1199272518.1025548,2015,6
PB,2015,732527751.37,1206963428.574736,2015,6
PE,2015,1066479955.64,1757206196.4316223,2015,6
PI,2015,479273295.19,789683856.3521546,2015,6
RN,2015,322646347.98,531614456.44447786,2015,6
SE,2015,337967651.29,556858896.3154399,2015,6
AL,2016,529714100.51,821158707.1135108,2016,1
BA,2016,3170929225.2,4915549992.735229,2016,1
CE,2016,1977965814.72,3066227328.2255874,2016,1
MA,2016,886959090.34,1374957130.9975362,2016,1
PB,2016,627744997.55,973125446.516976,2016,1
PE,2016,1136616873.43,1761974697.9938288,2016,1
PI,2016,813402837.95,1260930796.6890213,2016,1
RN,2016,396351810.91,614421515.8622347,2016,1
SE,2016,369675557.23,573068193.4541458,2016,1
AL,2016,529714100.51,821158707.1135108,2016,2
BA,2016,3170929225.2,4915549992.735229,2016,2
CE,2016,1977965814.72,3066227328.2255874,2016,2
MA,2016,886959090.34,1374957130.9975362,2016,2
PB,2016,627744997.55,973125446.516976,2016,2
PE,2016,1136616873.43,1761974697.9938288,2016,2
PI,2016,813402837.95,1260930796.6890213,2016,2
RN,2016,396351810.91,614421515.8622347,2016,2
SE,2016,369675557.23,573068193.4541458,2016,2
AL,2016,529714100.51,821158707.1135108,2016,3
BA,2016,3170929225.2,4915549992.735229,2016,3
CE,2016,1977965814.72,3066227328.2255874,2016,3
MA,2016,886959090.34,1374957130.9975362,2016,3
PB,2016,627744997.55,973125446.516976,2016,3
PE,2016,1136616873.43,1761974697.9938288,2016,3
PI,2016,813402837.95,1260930796.6890213,2016,3
RN,2016,396351810.91,614421515.8622347,2016,3
SE,2016,369675557.23,573068193.4541458,2016,3
AL,2016,529714100.51,821158707.1135108,2016,4
BA,2016,3170929225.2,4915549992.735229,2016,4
CE,2016,1977965814.72,3066227328.2255874,2016,4
MA,2016,886959090.34,1374957130.9975362,2016,4
PB,2016,627744997.55,973125446.516976,2016,4
PE,2016,1136616873.43,1761974697.9938288,2016,4
PI,2016,813402837.95,1260930796.6890213,2016,4
RN,2016,396351810.91,614421515.8622347,2016,4
SE,2016,369675557.23,573068193.4541458,2016,4
AL,2016,529714100.51,821158707.1135108,2016,5
BA,2016,3170929225.2,4915549992.735229,2016,5
CE,2016,1977965814.72,3066227328.2255874,2016,5
MA,2016,886959090.34,1374957130.9975362,2016,5
PB,2016,627744997.55,973125446.516976,2016,5
PE,2016,1136616873.43,1761974697.9938288,2016,5
PI,2016,813402837.95,1260930796.6890213,2016,5
RN,2016,396351810.91,614421515.8622347,2016,5
SE,2016,369675557.23,573068193.4541458,2016,5
AL,2016,529714100.51,821158707.1135108,2016,6
BA,2016,3170929225.2,4915549992.735229,2016,6
CE,2016,1977965814.72,3066227328.2255874,2016,6
MA,2016,886959090.34,1374957130.9975362,2016,6
PB,2016,627744997.55,973125446.516976,2016,6
PE,2016,1136616873.43,1761974697.9938288,2016,6
PI,2016,813402837.95,1260930796.6890213,2016,6
RN,2016,396351810.91,614421515.8622347,2016,6
SE,2016,369675557.23,573068193.4541458,2016,6
AL,2017,659204688.67,992637515.785697,2017,1
BA,2017,2483192163.48,3739217488.4988413,2017,1
CE,2017,2126730371.76,3202453485.622351,2017,1
MA,2017,1239249378.17,1866075052.754128,2017,1
PB,2017,563581792.29,848647529.1453061,2017,1
PE,2017,1143845958.48,1722415556.4759552,2017,1
PI,2017,671052851.39,1010478606.7414277,2017,1
RN,2017,380734547.6,573314179.9491189,2017,1
SE,2017,311832488.63,469560717.90003586,2017,1
AL,2017,659204688.67,992637515.785697,2017,2
BA,2017,2483192163.48,3739217488.4988413,2017,2
CE,2017,2126730371.76,3202453485.622351,2017,2
MA,2017,1239249378.17,1866075052.754128,2017,2
PB,2017,563581792.29,848647529.1453061,2017,2
PE,2017,1143845958.48,1722415556.4759552,2017,2
PI,2017,671052851.39,1010478606.7414277,2017,2
RN,2017,380734547.6,573314179.9491189,2017,2
SE,2017,311832488.63,469560717.90003586,2017,2
AL,2017,659204688.67,992637515.785697,2017,3
BA,2017,2483192163.48,3739217488.4988413,2017,3
CE,2017,2126730371.76,3202453485.622351,2017,3
MA,2017,1239249378.17,1866075052.754128,2017,3
PB,2017,563581792.29,848647529.1453061,2017,3
PE,2017,1143845958.48,1722415556.4759552,2017,3
PI,2017,671052851.39,1010478606.7414277,2017,3
RN,2017,380734547.6,573314179.9491189,2017,3
SE,2017,311832488.63,469560717.90003586,2017,3
AL,2017,659204688.67,992637515.785697,2017,4
BA,2017,2483192163.48,3739217488.4988413,2017,4
CE,2017,2126730371.76,3202453485.622351,2017,4
MA,2017,1239249378.17,1866075052.754128,2017,4
PB,2017,563581792.29,848647529.1453061,2017,4
PE,2017,1143845958.48,1722415556.4759552,2017,4
PI,2017,671052851.39,1010478606.7414277,2017,4
RN,2017,380734547.6,573314179.9491189,2017,4
SE,2017,311832488.63,469560717.90003586,2017,4
AL,2017,659204688.67,992637515.785697,2017,5
BA,2017,2483192163.48,3739217488.4988413,2017,5
CE,2017,2126730371.76,3202453485.622351,2017,5
MA,2017,1239249378.17,1866075052.754128,2017,5
PB,2017,563581792.29,848647529.1453061,2017,5
PE,2017,1143845958.48,1722415556.4759552,2017,5
PI,2017,671052851.39,1010478606.7414277,2017,5
RN,2017,380734547.6,573314179.9491189,2017,5
SE,2017,311832488.63,469560717.90003586,2017,5
AL,2017,659204688.67,992637515.785697,2017,6
BA,2017,2483192163.48,3739217488.4988413,2017,6
CE,2017,2126730371.76,3202453485.622351,2017,6
MA,2017,1239249378.17,1866075052.754128,2017,6
PB,2017,563581792.29,848647529.1453061,2017,6
PE,2017,1143845958.48,1722415556.4759552,2017,6
PI,2017,671052851.39,1010478606.7414277,2017,6
RN,2017,380734547.6,573314179.9491189,2017,6
SE,2017,311832488.63,469560717.90003586,2017,6
AL,2018,967045378.24,1403615183.9210064,2018,1
BA,2018,2449844273.78,3555819301.0319552,2018,1
CE,2018,2733293560.16,3967230938.1555676,2018,1
MA,2018,1308323070.65,1898961691.7260578,2018,1
PB,2018,645555466.74,936989592.8033677,2018,1
PE,2018,869249725.48,1261669969.948498,2018,1
PI,2018,782792363.21,1136181684.5230606,2018,1
RN,2018,686981844.52,997117787.5864102,2018,1
SE,2018,385599929.09,559677888.5129677,2018,1
AL,2018,967045378.24,1403615183.9210064,2018,2
BA,2018,2449844273.78,3555819301.0319552,2018,2
CE,2018,2733293560.16,3967230938.1555676,2018,2
MA,2018,1308323070.65,1898961691.7260578,2018,2
PB,2018,645555466.74,936989592.8033677,2018,2
PE,2018,869249725.48,1261669969.948498,2018,2
PI,2018,782792363.21,1136181684.5230606,2018,2
RN,2018,686981844.52,997117787.5864102,2018,2
SE,2018,385599929.09,559677888.5129677,2018,2
AL,2018,967045378.24,1403615183.9210064,2018,3
BA,2018,2449844273.78,3555819301.0319552,2018,3
CE,2018,2733293560.16,3967230938.1555676,2018,3
MA,2018,1308323070.65,1898961691.7260578,2018,3
PB,2018,645555466.74,936989592.8033677,2018,3
PE,2018,869249725.48,1261669969.948498,2018,3
PI,2018,782792363.21,1136181684.5230606,2018,3
RN,2018,686981844.52,997117787.5864102,2018,3
SE,2018,385599929.09,559677888.5129677,2018,3
AL,2018,967045378.24,1403615183.9210064,2018,4
BA,2018,2449844273.78,3555819301.0319552,2018,4
CE,2018,2733293560.16,3967230938.1555676,2018,4
MA,2018,1308323070.65,1898961691.7260578,2018,4
PB,2018,645555466.74,936989592.8033677,2018,4
PE,2018,869249725.48,1261669969.948498,2018,4
PI,2018,782792363.21,1136181684.5230606,2018,4
RN,2018,686981844.52,997117787.5864102,2018,4
SE,2018,385599929.09,559677888.5129677,2018,4
AL,2018,967045378.24,1403615183.9210064,2018,5
BA,2018,2449844273.78,3555819301.0319552,2018,5
CE,2018,2733293560.16,3967230938.1555676,2018,5
MA,2018,1308323070.65,1898961691.7260578,2018,5
PB,2018,645555466.74,936989592.8033677,2018,5
PE,2018,869249725.48,1261669969.948498,2018,5
PI,2018,782792363.21,1136181684.5230606,2018,5
RN,2018,686981844.52,997117787.5864102,2018,5
SE,2018,385599929.09,559677888.5129677,2018,5
AL,2018,967045378.24,1403615183.9210064,2018,6
BA,2018,2449844273.78,3555819301.0319552,2018,6
CE,2018,2733293560.16,3967230938.1555676,2018,6
MA,2018,1308323070.65,1898961691.7260578,2018,6
PB,2018,645555466.74,936989592.8033677,2018,6
PE,2018,869249725.48,1261669969.948498,2018,6
PI,2018,782792363.21,1136181684.5230606,2018,6
RN,2018,686981844.52,997117787.5864102,2018,6
SE,2018,385599929.09,559677888.5129677,2018,6
AL,2019,724364185.79,1007972575.2920331,2019,1
BA,2019,2232101993.62,3106030970.277566,2019,1
CE,2019,1843176072.89,2564829914.777432,2019,1
MA,2019,917371897.92,1276548085.3232543,2019,1
PB,2019,455063270.42,633232986.395936,2019,1
PE,2019,646706650.03,899909990.4122038,2019,1
PI,2019,559043470.49,777924278.566369,2019,1
RN,2019,483413831.41,672683567.3780675,2019,1
SE,2019,205631587.68,286141978.111669,2019,1
AL,2019,724364185.79,1007972575.2920331,2019,2
BA,2019,2232101993.62,3106030970.277566,2019,2
CE,2019,1843176072.89,2564829914.777432,2019,2
MA,2019,917371897.92,1276548085.3232543,2019,2
PB,2019,455063270.42,633232986.395936,2019,2
PE,2019,646706650.03,899909990.4122038,2019,2
PI,2019,559043470.49,777924278.566369,2019,2
RN,2019,483413831.41,672683567.3780675,2019,2
SE,2019,205631587.68,286141978.111669,2019,2
AL,2019,724364185.79,1007972575.2920331,2019,3
BA,2019,2232101993.62,3106030970.277566,2019,3
CE,2019,1843176072.89,2564829914.777432,2019,3
MA,2019,917371897.92,1276548085.3232543,2019,3
PB,2019,455063270.42,633232986.395936,2019,3
PE,2019,646706650.03,899909990.4122038,2019,3
PI,2019,559043470.49,777924278.566369,2019,3
RN,2019,483413831.41,672683567.3780675,2019,3
SE,2019,205631587.68,286141978.111669,2019,3
AL,2019,724364185.79,1007972575.2920331,2019,4
BA,2019,2232101993.62,3106030970.277566,2019,4
CE,2019,1843176072.89,2564829914.777432,2019,4
MA,2019,917371897.92,1276548085.3232543,2019,4
PB,2019,455063270.42,633232986.395936,2019,4
PE,2019,646706650.03,899909990.4122038,2019,4
PI,2019,559043470.49,777924278.566369,2019,4
RN,2019,483413831.41,672683567.3780675,2019,4
SE,2019,205631587.68,286141978.111669,2019,4
AL,2019,724364185.79,1007972575.2920331,2019,5
BA,2019,2232101993.62,3106030970.277566,2019,5
CE,2019,1843176072.89,2564829914.777432,2019,5
MA,2019,917371897.92,1276548085.3232543,2019,5
PB,2019,455063270.42,633232986.395936,2019,5
PE,2019,646706650.03,899909990.4122038,2019,5
PI,2019,559043470.49,777924278.566369,2019,5
RN,2019,483413831.41,672683567.3780675,2019,5
SE,2019,205631587.68,286141978.111669,2019,5
AL,2019,724364185.79,1007972575.2920331,2019,6
BA,2019,2232101993.62,3106030970.277566,2019,6
CE,2019,1843176072.89,2564829914.777432,2019,6
MA,2019,917371897.92,1276548085.3232543,2019,6
PB,2019,455063270.42,633232986.395936,2019,6
PE,2019,646706650.03,899909990.4122038,2019,6
PI,2019,559043470.49,777924278.566369,2019,6
RN,2019,483413831.41,672683567.3780675,2019,6
SE,2019,205631587.68,286141978.111669,2019,6
AL,2020,811871413.48,1080912755.3899052,2020,1
BA,2020,2222298703.45,2958733335.0599957,2020,1
CE,2020,1820672781.84,2424014937.102547,2020,1
MA,2020,1009221633.73,1343661716.3772933,2020,1
PB,2020,360201006.25,479565921.02561486,2020,1
PE,2020,690348237.12,919118720.9873663,2020,1
PI,2020,739845167.83,985018151.4498324,2020,1
RN,2020,379326758.44,505029644.90521747,2020,1
SE,2020,282282032.74,375825832.44085777,2020,1
AL,2020,811871413.48,1080912755.3899052,2020,2
BA,2020,2222298703.45,2958733335.0599957,2020,2
CE,2020,1820672781.84,2424014937.102547,2020,2
MA,2020,1009221633.73,1343661716.3772933,2020,2
PB,2020,360201006.25,479565921.02561486,2020,2
PE,2020,690348237.12,919118720.9873663,2020,2
PI,2020,739845167.83,985018151.4498324,2020,2
RN,2020,379326758.44,505029644.90521747,2020,2
SE,2020,282282032.74,375825832.44085777,2020,2
AL,2020,811871413.48,1080912755.3899052,2020,3
BA,2020,2222298703.45,2958733335.0599957,2020,3
CE,2020,1820672781.84,2424014937.102547,2020,3
MA,2020,1009221633.73,1343661716.3772933,2020,3
PB,2020,360201006.25,479565921.02561486,2020,3
PE,2020,690348237.12,919118720.9873663,2020,3
PI,2020,739845167.83,985018151.4498324,2020,3
RN,2020,379326758.44,505029644.90521747,2020,3
SE,2020,282282032.74,375825832.44085777,2020,3
AL,2020,811871413.48,1080912755.3899052,2020,4
BA,2020,2222298703.45,2958733335.0599957,2020,4
CE,2020,1820672781.84,2424014937.102547,2020,4
MA,2020,1009221633.73,1343661716.3772933,2020,4
PB,2020,360201006.25,479565921.02561486,2020,4
PE,2020,690348237.12,919118720.9873663,2020,4
PI,2020,739845167.83,985018151.4498324,2020,4
RN,2020,379326758.44,505029644.90521747,2020,4
SE,2020,282282032.74,375825832.44085777,2020,4
AL,2020,811871413.48,1080912755.3899052,2020,5
BA,2020,2222298703.45,2958733335.0599957,2020,5
CE,2020,1820672781.84,2424014937.102547,2020,5
MA,2020,1009221633.73,1343661716.3772933,2020,5
PB,2020,360201006.25,479565921.02561486,2020,5
PE,2020,690348237.12,919118720.9873663,2020,5
PI,2020,739845167.83,985018151.4498324,2020,5
RN,2020,379326758.44,505029644.90521747,2020,5
SE,2020,282282032.74,375825832.44085777,2020,5
AL,2020,811871413.48,1080912755.3899052,2020,6
BA,2020,2222298703.45,2958733335.0599957,2020,6
CE,2020,1820672781.84,2424014937.102547,2020,6
MA,2020,1009221633.73,1343661716.3772933,2020,6
PB,2020,360201006.25,479565921.02561486,2020,6
PE,2020,690348237.12,919118720.9873663,2020,6
PI,2020,739845167.83,985018151.4498324,2020,6
RN,2020,379326758.44,505029644.90521747,2020,6
SE,2020,282282032.74,375825832.44085777,2020,6
AL,2021,1756883519.86,2125263041.6571612,2021,1
BA,2021,3216966154.93,3891492633.432798,2021,1
CE,2021,2303101367.86,2786010662.0460267,2021,1
MA,2021,2046990438.23,2476198948.7740674,2021,1
PB,2021,568767565.12,688025513.2333374,2021,1
PE,2021,1113709742.73,1347229983.4346368,2021,1
PI,2021,1189461105.25,1438864727.1720922,2021,1
RN,2021,316999095.19,383466777.18267447,2021,1
SE,2021,417221923.52,504704110.5473089,2021,1
AL,2021,1756883519.86,2125263041.6571612,2021,2
BA,2021,3216966154.93,3891492633.432798,2021,2
CE,2021,2303101367.86,2786010662.0460267,2021,2
MA,2021,2046990438.23,2476198948.7740674,2021,2
PB,2021,568767565.12,688025513.2333374,2021,2
PE,2021,1113709742.73,1347229983.4346368,2021,2
PI,2021,1189461105.25,1438864727.1720922,2021,2
RN,2021,316999095.19,383466777.18267447,2021,2
SE,2021,417221923.52,504704110.5473089,2021,2
AL,2021,1756883519.86,2125263041.6571612,2021,3
BA,2021,3216966154.93,3891492633.432798,2021,3
CE,2021,2303101367.86,2786010662.0460267,2021,3
MA,2021,2046990438.23,2476198948.7740674,2021,3
PB,2021,568767565.12,688025513.2333374,2021,3
PE,2021,1113709742.73,1347229983.4346368,2021,3
PI,2021,1189461105.25,1438864727.1720922,2021,3
RN,2021,316999095.19,383466777.18267447,2021,3
SE,2021,417221923.52,504704110.5473089,2021,3
AL,2021,1756883519.86,2125263041.6571612,2021,4
BA,2021,3216966154.93,3891492633.432798,2021,4
CE,2021,2303101367.86,2786010662.0460267,2021,4
MA,2021,2046990438.23,2476198948.7740674,2021,4
PB,2021,568767565.12,688025513.2333374,2021,4
PE,2021,1113709742.73,1347229983.4346368,2021,4
PI,2021,1189461105.25,1438864727.1720922,2021,4
RN,2021,316999095.19,383466777.18267447,2021,4
SE,2021,417221923.52,504704110.5473089,2021,4
AL,2021,1756883519.86,2125263041.6571612,2021,5
BA,2021,3216966154.93,3891492633.432798,2021,5
CE,2021,2303101367.86,2786010662.0460267,2021,5
MA,2021,2046990438.23,2476198948.7740674,2021,5
PB,2021,568767565.12,688025513.2333374,2021,5
PE,2021,1113709742.73,1347229983.4346368,2021,5
PI,2021,1189461105.25,1438864727.1720922,2021,5
RN,2021,316999095.19,383466777.18267447,2021,5
SE,2021,417221923.52,504704110.5473089,2021,5
AL,2021,1756883519.86,2125263041.6571612,2021,6
BA,2021,3216966154.93,3891492633.432798,2021,6
CE,2021,2303101367.86,2786010662.0460267,2021,6
MA,2021,2046990438.23,2476198948.7740674,2021,6
PB,2021,568767565.12,688025513.2333374,2021,6
PE,2021,1113709742.73,1347229983.4346368,2021,6
PI,2021,1189461105.25,1438864727.1720922,2021,6
RN,2021,316999095.19,383466777.18267447,2021,6
SE,2021,417221923.52,504704110.5473089,2021,6
AL,2022,2437313237.32,2787132570.4788723,2022,1
BA,2022,9514002468.97,10879515095.0888,2022,1
CE,2022,3525370735.49,4031355284.7648206,2022,1
MA,2022,2470319489.9,2824876098.9620323,2022,1
PB,2022,1263637592.85,1445003226.6621435,2022,1
PE,2022,3043353412.04,3480155643.638775,2022,1
PI,2022,2297971211.29,2627791254.295909,2022,1
RN,2022,705803398.67,807104975.5389186,2022,1
SE,2022,988347713.73,1130201921.4092286,2022,1
AL,2022,2437313237.32,2787132570.4788723,2022,2
BA,2022,9514002468.97,10879515095.0888,2022,2
CE,2022,3525370735.49,4031355284.7648206,2022,2
MA,2022,2470319489.9,2824876098.9620323,2022,2
PB,2022,1263637592.85,1445003226.6621435,2022,2
PE,2022,3043353412.04,3480155643.638775,2022,2
PI,2022,2297971211.29,2627791254.295909,2022,2
RN,2022,705803398.67,807104975.5389186,2022,2
SE,2022,988347713.73,1130201921.4092286,2022,2
AL,2022,2437313237.32,2787132570.4788723,2022,3
BA,2022,9514002468.97,10879515095.0888,2022,3
CE,2022,3525370735.49,4031355284.7648206,2022,3
MA,2022,2470319489.9,2824876098.9620323,2022,3
PB,2022,1263637592.85,1445003226.6621435,2022,3
PE,2022,3043353412.04,3480155643.638775,2022,3
PI,2022,2297971211.29,2627791254.295909,2022,3
RN,2022,705803398.67,807104975.5389186,2022,3
SE,2022,988347713.73,1130201921.4092286,2022,3
AL,2022,2437313237.32,2787132570.4788723,2022,4
BA,2022,9514002468.97,10879515095.0888,2022,4
CE,2022,3525370735.49,4031355284.7648206,2022,4
MA,2022,2470319489.9,2824876098.9620323,2022,4
PB,2022,1263637592.85,1445003226.6621435,2022,4
PE,2022,3043353412.04,3480155643.638775,2022,4
PI,2022,2297971211.29,2627791254.295909,2022,4
RN,2022,705803398.67,807104975.5389186,2022,4
SE,2022,988347713.73,1130201921.4092286,2022,4
AL,2022,2437313237.32,2787132570.4788723,2022,5
BA,2022,9514002468.97,10879515095.0888,2022,5
CE,2022,3525370735.49,4031355284.7648206,2022,5
MA,2022,2470319489.9,2824876098.9620323,2022,5
PB,2022,1263637592.85,1445003226.6621435,2022,5
PE,2022,3043353412.04,3480155643.638775,2022,5
PI,2022,2297971211.29,2627791254.295909,2022,5
RN,2022,705803398.67,807104975.5389186,2022,5
SE,2022,988347713.73,1130201921.4092286,2022,5
AL,2022,2437313237.32,2787132570.4788723,2022,6
BA,2022,9514002468.97,10879515095.0888,2022,6
CE,2022,3525370735.49,4031355284.7648206,2022,6
MA,2022,2470319489.9,2824876098.9620323,2022,6
PB,2022,1263637592.85,1445003226.6621435,2022,6
PE,2022,3043353412.04,3480155643.638775,2022,6
PI,2022,2297971211.29,2627791254.295909,2022,6
RN,2022,705803398.67,807104975.5389186,2022,6
SE,2022,988347713.73,1130201921.4092286,2022,6
AL,2023,1989365775.25,2174410725.8529396,2023,1
BA,2023,7924978490.57,8662136670.107193,2023,1
CE,2023,2409603164.84,2633737360.852532,2023,1
MA,2023,1692133081.26,1849530321.2904353,2023,1
PB,2023,1497813649.94,1637135868.2639408,2023,1
PE,2023,1443793992.59,1578091461.342856,2023,1
PI,2023,2018902122.99,2206694457.7474966,2023,1
RN,2023,351066280.69,383721433.089249,2023,1
SE,2023,778917897.51,851370548.3305212,2023,1
AL,2023,1989365775.25,2174410725.8529396,2023,2
BA,2023,7924978490.57,8662136670.107193,2023,2
CE,2023,2409603164.84,2633737360.852532,2023,2
MA,2023,1692133081.26,1849530321.2904353,2023,2
PB,2023,1497813649.94,1637135868.2639408,2023,2
PE,2023,1443793992.59,1578091461.342856,2023,2
PI,2023,2018902122.99,2206694457.7474966,2023,2
RN,2023,351066280.69,383721433.089249,2023,2
SE,2023,778917897.51,851370548.3305212,2023,2
AL,2023,1989365775.25,2174410725.8529396,2023,3
BA,2023,7924978490.57,8662136670.107193,2023,3
CE,2023,2409603164.84,2633737360.852532,2023,3
MA,2023,1692133081.26,1849530321.2904353,2023,3
PB,2023,1497813649.94,1637135868.2639408,2023,3
PE,2023,1443793992.59,1578091461.342856,2023,3
PI,2023,2018902122.99,2206694457.7474966,2023,3
RN,2023,351066280.69,383721433.089249,2023,3
SE,2023,778917897.51,851370548.3305212,2023,3
AL,2023,1989365775.25,2174410725.8529396,2023,4
BA,2023,7924978490.57,8662136670.107193,2023,4
CE,2023,2409603164.84,2633737360.852532,2023,4
MA,2023,1692133081.26,1849530321.2904353,2023,4
PB,2023,1497813649.94,1637135868.2639408,2023,4
PE,2023,1443793992.59,1578091461.342856,2023,4
PI,2023,2018902122.99,2206694457.7474966,2023,4
RN,2023,351066280.69,383721433.089249,2023,4
SE,2023,778917897.51,851370548.3305212,2023,4
AL,2023,1989365775.25,2174410725.8529396,2023,5
BA,2023,7924978490.57,8662136670.107193,2023,5
CE,2023,2409603164.84,2633737360.852532,2023,5
MA,2023,1692133081.26,1849530321.2904353,2023,5
PB,2023,1497813649.94,1637135868.2639408,2023,5
PE,2023,1443793992.59,1578091461.342856,2023,5
PI,2023,2018902122.99,2206694457.7474966,2023,5
RN,2023,351066280.69,383721433.089249,2023,5
SE,2023,778917897.51,851370548.3305212,2023,5
AL,2023,1989365775.25,2174410725.8529396,2023,6
BA,2023,7924978490.57,8662136670.107193,2023,6
CE,2023,2409603164.84,2633737360.852532,2023,6
MA,2023,1692133081.26,1849530321.2904353,2023,6
PB,2023,1497813649.94,1637135868.2639408,2023,6
PE,2023,1443793992.59,1578091461.342856,2023,6
PI,2023,2018902122.99,2206694457.7474966,2023,6
RN,2023,351066280.69,383721433.089249,2023,6
SE,2023,778917897.51,851370548.3305212,2023,6
AL,2024,2529221187.32,2637076913.8352327,2024,1
BA,2024,7201937763.14,7509056109.94779,2024,1
CE,2024,3430741910.0,3577041950.124759,2024,1
MA,2024,2883155270.97,3006104109.1205273,2024,1
PB,2024,1776262432.34,1852009099.3702354,2024,1
PE,2024,2949750744.85,3075539470.335792,2024,1
PI,2024,2940181434.28,3065562087.530374,2024,1
RN,2024,884435528.36,922151263.5220281,2024,1
SE,2024,665068527.75,693429609.6524097,2024,1
AL,2024,2529221187.32,2637076913.8352327,2024,2
BA,2024,7201937763.14,7509056109.94779,2024,2
CE,2024,3430741910.0,3577041950.124759,2024,2
MA,2024,2883155270.97,3006104109.1205273,2024,2
PB,2024,1776262432.34,1852009099.3702354,2024,2
PE,2024,2949750744.85,3075539470.335792,2024,2
PI,2024,2940181434.28,3065562087.530374,2024,2
RN,2024,884435528.36,922151263.5220281,2024,2
SE,2024,665068527.75,693429609.6524097,2024,2
AL,2024,2529221187.32,2637076913.8352327,2024,3
BA,2024,7201937763.14,7509056109.94779,2024,3
CE,2024,3430741910.0,3577041950.124759,2024,3
MA,2024,2883155270.97,3006104109.1205273,2024,3
PB,2024,1776262432.34,1852009099.3702354,2024,3
PE,2024,2949750744.85,3075539470.335792,2024,3
PI,2024,2940181434.28,3065562087.530374,2024,3
RN,2024,884435528.36,922151263.5220281,2024,3
SE,2024,665068527.75,693429609.6524097,2024,3
AL,2024,2529221187.32,2637076913.8352327,2024,4
BA,2024,7201937763.14,7509056109.94779,2024,4
CE,2024,3430741910.0,3577041950.124759,2024,4
MA,2024,2883155270.97,3006104109.1205273,2024,4
PB,2024,1776262432.34,1852009099.3702354,2024,4
PE,2024,2949750744.85,3075539470.335792,2024,4
PI,2024,2940181434.28,3065562087.530374,2024,4
RN,2024,884435528.36,922151263.5220281,2024,4
SE,2024,665068527.75,693429609.6524097,2024,4
AL,2024,2529221187.32,2637076913.8352327,2024,5
BA,2024,7201937763.14,7509056109.94779,2024,5
CE,2024,3430741910.0,3577041950.124759,2024,5
MA,2024,2883155270.97,3006104109.1205273,2024,5
PB,2024,1776262432.34,1852009099.3702354,2024,5
PE,2024,2949750744.85,3075539470.335792,2024,5
PI,2024,2940181434.28,3065562087.530374,2024,5
RN,2024,884435528.36,922151263.5220281,2024,5
SE,2024,665068527.75,693429609.6524097,2024,5
AL,2024,2529221187.32,2637076913.8352327,2024,6
BA,2024,7201937763.14,7509056109.94779,2024,6
CE,2024,3430741910.0,3577041950.124759,2024,6
MA,2024,2883155270.97,3006104109.1205273,2024,6
PB,2024,1776262432.34,1852009099.3702354,2024,6
PE,2024,2949750744.85,3075539470.335792,2024,6
PI,2024,2940181434.28,3065562087.530374,2024,6
RN,2024,884435528.36,922151263.5220281,2024,6
SE,2024,665068527.75,693429609.6524097,2024,6
