ano_bim,bimestre,uf,resultado_primario_nominal,resultado_primario_real
2023,1,AL,683382404.87,770870724.1745437
2023,1,BA,1766099691.48,1992200177.2852376
2023,1,CE,1466141416.87,1653840496.4931278
2023,1,MA,1360053956.34,1534171454.7650833
2023,1,PB,941995087.77,1062591647.5216533
2023,1,PE,2502621448.99,2823013286.51366
2023,1,PI,1279604388.99,1443422533.223241
2023,1,RN,102001407.02,115059881.46020174
2023,1,SE,510192694.1,575508834.8290803
2023,2,AL,610245079.44,679373028.3740426
2023,2,BA,792387062.19,882147871.7672479
2023,2,CE,1562120313.15,1739075731.3491256
2023,2,MA,1308952952.43,1457229826.592886
2023,2,PB,879959243.77,979640142.0136901
2023,2,PE,2850365616.47,3173252167.164526
2023,2,PI,945310601.0,1052394435.2731154
2023,2,RN,14576898.64,16228155.059350956
2023,2,SE,648563166.56,722031749.8701726
2023,3,AL,734363155.53,816328085.2257167
2023,3,BA,125710107.45,139741067.52961326
2023,3,CE,1867456065.87,2075889596.3327372
2023,3,MA,1025622281.84,1140095696.7878199
2023,3,PB,868789283.69,965758000.0829808
2023,3,PE,4329544633.73,4812780780.377405
2023,3,PI,1363733478.93,1515944708.323066
2023,3,RN,165490514.4,183961509.67796212
2023,3,SE,817444455.23,908682389.4843735
2023,4,AL,852254675.47,944071050.0838517
2023,4,BA,2504696996.97,2774536757.7682166
2023,4,CE,1174073801.1,1300560874.7985485
2023,4,MA,1156303907.78,1280876568.769674
2023,4,PB,768947273.12,851788650.1393167
2023,4,PE,4189619326.94,4640981658.744886
2023,4,PI,1454560948.55,1611265882.8785737
2023,4,RN,429878168.77,476190446.21258026
2023,4,SE,932408763.27,1032860417.881838
2023,5,AL,804448800.02,886675967.9040068
2023,5,BA,412757568.9,454947806.37998754
2023,5,CE,970986518.91,1070236429.5339389
2023,5,MA,2139679119.92,2358387574.9605093
2023,5,PB,681120068.52,750741123.6101037
2023,5,PE,2946979585.56,3248206693.023593
2023,5,PI,1009418523.41,1112596782.0979323
2023,5,RN,761008568.1,838795469.2536478
2023,5,SE,1011075113.25,1114422701.1617255
2023,6,AL,-173995670.22,-190180235.47268167
2023,6,BA,-1107853563.9,-1210902842.498052
2023,6,CE,451254747.98,493229136.7968618
2023,6,MA,1182751651.53,1292767729.8479304
2023,6,PB,284516310.88,310981180.9142219
2023,6,PE,1470780318.25,1607587975.607102
2023,6,PI,-78795008.98,-86124288.8569648
2023,6,RN,710502659.91,776591526.6443144
2023,6,SE,1053386469.11,1151369378.8229055
2024,1,AL,792020375.61,854974791.0789655
2024,1,BA,1759430952.98,1899280823.7835793
2024,1,CE,2147576301.09,2318278236.133017
2024,1,MA,1839910318.85,1986157160.7311943
2024,1,PB,874612979.26,944132338.31497
2024,1,PE,2436036577.93,2629667024.250889
2024,1,PI,793792460.54,856887731.6919315
2024,1,RN,341541025.81,368688705.7190924
2024,1,SE,719951776.55,777177757.9190282
2024,2,AL,1029028779.39,1104849107.4346921
2024,2,BA,4690958414.49,5036595011.788551
2024,2,CE,2448002143.25,2628374480.0327983
2024,2,MA,4083287345.41,4384149859.880444
2024,2,PB,1043566180.3,1120457645.059223
2024,2,PE,4613938379.47,4953900029.246975
2024,2,PI,555088837.8,595988585.8137453
2024,2,RN,478118550.45,513347016.4224105
2024,2,SE,814605079.39,874626359.2446172
2024,3,AL,1322279462.81,1410244662.931522
2024,3,BA,3476794648.73,3708089882.1952705
2024,3,CE,2158023708.35,2301587147.6312723
2024,3,MA,4019524206.71,4286924753.4031715
2024,3,PB,1121780101.81,1196406997.2004466
2024,3,PE,3994810811.94,4260567289.601043
2024,3,PI,185740475.91,198096939.57265738
2024,3,RN,530077351.07,565340970.88579
2024,3,SE,1043548349.61,1112970844.6208885
2024,4,AL,1328183518.7,1411461300.6631396
2024,4,BA,3298500077.69,3505317709.747451
2024,4,CE,1889216780.15,2007671632.874289
2024,4,MA,3034476108.67,3224739303.6217933
2024,4,PB,1017505662.46,1081303784.866715
2024,4,PE,3878355649.7,4121530520.9612803
2024,4,PI,-677542956.64,-720025244.5311747
2024,4,RN,369377843.46,392538022.06226486
2024,4,SE,1036071587.47,1101033802.8150463
2024,5,AL,1238347510.7,1302931113.9208252
2024,5,BA,2235321215.08,2351900040.6345606
2024,5,CE,1272078351.76,1338421121.3186266
2024,5,MA,3021978256.87,3179583648.7307463
2024,5,PB,712288147.21,749436148.6238389
2024,5,PE,3583357438.62,3770240468.6374855
2024,5,PI,-1044071150.31,-1098522648.232272
2024,5,RN,299804716.7,315440447.94650584
2024,5,SE,836275049.83,879889346.7337557
2024,6,AL,399317766.75,416346213.3165487
2024,6,BA,54645113.55,56975391.523310736
2024,6,CE,417230647.02,435022967.74875605
2024,6,MA,3361964541.35,3505331649.7482886
2024,6,PB,23103237.4,24088448.368152317
2024,6,PE,1305075783.32,1360729238.0170825
2024,6,PI,-1733005722.17,-1806907756.581533
2024,6,RN,314183267.4,327581251.22768694
2024,6,SE,1668810600.37,1739975107.698024
2025,1,AL,294735405.23,302845875.34197396
2025,1,BA,2678261761.43,2751961634.545582
2025,1,CE,1753207876.87,1801452301.6425688
2025,1,MA,1478774184.61,1519466797.7600174
2025,1,PB,807571436.23,829794025.9854319
2025,1,PE,2339585604.83,2403965854.999031
2025,1,PI,794954628.54,816830031.497163
2025,1,RN,560611427.4,576038220.8753566
2025,1,SE,549856550.76,564987393.6844594
2025,2,AL,147918294.82,150495155.00461984
2025,2,BA,2040797791.2,2076350192.4726272
2025,2,CE,1505045129.91,1531264272.552501
2025,2,MA,1731355937.66,1761517603.5079625
2025,2,PB,729805014.08,742518826.6993732
2025,2,PE,2620539475.22,2666191460.6227274
2025,2,PI,-194668373.8,-198059659.38952324
2025,2,RN,573300737.63,583288115.0967945
2025,2,SE,637331377.31,648434221.9756823
2025,3,AL,524123230.86,530597596.1932966
2025,3,BA,1746292566.15,1767864088.6210105
2025,3,CE,941324284.53,952952231.8452739
2025,3,MA,1987307926.49,2011856652.4160392
2025,3,PB,412408616.67,417502998.85668516
2025,3,PE,2643462714.2,2676116758.8005342
2025,3,PI,-228993172.82,-231821869.15012586
2025,3,RN,741303494.81,750460634.516199
2025,3,SE,1268195368.98,1283861074.389201
2025,4,AL,360317452.64,364223072.5613127
2025,4,BA,815051214.77,823885869.42792
2025,4,CE,625383885.05,632162662.325492
2025,4,MA,3174061005.26,3208465877.415863
2025,4,PB,174754675.23,176648908.59538388
2025,4,PE,2175524499.76,2199105849.381873
2025,4,PI,-438885580.7,-443642830.8820261
2025,4,RN,767761011.63,776083069.5260556
2025,4,SE,1010962129.61,1021920338.2789608
2025,5,AL,753014632.75,756859480.2839435
2025,5,BA,915655815.32,920331098.973675
2025,5,CE,4247797.34,4269486.338350199
2025,5,MA,1981179978.17,1991295764.2677374
2025,5,PB,-532979526.08,-535700887.5613929
2025,5,PE,738246717.17,742016160.6130669
2025,5,PI,-355656084.24,-357472042.86676437
2025,5,RN,953021173.36,957887242.2899058
2025,5,SE,861377868.2,865776011.9123571
2025,6,AL,892056423.75,892056423.75
2025,6,BA,-884897710.69,-884897710.69
2025,6,CE,-832399697.32,-832399697.32
2025,6,MA,776894485.54,776894485.54
2025,6,PB,-1443443614.22,-1443443614.22
2025,6,PE,-902592467.76,-902592467.76
2025,6,PI,-1253028103.22,-1253028103.22
2025,6,RN,708797318.09,708797318.09
2025,6,SE,298032658.98,298032658.98
