ano_bim,bimestre,uf,transferencias_federais_nominal,transferencias_federais_real
2015,1,AL,4517509149.610001,8038855769.139284
2015,1,BA,14142112256.66,25165726717.361767
2015,1,CE,7945643789.74,14139182080.946398
2015,1,MA,7827507460.42,13928959836.552935
2015,1,PB,4960367671.440001,8826917434.367552
2015,1,PE,9862304446.08,17549857757.393288
2015,1,PI,4395882430.87,7822422416.766562
2015,1,RN,4301565078.28,7654585768.541174
2015,1,SE,4157569208.0699997,7398346767.438139
2015,2,AL,3620330404.7000003,6313579108.110358
2015,2,BA,9280758072.49,16184931684.0889
2015,2,CE,6590708646.94,11493691395.388199
2015,2,MA,6196583871.78,10806367955.735165
2015,2,PB,4050062740.0099993,7062999407.089261
2015,2,PE,8202561181.930001,14304638837.383036
2015,2,PI,3528436893.28,6153323858.169908
2015,2,RN,3742705537.75,6526991972.962048
2015,2,SE,3108676844.8199997,5421294464.130095
2015,3,AL,3917844206.419999,6729072218.650282
2015,3,BA,11836297098.02,20329368340.74791
2015,3,CE,7206040040.239999,12376695265.677528
2015,3,MA,6724542006.590001,11549700910.909763
2015,3,PB,4480309865.450001,7695132082.368575
2015,3,PE,8984585670.15,15431426734.636372
2015,3,PI,1337862138.5199997,2297837911.458263
2015,3,RN,4217355607.46,7243496412.599774
2015,3,SE,4056787966.6099997,6967714325.734902
2015,4,AL,3217900554.7400002,5480774505.382889
2015,4,BA,10148635413.48,17285301796.13375
2015,4,CE,6010802906.16,10237685958.454021
2015,4,MA,5376207291.15,9156833580.07603
2015,4,PB,3652545753.8599997,6221068459.686408
2015,4,PE,7427678827.129999,12650929404.869572
2015,4,PI,5731614986.21,9762169077.853441
2015,4,RN,3523091768.7,6000580570.326363
2015,4,SE,2865243756.8999996,4880124375.314587
2015,5,AL,3167679238.2000003,5322613606.380732
2015,5,BA,9302059382.720001,15630139327.478521
2015,5,CE,6204288313.119999,10424991582.19266
2015,5,MA,5142316127.7699995,8640572397.580477
2015,5,PB,3515545130.370001,5907128511.971975
2015,5,PE,7221368890.120001,12133979933.236042
2015,5,PI,2990527871.4999995,5024948279.849071
2015,5,RN,3421406253.9200006,5748948081.756797
2015,5,SE,2908993113.8300004,4887946399.944748
2015,6,AL,4152089206.08,6841269582.68261
2015,6,BA,11653542461.779997,19201183215.797127
2015,6,CE,6909716667.630003,11384927470.727707
2015,6,MA,6172172151.580001,10169698073.4068
2015,6,PB,4239006286.9100003,6984480181.4402485
2015,6,PE,22817818839.809998,37596217765.111916
2015,6,PI,3772152859.350001,6215260158.695919
2015,6,RN,9169104822.759998,15107651789.494762
2015,6,SE,3640826699.800001,5998878087.852081
2016,1,AL,4458051915.62,7188581057.825661
2016,1,BA,13224261612.42,21324039811.580467
2016,1,CE,8688434778.64,14010047180.708742
2016,1,MA,7923573144.51,12776712540.593895
2016,1,PB,4864422164.679999,7843850563.463605
2016,1,PE,13236347354.94,21343527996.418472
2016,1,PI,4390433159.889999,7079546233.692883
2016,1,RN,4696037886.62,7572331959.685879
2016,1,SE,4042629455.03,6518714917.252176
2016,2,AL,3676009633.0,5866378516.918651
2016,2,BA,11495183961.19,18344647313.374672
2016,2,CE,7057228730.440001,11262314070.555729
2016,2,MA,6346158414.4800005,10127548919.746805
2016,2,PB,3944911148.5099998,6295506356.952994
2016,2,PE,8095310988.430001,12918942878.706339
2016,2,PI,3556567184.76,5675765683.352308
2016,2,RN,2760358369.75,4405131829.342513
2016,2,SE,3164820399.25,5050594599.4799595
2016,3,AL,4320706449.18,6817991745.376738
2016,3,BA,12583710156.42,19856852804.46849
2016,3,CE,8017240700.84,12651051757.843765
2016,3,MA,7388166252.469999,11658384367.299776
2016,3,PB,4797889519.389999,7570977460.095392
2016,3,PE,9198325957.079998,14514781595.162088
2016,3,PI,4257754852.62,6718655335.751912
2016,3,RN,4424665999.09,6982037917.334099
2016,3,SE,3916749860.45,6180556011.233219
2016,4,AL,3351727499.47,5238551629.986397
2016,4,BA,10797018052.21,16875099937.372906
2016,4,CE,6760408229.46,10566117787.144444
2016,4,MA,6142891028.340001,9600974964.23198
2016,4,PB,3759154645.8400006,5875336136.499761
2016,4,PE,7425231824.5,11605197702.800152
2016,4,PI,3319097405.5500007,5187552725.177383
2016,4,RN,3443668449.1899996,5382249890.687591
2016,4,SE,2930129888.4700017,4579619526.272223
2016,5,AL,3428866540.2800007,5340945061.090748
2016,5,BA,10479466803.65,16323253124.704117
2016,5,CE,6469872120.42,10077741767.290876
2016,5,MA,5679573657.949998,8846740029.447767
2016,5,PB,3610479144.410001,5623832402.917924
2016,5,PE,7217257862.400001,11241900867.817362
2016,5,PI,3173792449.1899986,4943631053.381334
2016,5,RN,3366689361.3900003,5244095302.546927
2016,5,SE,2945150953.199999,4587489554.602421
2016,6,AL,9262651598.54,14358890963.59143
2016,6,BA,32312348018.61,50090352318.765015
2016,6,CE,10880291776.38,16866544272.670914
2016,6,MA,10036110378.55,15557900790.188663
2016,6,PB,6508653833.8,10089664900.4942
2016,6,PE,11400717376.909998,17673304018.859543
2016,6,PI,6005004451.1100025,9308911517.622097
2016,6,RN,5995602528.219999,9294336729.378206
2016,6,SE,5171480630.87,8016789329.601025
2017,1,AL,4361611747.95,6713586192.366681
2017,1,BA,13105560155.57,20172659280.14332
2017,1,CE,8613709424.94,13258603470.956825
2017,1,MA,8195111202.5199995,12614278526.741186
2017,1,PB,5167481407.12,7954016503.293332
2017,1,PE,9724303072.67,14968078456.261211
2017,1,PI,4704946662.6,7242062516.155705
2017,1,RN,4424205610.45,6809933440.88196
2017,1,SE,4197020066.29,6460239378.109234
2017,2,AL,3450129525.609999,5289943048.752382
2017,2,BA,10925022832.41,16750892440.63969
2017,2,CE,6866731215.4800005,10528479232.836065
2017,2,MA,6158346023.42,9442341076.352106
2017,2,PB,4041177388.85,6196172659.09537
2017,2,PE,8180386132.830001,12542652801.367924
2017,2,PI,3952299437.6400003,6059899717.2534075
2017,2,RN,3798516805.1399994,5824111071.7044
2017,2,SE,3534243964.859999,5418912291.764083
2017,3,AL,4104115648.4800005,6287688009.388066
2017,3,BA,12277124378.37,18809101486.268497
2017,3,CE,7971448906.439999,12212614847.9845
2017,3,MA,7286026933.659999,11162517850.543392
2017,3,PB,4893773571.9,7497479126.8594
2017,3,PE,9343587744.799997,14314792676.323023
2017,3,PI,4628525640.2,7091107478.857045
2017,3,RN,4420808933.34,6772876230.291496
2017,3,SE,4134772492.7100005,6334655660.492644
2017,4,AL,3352443557.089999,5114079018.851577
2017,4,BA,10183478566.49,15534672900.210482
2017,4,CE,6394933293.940001,9755330292.23674
2017,4,MA,5887922167.400001,8981895953.848293
2017,4,PB,3860532943.7200007,5889158219.326212
2017,4,PE,7916955337.12,12077141491.949501
2017,4,PI,3694125919.0400004,5635307957.86373
2017,4,RN,4199333249.8900003,6405990645.542648
2017,4,SE,3198164503.0400004,4878729710.226606
2017,5,AL,6825838067.510001,10352551691.683558
2017,5,BA,28692170403.86,43516587166.98944
2017,5,CE,16426634036.98,24913801983.91365
2017,5,MA,11339303785.97,17197994946.68945
2017,5,PB,3836776224.2699995,5819127819.665264
2017,5,PE,21959811138.48,33305812077.908546
2017,5,PI,3592293297.52,5448327617.275355
2017,5,RN,3530235345.9199996,5354206112.27262
2017,5,SE,3123282690.099999,4736992758.575039
2017,6,AL,6318584351.34,9514592328.599674
2017,6,BA,18765527786.819996,28257333730.891273
2017,6,CE,12179888865.720001,18340607756.60923
2017,6,MA,9803804948.230001,14762675017.820202
2017,6,PB,5869698337.78,8838654937.635206
2017,6,PE,19313339019.96,29082233782.316437
2017,6,PI,5438111418.979999,8188766709.765366
2017,6,RN,6082490418.880001,9159079543.819574
2017,6,SE,4668701338.18,7030180728.275
2018,1,AL,1588485918.07,2377434778.922294
2018,1,BA,8383562473.929999,12547403014.44126
2018,1,CE,3046858975.1400003,4560133905.858249
2018,1,MA,2984217189.5,4466379999.6383705
2018,1,PB,1716540204.7,2569089430.160336
2018,1,PE,3037366484.7999997,4545926806.874128
2018,1,PI,1843379172.85,2758925154.0859275
2018,1,RN,1869386781.02,2797849888.3102427
2018,1,SE,1502695251.19,2249034701.32182
2018,2,AL,1141103327.86,1702570588.2262595
2018,2,BA,4075740231.370001,6081163093.437596
2018,2,CE,2576085764.74,3843620247.8000154
2018,2,MA,2183024737.8900003,3257157893.906218
2018,2,PB,1306559529.69,1949437682.5530121
2018,2,PE,2585814987.5299997,3858136626.9605417
2018,2,PI,1114061262.89,1662222774.5456443
2018,2,RN,1206803309.87,1800597519.0801008
2018,2,SE,1149310055.9099998,1714815345.9641106
2018,3,AL,3033881021.3200006,4452532151.218589
2018,3,BA,4665278672.29,6846775841.502131
2018,3,CE,2997194473.4900002,4398690872.479443
2018,3,MA,2507621376.2299995,3680192045.200646
2018,3,PB,1646175264.0300002,2415931355.951887
2018,3,PE,15902167431.109999,23338064763.75007
2018,3,PI,1549111908.5000002,2273480907.774967
2018,3,RN,1487211397.7300003,2182635547.510852
2018,3,SE,1388952206.27,2038430087.2261755
2018,4,AL,1061570381.6700001,1554238063.5946467
2018,4,BA,3701932561.59,5419974591.823346
2018,4,CE,2411180563.4099994,3530193263.2634153
2018,4,MA,2149626106.43,3147253140.064392
2018,4,PB,1224296889.3799994,1792484850.247489
2018,4,PE,2419341151.0800004,3542141124.843788
2018,4,PI,1190549752.4899998,1743075893.8584988
2018,4,RN,1124599711.4800003,1646518881.9040782
2018,4,SE,1096549563.3700001,1605450848.51241
2018,5,AL,993382295.8299994,1440972178.9774702
2018,5,BA,3784100237.079998,5489108460.039917
2018,5,CE,2243495834.85,3254351416.611037
2018,5,MA,2064378819.3000007,2994529354.8806415
2018,5,PB,1155589180.97,1676264885.2261174
2018,5,PE,2249527909.81,3263101373.435669
2018,5,PI,1096185724.2900002,1590095916.068626
2018,5,RN,1165196086.7499998,1690200390.2307348
2018,5,SE,983139980.4799998,1426114966.8753238
2018,6,AL,2200008133.1600003,3193195365.943538
2018,6,BA,4720013228.1900015,6850849385.633782
2018,6,CE,16386258975.48,23783787631.04692
2018,6,MA,2751359249.7299995,3993452330.4077125
2018,6,PB,1779186711.7600005,2582395345.502648
2018,6,PE,7804687747.490003,11328091188.51966
2018,6,PI,1612303657.1600003,2340173424.332838
2018,6,RN,1555109581.5399995,2257159250.6684494
2018,6,SE,1527526803.85,2217124308.7189183
2019,1,AL,1572222044.65,2264978579.7120123
2019,1,BA,4610604256.75,6642140603.869043
2019,1,CE,3099132399.63,4464680116.106676
2019,1,MA,2344127079.2,3377002402.7953596
2019,1,PB,1824821974.96,2628879743.2504373
2019,1,PE,3430433979.81,4941960653.601932
2019,1,PI,1774629336.48,2556571094.8611846
2019,1,RN,1680664647.4299998,2421203442.0084805
2019,1,SE,1577849803.78,2273086056.594558
2019,2,AL,1361627217.71,1935953567.4955084
2019,2,BA,3818571791.9100003,5429222908.542326
2019,2,CE,2513577489.52,3573789686.8693814
2019,2,MA,2707118442.4800005,3848965075.159243
2019,2,PB,1463461306.63,2080740676.0176864
2019,2,PE,2829727416.2000003,4023289792.6684895
2019,2,PI,1449846782.42,2061383625.5920706
2019,2,RN,1345907095.4200003,1913602790.1072788
2019,2,SE,1264026041.24,1797184788.991921
2019,3,AL,1395523117.7800002,1981372379.8904278
2019,3,BA,4004281858.72,5685304223.971212
2019,3,CE,12928661421.28,18356193690.169647
2019,3,MA,2711050939.77,3849166942.5594435
2019,3,PB,1606212357.9799995,2280510270.158032
2019,3,PE,10079610300.31,14311093234.244602
2019,3,PI,1530148494.7,2172514325.2033515
2019,3,RN,1518749820.2,2156330416.4354415
2019,3,SE,1425800764.03,2024360769.8665657
2019,4,AL,1176755299.8699996,1665763702.3208036
2019,4,BA,3597101683.989999,5091900941.010868
2019,4,CE,2337599862.9500003,3309004856.5597005
2019,4,MA,2168776219.12,3070025437.459895
2019,4,PB,1319242759.9900002,1867462763.400028
2019,4,PE,2523350307.0699997,3571945119.1098213
2019,4,PI,1364896480.4399996,1932088187.5726757
2019,4,RN,1366177713.0400002,1933901844.8041723
2019,4,SE,1242058382.1599998,1758203909.847694
2019,5,AL,1134264963.9500003,1604654077.3352194
2019,5,BA,3469839953.7100015,4908811438.582742
2019,5,CE,2337112434.7399993,3306332397.4465084
2019,5,MA,1960149298.2400007,2773039513.318898
2019,5,PB,1259884957.28,1782369726.586899
2019,5,PE,2468640800.54,3492406670.3670225
2019,5,PI,1250996480.9500003,1769795125.2040246
2019,5,RN,1217488897.9799998,1722391668.9188054
2019,5,SE,1130392036.8299997,1599175015.1303103
2019,6,AL,2053612429.6200004,2857657860.428662
2019,6,BA,5456932045.62,7593470184.087543
2019,6,CE,7763645940.109998,10803325654.999887
2019,6,MA,3435401422.359999,4780455034.619862
2019,6,PB,2172326175.5699997,3022851284.6414866
2019,6,PE,15886202259.869999,22106084919.18671
2019,6,PI,2251194145.7,3132598222.0515566
2019,6,RN,1961680952.7199998,2729732696.0719604
2019,6,SE,1941974047.0500007,2702309997.8644805
2020,1,AL,1801625904.44,2495519229.0865426
2020,1,BA,4744468789.41,6571793326.56954
2020,1,CE,3239661759.37,4487412284.825647
2020,1,MA,3326876740.77,4608217976.2912
2020,1,PB,1976634831.58,2737932563.5436907
2020,1,PE,22579726640.149998,31276272104.628014
2020,1,PI,1905413123.01,2639279928.2619624
2020,1,RN,1824511946.16,2527219793.0322466
2020,1,SE,1675701670.99,2321095479.2903075
2020,2,AL,1289125146.08,1789929341.0116553
2020,2,BA,4208382269.2499995,5843270472.870231
2020,2,CE,2519213114.8199997,3497886519.543426
2020,2,MA,2336706035.94,3244478402.8660035
2020,2,PB,1498832075.89,2081104009.2134166
2020,2,PE,3047407557.9300003,4231275930.460425
2020,2,PI,1426923324.08,1981259874.505756
2020,2,RN,1457447817.69,2023642638.4276314
2020,2,SE,1298452702.68,1802880501.951348
2020,3,AL,1744327245.07,2424903909.628973
2020,3,BA,5197006217.57,7224699798.142432
2020,3,CE,3594183973.2599998,4996511287.269502
2020,3,MA,3032361391.25,4215484802.9992175
2020,3,PB,1904895447.6699996,2648120317.758407
2020,3,PE,-1312737092.1199985,-1824922081.5610256
2020,3,PI,1791444966.2600002,2490405349.5963655
2020,3,RN,1937355296.0899997,2693244885.7327285
2020,3,SE,1800916542.05,2503572409.4060607
2020,4,AL,1901056675.1,2626999095.944925
2020,4,BA,5974819321.580001,8256379287.271535
2020,4,CE,4042900028.790001,5586732294.589992
2020,4,MA,3346189002.3499994,4623973392.88788
2020,4,PB,2249959261.78,3109134527.1429415
2020,4,PE,3904510085.7799993,5395496409.864977
2020,4,PI,5426849837.25,7499160757.81102
2020,4,RN,2026636565.5700006,2800533248.3216295
2020,4,SE,1824629985.67,2521387913.1388617
2020,5,AL,1676160537.73,2281869895.1054444
2020,5,BA,5102047184.780001,6945759437.890025
2020,5,CE,3348791708.3000007,4558935025.697053
2020,5,MA,2990363875.35,4070983148.0778956
2020,5,PB,1874878663.6599998,2552398223.964408
2020,5,PE,4038916461.4300003,5498448194.386204
2020,5,PI,1751162648.8799994,2383975305.4465775
2020,5,RN,1830067083.5800002,2491393210.8794804
2020,5,SE,1626798608.67,2214670186.3956285
2020,6,AL,1789254182.82,2382184711.4370937
2020,6,BA,4900801793.290001,6524849972.606383
2020,6,CE,3115925485.759998,4148493895.068567
2020,6,MA,2875909786.4900002,3828940790.319228
2020,6,PB,2057688226.1699998,2739573549.8914356
2020,6,PE,3831848063.2000003,5101661888.149505
2020,6,PI,2032803915.4399998,2706442972.27712
2020,6,RN,1867021377.9899995,2485722724.741241
2020,6,SE,1739185098.099999,2315523524.1776905
2021,1,AL,2001144182.85,2634986700.6007824
2021,1,BA,5615836069.59,7394596292.931387
2021,1,CE,3779030890.71,4976001341.391991
2021,1,MA,3395468382.34,4470949223.175987
2021,1,PB,2200138481.19,2897010463.863316
2021,1,PE,3840782490.73,5057312146.574346
2021,1,PI,2202012956.39,2899478660.4405217
2021,1,RN,1980193767.27,2607400449.2459507
2021,1,SE,1879575913.53,2474912891.0179844
2021,2,AL,1551833859.1100001,2018276978.9203322
2021,2,BA,4494655122.36,5845637990.42776
2021,2,CE,3029456456.6000004,3940036614.8113146
2021,2,MA,3036036730.1200004,3948594756.833059
2021,2,PB,1794277370.53,2333593051.523765
2021,2,PE,3548449048.4199996,4615025624.846991
2021,2,PI,1745928905.81,2270712226.5323052
2021,2,RN,1595403326.68,2074942357.6682732
2021,2,SE,1514407368.33,1969601004.814206
2021,3,AL,1879913577.2299998,2412059284.583727
2021,3,BA,5110559981.190001,6557202310.44601
2021,3,CE,3490514648.2,4478571976.469235
2021,3,MA,3250143048.1100006,4170158570.252108
2021,3,PB,2019900931.4000003,2591672752.6919737
2021,3,PE,3710940981.9000006,4761394224.900067
2021,3,PI,1902571836.63,2441131400.249175
2021,3,RN,1927886407.8600001,2473611747.9152355
2021,3,SE,1783307856.99,2288107456.5469637
2021,4,AL,1651327236.5700004,2080519902.9784796
2021,4,BA,4866116906.639999,6130858166.860635
2021,4,CE,3544410849.7400002,4465630526.711378
2021,4,MA,2899858333.6000004,3653553847.6337957
2021,4,PB,1967267258.4799993,2478575169.781042
2021,4,PE,3703255858.0699997,4665760576.044176
2021,4,PI,1897386855.1099997,2390532311.3943324
2021,4,RN,1821062460.03,2294370618.2240763
2021,4,SE,1714775438.7600002,2160458781.5611935
2021,5,AL,1780297307.6799994,2189915780.723642
2021,5,BA,4725820761.06,5813157957.871225
2021,5,CE,3122962591.6899986,3841507276.705277
2021,5,MA,2847296793.499999,3502415104.258669
2021,5,PB,1768449965.9499998,2175342551.576898
2021,5,PE,3595914423.7899995,4423277903.538196
2021,5,PI,1783766873.9800005,2194183639.782835
2021,5,RN,1721883325.8799994,2118061658.3774
2021,5,SE,1519640896.7199998,1869286419.9726837
2021,6,AL,2010623434.0400002,2432206590.1076508
2021,6,BA,6166015074.139998,7458891726.877218
2021,6,CE,3997842406.61,4836101322.081391
2021,6,MA,3642532705.040001,4406291053.755163
2021,6,PB,2408226365.0600014,2913178040.4054523
2021,6,PE,4346781817.610001,5258205591.1424465
2021,6,PI,2302841058.8899994,2785695772.056394
2021,6,RN,2270084167.950001,2746070487.3477526
2021,6,SE,2063112183.81,2495701066.9628158
2022,1,AL,2503852096.39,2982463519.342455
2022,1,BA,6553695925.12,7806435149.150755
2022,1,CE,4434242241.55,5281847813.781676
2022,1,MA,4340095272.13,5169704647.595209
2022,1,PB,2800991473.08,3336401099.1283355
2022,1,PE,4754327309.77,5663117154.901615
2022,1,PI,2678792219.1499996,3190843453.186487
2022,1,RN,2462675454.0,2933415960.201782
2022,1,SE,2296651224.65,2735656193.130384
2022,2,AL,1953433679.3000002,2265722176.850091
2022,2,BA,6197240856.71,7187971720.32013
2022,2,CE,3983622106.0099993,4620469609.70359
2022,2,MA,3358986872.73,3895976162.354218
2022,2,PB,2434772113.3700004,2824010475.1421
2022,2,PE,4319343082.75,5009861105.45489
2022,2,PI,2288384828.04,2654220774.9358883
2022,2,RN,2156368123.9700003,2501099029.7260695
2022,2,SE,1836403709.1299999,2129983041.4087017
2022,3,AL,2565447507.89,2941945658.0422707
2022,3,BA,6568553730.97,7532536942.974991
2022,3,CE,4414012028.610001,5061800517.133147
2022,3,MA,4138164627.24,4745470495.861275
2022,3,PB,2654742276.0999994,3044345085.35987
2022,3,PE,4765874207.2699995,5465301039.188055
2022,3,PI,2712438223.61,3110508334.360933
2022,3,RN,3025192199.53,3469161239.4246807
2022,3,SE,2405536425.43,2758566456.8428016
2022,4,AL,2014727621.1300006,2334626572.208185
2022,4,BA,5615040135.469999,6506597599.992821
2022,4,CE,4745199134.78,5498643029.603777
2022,4,MA,3333721421.34,3863050534.957551
2022,4,PB,2296838050.15,2661530565.0753403
2022,4,PE,7691976457.209999,8913310385.713675
2022,4,PI,2130866000.9,2469205432.705552
2022,4,RN,2041008463.1299999,2365080292.815237
2022,4,SE,1867923168.3000004,2164512471.9690804
2022,5,AL,1831548802.18,2116050628.7204454
2022,5,BA,13215758627.880001,15268615458.270914
2022,5,CE,3382807233.7700005,3908272258.6147013
2022,5,MA,3474444693.25,4014144132.471514
2022,5,PB,2088018262.1500008,2412358519.272508
2022,5,PE,3986277503.1000004,4605481986.965879
2022,5,PI,2021580936.3,2335601216.9456096
2022,5,RN,1839406082.6399999,2125128412.09025
2022,5,SE,1692932902.2199998,1955902964.67137
2022,6,AL,3003682633.069999,3434791051.812599
2022,6,BA,6560869128.829999,7502528505.412053
2022,6,CE,5958061605.1,6813202054.71547
2022,6,MA,4235397048.5099998,4843289275.2809725
2022,6,PB,2807656782.339999,3210630273.107699
2022,6,PE,5673905791.940001,6488262317.868194
2022,6,PI,2610222940.2799997,2984859418.834872
2022,6,RN,2527635421.270001,2890418392.288398
2022,6,SE,2289296555.3299994,2617871554.2780313
2023,1,AL,2774896613.4,3130145796.31746
2023,1,BA,7009427224.5,7906791573.931377
2023,1,CE,4899903829.89,5527201734.805364
2023,1,MA,4652586541.25,5248222270.253493
2023,1,PB,3033561008.0499997,3421925051.6817336
2023,1,PE,5536062014.36,6244802476.1432085
2023,1,PI,3277872317.37,3697513703.9464436
2023,1,RN,2556263074.97,2883522247.192811
2023,1,SE,2526115803.7400002,2849515447.1357083
2023,2,AL,2073586300.7599998,2308480071.7033195
2023,2,BA,5506519866.46,6130292899.553934
2023,2,CE,3788689629.24,4217868580.5186887
2023,2,MA,3506901381.0099998,3904159642.8965964
2023,2,PB,2361698893.34,2629229769.043594
2023,2,PE,4352934611.250001,4846030666.683746
2023,2,PI,2388664286.3300004,2659249774.634993
2023,2,RN,2106223972.5400002,2344814906.121984
2023,2,SE,1960016139.6699998,2182044796.971658
2023,3,AL,2425870941.5000005,2696631177.3228703
2023,3,BA,6854257707.83,7619286218.462651
2023,3,CE,6199041386.97,6890938832.583443
2023,3,MA,3999117865.35,4445473884.453012
2023,3,PB,2737435192.43,3042970241.9548798
2023,3,PE,8068827560.059999,8969418607.836445
2023,3,PI,3055652063.2999997,3396704449.51646
2023,3,RN,2330063023.4500003,2590129790.7782617
2023,3,SE,2252740898.56,2504177463.674537
2023,4,AL,2178912041.589999,2413653850.604929
2023,4,BA,12165228307.88,13475830868.040035
2023,4,CE,3855280489.9600005,4270623330.42307
2023,4,MA,3991085097.6299996,4421058643.081856
2023,4,PB,2164295390.77,2397462496.910406
2023,4,PE,4250397137.7499995,4708307275.517303
2023,4,PI,2608272642.5400004,2889270969.6074867
2023,4,RN,2018862345.5499997,2236361441.47528
2023,4,SE,1952748778.7799997,2163125229.1061053
2023,5,AL,2076195433.4100003,2288414869.2010264
2023,5,BA,5452835014.710002,6010199486.118503
2023,5,CE,3711390650.5600004,4090752447.232633
2023,5,MA,3636732387.210001,4008462949.235685
2023,5,PB,2245557063.0300007,2475087889.118988
2023,5,PE,4116304504.330002,4537054788.9109745
2023,5,PI,2106736006.8699996,2322077163.8459
2023,5,RN,2040305588.47,2248856524.407289
2023,5,SE,1962397247.67,2162984740.541221
2023,6,AL,3171808102.069999,3466840358.516549
2023,6,BA,8733321493.919998,9545669361.038067
2023,6,CE,5864303296.880001,6409783533.542586
2023,6,MA,5155440177.44,5634984052.598357
2023,6,PB,3824962242.4200006,4180748975.0623536
2023,6,PE,5594243743.759998,6114603835.455445
2023,6,PI,3083307404.3499994,3370107586.3124766
2023,6,RN,3477660665.2699995,3801142427.1585608
2023,6,SE,2949713416.14,3224087078.4263444
2024,1,AL,3294000693.13,3555827149.3378377
2024,1,BA,8486522436.900001,9161080915.23185
2024,1,CE,5740775627.43,6197086077.378956
2024,1,MA,5680039725.7,6131522530.6676655
2024,1,PB,3406513193.61,3677282801.9371433
2024,1,PE,6244758946.41,6741128940.569619
2024,1,PI,3361913415.11,3629137971.9814277
2024,1,RN,3025983141.05,3266505993.403424
2024,1,SE,2977478931.46,3214146385.320461
2024,2,AL,3123188611.53,3353309663.3552227
2024,2,BA,13444365953.9,14434966272.757803
2024,2,CE,6589369264.62,7074883517.726958
2024,2,MA,7771011126.499999,8343590460.189244
2024,2,PB,2808999520.56,3015970665.9661517
2024,2,PE,8132932919.2,8732179173.774883
2024,2,PI,3035180688.66,3258817189.5026045
2024,2,RN,2526334302.82,2712478266.3580456
2024,2,SE,2383506041.28,2559126212.0331287
2024,3,AL,2980018615.87,3178265613.788119
2024,3,BA,7813156094.32,8332929605.705395
2024,3,CE,5301594816.090001,5654285651.936093
2024,3,MA,5187399314.340001,5532493246.167733
2024,3,PB,3275324671.15,3493217029.205982
2024,3,PE,5677656359.89,6055364848.878852
2024,3,PI,3173573702.5999994,3384697034.468402
2024,3,RN,2847390597.11,3036814460.025212
2024,3,SE,2787318679.079999,2972746232.25902
2024,4,AL,2564461566.5499997,2725254610.722866
2024,4,BA,6501434331.669998,6909077570.045987
2024,4,CE,4661065392.249999,4953316562.353102
2024,4,MA,4556822562.63,4842537654.311642
2024,4,PB,2646779700.47,2812734133.4959006
2024,4,PE,4787055551.219998,5087206368.352658
2024,4,PI,2751307152.920001,2923815510.363526
2024,4,RN,2568269404.88,2729301202.452327
2024,4,SE,2256540046.800001,2398026255.1158786
2024,5,AL,2352721156.31,2475422747.208725
2024,5,BA,6105858752.420001,6424297926.869335
2024,5,CE,4169855357.519999,4387326044.521319
2024,5,MA,4038885825.0199995,4249526051.065965
2024,5,PB,2436009469.580001,2563054800.285754
2024,5,PE,4603222428.25,4843294531.011567
2024,5,PI,2606687174.899999,2742633868.9983244
2024,5,RN,2329201868.6799994,2450676856.927039
2024,5,SE,2144943103.309999,2256808434.4213867
2024,6,AL,3246633805.31,3385082767.210271
2024,6,BA,8304368446.640001,8658498681.0983
2024,6,CE,5745257710.690001,5990257613.233246
2024,6,MA,6968525409.71,7265690155.352722
2024,6,PB,3394461154.66,3539214043.7307763
2024,6,PE,6122009640.529999,6383075695.497013
2024,6,PI,3216005328.8599997,3353148174.634037
2024,6,RN,3563369502.979999,3715325294.15909
2024,6,SE,3030324947.7900004,3159549667.4229426
2025,1,AL,3540583773.7999997,3638012852.1081724
2025,1,BA,8993583330.91,9241066963.722866
2025,1,CE,6156510325.05,6325923948.589431
2025,1,MA,5929926452.72,6093104986.440637
2025,1,PB,3771500149.2,3875283538.2825623
2025,1,PE,6461040995.39,6638834633.1935625
2025,1,PI,3636363904.06,3736428640.8944654
2025,1,RN,3528770158.93,3625874152.539771
2025,1,SE,3225518413.38,3314277585.9229984
2025,2,AL,2693630360.54,2740555650.1845655
2025,2,BA,7071089169.58,7194273446.177837
2025,2,CE,4888175051.86,4973331142.13212
2025,2,MA,4599589968.6,4679718665.797905
2025,2,PB,2798072277.02,2846817032.0424633
2025,2,PE,5345250832.26,5438369564.214139
2025,2,PI,2884328443.9599996,2934575853.421091
2025,2,RN,2690838125.4,2737714771.977343
2025,2,SE,2569657773.33,2614423357.007467
2025,3,AL,3459589544.8400006,3502325003.407244
2025,3,BA,8844611310.83,8953866618.524263
2025,3,CE,5988762139.400001,6062739844.835934
2025,3,MA,5752636491.030001,5823697394.4199705
2025,3,PB,3553785644.410001,3597684684.222417
2025,3,PE,6241678068.889999,6318779982.584058
2025,3,PI,3546120606.2799997,3589924961.762042
2025,3,RN,3230916245.72,3270826959.2782426
2025,3,SE,3165012427.01,3204109046.9084606
2025,4,AL,2606753491.949999,2635009099.0362406
2025,4,BA,7326793366.530003,7406211307.354123
2025,4,CE,5808435163.21,5871395033.510126
2025,4,MA,7520565564.679999,7602083877.139594
2025,4,PB,2811351135.95,2841824455.8569927
2025,4,PE,6387695306.400001,6456934000.937724
2025,4,PI,2969444731.980001,3001631689.3851576
2025,4,RN,2674928530.6199994,2703923113.2602005
2025,4,SE,2544796904.649999,2572380940.376479
2025,5,AL,3691332755.1200004,3710180478.687678
2025,5,BA,10630051033.769999,10684327436.545366
2025,5,CE,4719956435.9800005,4744056250.344728
2025,5,MA,4367293433.780001,4389592572.015275
2025,5,PB,2632225998.0799994,2645665986.092636
2025,5,PE,5021112986.540001,5046750488.182495
2025,5,PI,2991864047.009999,3007140325.322189
2025,5,RN,3310566488.01,3327470041.86379
2025,5,SE,2547917518.0799994,2560927032.0522647
2025,6,AL,3806534620.0600004,3806534620.0600004
2025,6,BA,9660213893.72,9660213893.72
2025,6,CE,7196765687.459998,7196765687.459998
2025,6,MA,6848214085.66,6848214085.66
2025,6,PB,4217680562.030001,4217680562.030001
2025,6,PE,7214682208.850001,7214682208.850001
2025,6,PI,3892498137.1800017,3892498137.1800017
2025,6,RN,3581730117.2400007,3581730117.2400007
2025,6,SE,3513472161.7900014,3513472161.7900014
